provider_id,name,city,state,latitude,longitude,specialty,secondary_specialty,specialty_category,experience_years,service_cost,wait_time_days,patient_rating,risk_rate,certified,background_check_passed,network_type,capacity,telehealth_available,hospital_affiliation,CMS_quality_score,region,target,keep_prob
P00001,Provider_1,City_1,WA,47.7511,-120.7401,Endocrinology,Ophthalmology,Specialty Care,1,400,5,2.87,0.96,False,True,Out-of-network,69,True,Hospital_1,3.11,West,1,0.99988866
P00002,Provider_2,City_2,NY,43.3494,-74.1679,Orthopedics,Ophthalmology,Surgical,23,400,56,1.51,0.89,True,True,Out-of-network,137,True,Hospital_2,4.82,East,1,0.99988866
P00003,Provider_3,City_3,AZ,34.1489,-110.9937,Psychiatry,Pediatrics,Specialty Care,9,250,40,4.37,0.09,False,True,Out-of-network,117,False,Hospital_3,4.64,West,1,0.9998622
P00004,Provider_4,City_4,CO,39.7001,-105.6321,Orthopedics,Neurology,Surgical,24,400,11,1.71,0.22,False,False,In-network,221,False,Hospital_4,4.25,West,1,0.9998615
P00005,Provider_5,City_5,PA,41.4033,-76.9945,Ophthalmology,Ophthalmology,Specialty Care,11,180,60,3.86,0.0,True,True,In-network,398,True,Hospital_5,2.67,West,1,0.999603
P00006,Provider_6,City_6,FL,28.2444,-81.5103,General Practice,ENT,Primary Care,2,100,55,4.06,0.63,True,False,Out-of-network,232,True,Hospital_6,2.98,North,1,0.99982846
P00007,Provider_7,City_7,AZ,34.3489,-110.7937,Gastroenterology,ENT,Specialty Care,5,420,26,4.67,0.74,False,False,Out-of-network,284,True,Hospital_7,2.53,East,1,0.99953103
P00008,Provider_8,City_8,CA,37.1283,-119.0679,Endocrinology,Cardiology,Specialty Care,15,400,49,1.95,0.33,False,True,In-network,130,False,Hospital_8,4.65,South,1,0.9998615
P00009,Provider_9,City_9,MA,42.8072,-70.9824,General Practice,Gastroenterology,Primary Care,31,100,59,1.27,0.09,True,False,Out-of-network,232,True,Hospital_9,2.63,South,1,0.99962914
P00010,Provider_10,City_10,NV,39.2526,-115.9694,Endocrinology,Psychiatry,Specialty Care,35,400,40,4.0,0.58,True,False,In-network,295,False,Hospital_10,3.27,West,1,0.9998808
P00011,Provider_11,City_11,MI,44.3148,-85.6024,ENT,Orthopedics,Specialty Care,36,220,11,1.77,0.78,True,False,In-network,385,True,Hospital_11,3.59,South,1,0.9998802
P00012,Provider_12,City_12,PA,41.2533,-77.1445,Dermatology,Ophthalmology,Specialty Care,39,200,15,1.05,0.28,False,False,In-network,117,False,Hospital_12,2.25,East,1,0.99945515
P00013,Provider_13,City_13,TX,32.0686,-99.8018,Orthopedics,Neurology,Surgical,28,400,22,4.04,0.37,True,True,In-network,500,False,Hospital_13,3.26,South,1,0.9998517
P00014,Provider_14,City_14,NC,35.9096,-78.8693,General Practice,Endocrinology,Primary Care,19,100,54,2.21,0.61,True,True,In-network,67,True,Hospital_14,2.96,East,1,0.9998276
P00015,Provider_15,City_15,NC,35.9596,-78.8193,Orthopedics,Psychiatry,Surgical,3,400,31,3.32,0.87,False,True,Out-of-network,394,True,Hospital_15,3.3,West,1,0.9998808
P00016,Provider_16,City_16,FL,28.2444,-81.5103,Neurology,General Practice,Specialty Care,27,450,8,1.51,0.34,False,False,In-network,433,True,Hospital_16,2.64,North,0,0.003107414
P00017,Provider_17,City_17,CA,37.0783,-119.1179,Pediatrics,Neurology,Primary Care,34,150,39,4.63,0.66,True,False,Out-of-network,61,True,Hospital_17,2.93,South,1,0.9997981
P00018,Provider_18,City_18,GA,32.5156,-82.5501,Cardiology,Neurology,Specialty Care,8,500,20,1.9,0.73,False,True,Out-of-network,157,True,Hospital_18,3.11,East,1,0.9991364
P00019,Provider_19,City_19,WA,48.1511,-120.3401,General Practice,Neurology,Primary Care,37,100,19,4.01,0.39,False,False,In-network,418,False,Hospital_19,2.11,South,1,0.9994167
P00020,Provider_20,City_20,TX,32.4186,-99.4518,Endocrinology,General Practice,Specialty Care,18,400,25,1.14,0.34,True,True,Out-of-network,132,False,Hospital_20,2.04,South,1,0.99945515
P00021,Provider_21,City_21,MA,42.4072,-71.3824,Pediatrics,Dermatology,Primary Care,1,150,27,1.77,0.36,False,True,In-network,371,False,Hospital_21,3.46,North,1,0.999851
P00022,Provider_22,City_22,NY,43.3494,-74.1679,ENT,General Practice,Specialty Care,35,220,27,2.29,0.31,False,True,In-network,220,True,Hospital_22,2.37,East,1,0.99945515
P00023,Provider_23,City_23,AZ,34.1489,-110.9937,Neurology,Psychiatry,Specialty Care,19,450,59,4.88,0.4,True,False,Out-of-network,277,False,Hospital_23,4.71,East,1,0.99893385
P00024,Provider_24,City_24,IL,40.7831,-89.2485,Dermatology,Urology,Specialty Care,27,200,46,4.47,0.38,False,False,Out-of-network,484,True,Hospital_24,1.14,West,1,0.9994167
P00025,Provider_25,City_25,IL,40.8331,-89.1985,Dermatology,General Practice,Specialty Care,4,200,46,3.11,0.86,True,False,In-network,136,False,Hospital_25,3.1,South,1,0.99988925
P00026,Provider_26,City_26,NV,39.0526,-116.1694,Cardiology,Orthopedics,Specialty Care,36,500,26,1.16,0.67,True,False,Out-of-network,299,True,Hospital_26,4.0,South,1,0.9990707
P00027,Provider_27,City_27,NV,39.1026,-116.1194,Neurology,Orthopedics,Specialty Care,20,450,59,4.03,0.01,True,True,In-network,383,True,Hospital_27,4.26,West,1,0.9988501
P00028,Provider_28,City_28,NC,36.1096,-78.6693,Dermatology,Urology,Specialty Care,14,200,44,3.67,0.27,True,False,In-network,319,False,Hospital_28,4.78,South,1,0.9998517
P00029,Provider_29,City_29,GA,32.5656,-82.5001,Dermatology,Orthopedics,Specialty Care,38,200,16,1.0,0.08,False,True,In-network,131,False,Hospital_29,2.36,West,1,0.99945515
P00030,Provider_30,City_30,AZ,34.4989,-110.6437,General Practice,Dermatology,Primary Care,7,100,60,4.71,0.66,True,False,In-network,156,True,Hospital_30,4.82,South,1,0.99988925
P00031,Provider_31,City_31,PA,41.2033,-77.1945,Dermatology,Dermatology,Specialty Care,30,200,14,4.92,0.35,True,False,In-network,396,True,Hospital_31,1.2,South,1,0.9994167
P00032,Provider_32,City_32,MA,42.4572,-71.3324,Gastroenterology,Urology,Specialty Care,10,420,8,4.54,0.97,False,False,Out-of-network,208,True,Hospital_32,1.01,East,1,0.9995641
P00033,Provider_33,City_33,NV,38.9026,-116.3194,Urology,Neurology,Specialty Care,21,380,54,3.85,0.39,False,True,In-network,384,False,Hospital_33,3.45,West,1,0.9998517
P00034,Provider_34,City_34,MI,44.4648,-85.4524,Pediatrics,ENT,Primary Care,6,150,15,4.13,0.76,True,False,Out-of-network,313,True,Hospital_34,3.72,West,1,0.9998808
P00035,Provider_35,City_35,NC,35.9596,-78.8193,Urology,Gastroenterology,Specialty Care,5,380,53,3.74,0.32,True,False,In-network,73,False,Hospital_35,2.71,North,1,0.99965656
P00036,Provider_36,City_36,OH,40.6673,-82.6571,Neurology,Neurology,Specialty Care,30,450,28,2.93,0.0,True,False,In-network,238,False,Hospital_36,3.99,West,1,0.99892586
P00037,Provider_37,City_37,CA,37.0783,-119.1179,Urology,Neurology,Specialty Care,6,380,9,2.67,0.52,True,True,In-network,436,True,Hospital_37,4.26,North,1,0.9998802
P00038,Provider_38,City_38,PA,41.5533,-76.8445,Psychiatry,ENT,Specialty Care,27,250,20,3.93,0.45,False,True,In-network,102,True,Hospital_38,4.79,West,1,0.9998622
P00039,Provider_39,City_39,MI,44.7148,-85.2024,Cardiology,Pediatrics,Specialty Care,6,500,39,3.1,0.97,True,False,Out-of-network,112,True,Hospital_39,3.44,East,1,0.9991406
P00040,Provider_40,City_40,OH,40.8673,-82.4571,Urology,Orthopedics,Specialty Care,21,380,5,3.79,0.65,True,False,Out-of-network,499,True,Hospital_40,3.28,East,1,0.9998808
P00041,Provider_41,City_41,NY,43.2994,-74.2179,Dermatology,General Practice,Specialty Care,22,200,30,4.94,0.09,True,False,Out-of-network,457,True,Hospital_41,2.62,East,1,0.999603
P00042,Provider_42,City_42,OH,40.4673,-82.8571,Cardiology,Psychiatry,Specialty Care,32,500,57,5.0,0.24,True,True,Out-of-network,343,True,Hospital_42,2.22,South,0,0.0021275654
P00043,Provider_43,City_43,IL,40.7331,-89.2985,Orthopedics,Orthopedics,Surgical,24,400,21,4.24,0.24,False,False,In-network,313,True,Hospital_43,4.2,North,1,0.9998517
P00044,Provider_44,City_44,WA,47.9011,-120.5901,Orthopedics,ENT,Surgical,10,400,32,1.36,0.43,True,False,Out-of-network,397,False,Hospital_44,4.95,West,1,0.999851
P00045,Provider_45,City_45,TX,32.1686,-99.7018,Gastroenterology,Endocrinology,Specialty Care,22,420,45,3.47,0.78,True,False,Out-of-network,489,False,Hospital_45,1.57,West,1,0.99953103
P00046,Provider_46,City_46,CA,37.0283,-119.1679,Cardiology,ENT,Specialty Care,3,500,38,1.16,0.53,False,False,In-network,491,True,Hospital_46,3.94,West,1,0.9990707
P00047,Provider_47,City_47,MI,44.6148,-85.3024,Endocrinology,Dermatology,Specialty Care,36,400,18,2.9,0.03,True,True,Out-of-network,307,False,Hospital_47,1.3,South,1,0.9994137
P00048,Provider_48,City_48,OH,40.7673,-82.5571,Pediatrics,Gastroenterology,Primary Care,20,150,34,3.61,0.01,True,True,Out-of-network,351,True,Hospital_48,4.39,East,1,0.9998517
P00049,Provider_49,City_49,GA,32.5656,-82.5001,Dermatology,Dermatology,Specialty Care,32,200,44,3.13,0.8,True,True,Out-of-network,391,True,Hospital_49,2.68,South,1,0.99968076
P00050,Provider_50,City_50,GA,32.6156,-82.4501,Ophthalmology,Ophthalmology,Specialty Care,23,180,51,1.43,0.86,True,False,In-network,92,False,Hospital_50,3.96,South,1,0.99988866
P00051,Provider_51,City_51,NV,38.8026,-116.4194,ENT,Ophthalmology,Specialty Care,19,220,51,3.35,0.54,True,False,Out-of-network,335,True,Hospital_51,2.7,North,1,0.99970275
P00052,Provider_52,City_52,NY,43.3494,-74.1679,Ophthalmology,Gastroenterology,Specialty Care,13,180,28,2.9,0.61,False,False,Out-of-network,290,True,Hospital_52,2.23,South,1,0.99952865
P00053,Provider_53,City_53,PA,41.3033,-77.0945,Endocrinology,General Practice,Specialty Care,21,400,27,4.32,0.78,True,False,Out-of-network,395,True,Hospital_53,1.92,West,1,0.99953103
P00054,Provider_54,City_54,NV,38.9526,-116.2694,ENT,Orthopedics,Specialty Care,27,220,5,3.02,0.53,True,False,In-network,53,False,Hospital_54,4.04,West,1,0.99989164
P00055,Provider_55,City_55,NV,39.0026,-116.2194,Pediatrics,Ophthalmology,Primary Care,6,150,57,1.47,0.72,False,False,Out-of-network,433,False,Hospital_55,4.9,North,1,0.9998802
P00056,Provider_56,City_56,NC,36.0096,-78.7693,Neurology,Gastroenterology,Specialty Care,17,450,23,3.77,0.31,False,True,Out-of-network,414,True,Hospital_56,3.99,East,1,0.9988501
P00057,Provider_57,City_57,PA,41.5033,-76.8945,General Practice,Pediatrics,Primary Care,3,100,28,2.72,0.72,False,True,Out-of-network,433,True,Hospital_57,3.26,East,1,0.9998802
P00058,Provider_58,City_58,NC,36.1096,-78.6693,Dermatology,Endocrinology,Specialty Care,13,200,32,1.39,0.48,False,True,In-network,76,False,Hospital_58,2.62,East,1,0.9997018
P00059,Provider_59,City_59,IL,41.0331,-88.9985,Dermatology,Cardiology,Specialty Care,35,200,52,4.79,0.12,True,False,In-network,93,False,Hospital_59,1.74,North,1,0.999458
P00060,Provider_60,City_60,MI,44.7648,-85.1524,Neurology,Pediatrics,Specialty Care,25,450,29,1.19,0.63,True,False,Out-of-network,476,True,Hospital_60,1.28,West,0,0.0026315362
P00061,Provider_61,City_61,WA,47.7511,-120.7401,Gastroenterology,ENT,Specialty Care,27,420,52,1.15,0.38,False,False,Out-of-network,134,False,Hospital_61,3.14,East,1,0.9998615
P00062,Provider_62,City_62,TX,32.0186,-99.8518,Urology,General Practice,Specialty Care,1,380,13,1.33,0.59,False,True,Out-of-network,469,False,Hospital_62,2.1,South,1,0.99952865
P00063,Provider_63,City_63,NY,43.3994,-74.1179,Neurology,Psychiatry,Specialty Care,31,450,32,2.12,0.12,True,False,Out-of-network,311,True,Hospital_63,4.85,East,1,0.99884427
P00064,Provider_64,City_64,OH,40.5673,-82.7571,Psychiatry,Dermatology,Specialty Care,28,250,38,2.29,0.5,True,False,In-network,238,True,Hospital_64,4.31,North,1,0.99988866
P00065,Provider_65,City_65,NV,39.0026,-116.2194,Orthopedics,Cardiology,Surgical,6,400,44,4.49,0.75,False,False,Out-of-network,412,True,Hospital_65,1.53,West,1,0.99953103
P00066,Provider_66,City_66,AZ,34.2989,-110.8437,Gastroenterology,Pediatrics,Specialty Care,31,420,29,4.87,0.5,False,False,Out-of-network,441,True,Hospital_66,3.32,East,1,0.9998808
P00067,Provider_67,City_67,NC,36.0596,-78.7193,Gastroenterology,General Practice,Specialty Care,25,420,19,4.87,0.83,True,True,In-network,358,True,Hospital_67,2.33,North,1,0.99953103
P00068,Provider_68,City_68,CO,39.9001,-105.4321,Orthopedics,Psychiatry,Surgical,1,400,14,3.69,0.57,False,False,Out-of-network,226,False,Hospital_68,4.3,West,1,0.99988925
P00069,Provider_69,City_69,NC,36.1596,-78.6193,ENT,Urology,Specialty Care,16,220,49,4.52,0.97,False,True,In-network,52,False,Hospital_69,1.29,South,1,0.9995641
P00070,Provider_70,City_70,WA,48.2011,-120.2901,Dermatology,General Practice,Specialty Care,34,200,23,1.83,0.83,False,True,In-network,130,False,Hospital_70,2.93,North,1,0.99979717
P00071,Provider_71,City_71,NV,38.8026,-116.4194,ENT,General Practice,Specialty Care,10,220,17,3.17,0.98,False,True,Out-of-network,306,False,Hospital_71,4.73,East,1,0.9998808
P00072,Provider_72,City_72,FL,28.0444,-81.7103,Psychiatry,Dermatology,Specialty Care,4,250,22,1.22,0.6,False,False,In-network,248,True,Hospital_72,2.17,West,1,0.99956197
P00073,Provider_73,City_73,MI,44.4148,-85.5024,Cardiology,General Practice,Specialty Care,10,500,13,2.7,0.24,True,False,In-network,368,True,Hospital_73,1.2,North,0,0.0021167668
P00074,Provider_74,City_74,CA,36.9283,-119.2679,Dermatology,Pediatrics,Specialty Care,15,200,35,1.11,0.29,True,True,Out-of-network,418,False,Hospital_74,3.19,East,1,0.999851
P00075,Provider_75,City_75,AZ,34.2489,-110.8937,Ophthalmology,Neurology,Specialty Care,5,180,20,1.54,0.11,True,True,Out-of-network,472,True,Hospital_75,1.04,South,1,0.9994137
P00076,Provider_76,City_76,NY,43.5494,-73.9679,Psychiatry,Orthopedics,Specialty Care,40,250,54,1.85,0.27,True,True,In-network,106,True,Hospital_76,1.64,South,1,0.99945515
P00077,Provider_77,City_77,GA,32.4656,-82.6001,Pediatrics,Gastroenterology,Primary Care,23,150,8,4.43,0.07,True,False,In-network,152,True,Hospital_77,2.78,West,1,0.9997155
P00078,Provider_78,City_78,AZ,34.3989,-110.7437,Endocrinology,Pediatrics,Specialty Care,29,400,17,4.56,0.05,False,False,Out-of-network,418,True,Hospital_78,2.79,South,1,0.9996939
P00079,Provider_79,City_79,NV,39.2026,-116.0194,Pediatrics,Ophthalmology,Primary Care,24,150,24,4.97,0.13,False,True,Out-of-network,185,True,Hospital_79,1.14,North,1,0.999458
P00080,Provider_80,City_80,WA,48.2011,-120.2901,Pediatrics,Neurology,Primary Care,5,150,47,1.58,0.39,False,True,In-network,320,False,Hospital_80,2.49,North,1,0.9994137
P00081,Provider_81,City_81,CA,36.7783,-119.4179,Cardiology,Endocrinology,Specialty Care,19,500,52,1.03,0.91,False,False,Out-of-network,139,True,Hospital_81,1.14,South,0,0.0028312707
P00082,Provider_82,City_82,CA,36.8283,-119.3679,Ophthalmology,Neurology,Specialty Care,40,180,15,2.5,0.09,False,False,Out-of-network,481,False,Hospital_82,4.48,West,1,0.999851
P00083,Provider_83,City_83,CO,39.6501,-105.6821,Dermatology,General Practice,Specialty Care,3,200,60,4.75,0.4,True,True,Out-of-network,463,True,Hospital_83,2.73,East,1,0.99963033
P00084,Provider_84,City_84,CO,39.7001,-105.6321,Psychiatry,Urology,Specialty Care,2,250,53,2.14,0.73,True,False,In-network,231,False,Hospital_84,2.95,West,1,0.9998276
P00085,Provider_85,City_85,CO,39.7501,-105.5821,Neurology,ENT,Specialty Care,19,450,55,3.46,0.2,False,False,In-network,69,False,Hospital_85,2.96,North,0,0.015657445
P00086,Provider_86,City_86,OH,40.6673,-82.6571,Dermatology,Ophthalmology,Specialty Care,7,200,52,1.23,0.55,True,False,In-network,225,False,Hospital_86,2.42,North,1,0.99956197
P00087,Provider_87,City_87,MI,44.6148,-85.3024,Neurology,Neurology,Specialty Care,28,450,23,1.32,0.07,False,False,In-network,184,True,Hospital_87,2.21,West,0,0.002277519
P00088,Provider_88,City_88,CA,37.1283,-119.0679,General Practice,ENT,Primary Care,29,100,28,1.41,0.34,False,True,In-network,477,True,Hospital_88,1.83,South,1,0.9994137
P00089,Provider_89,City_89,AZ,34.4489,-110.6937,Cardiology,General Practice,Specialty Care,7,500,44,2.26,0.57,True,False,Out-of-network,357,True,Hospital_89,4.56,South,1,0.9990707
P00090,Provider_90,City_90,MA,42.8572,-70.9324,Orthopedics,Neurology,Surgical,7,400,31,2.48,0.42,True,True,Out-of-network,103,False,Hospital_90,2.79,West,1,0.9997141
P00091,Provider_91,City_91,MI,44.3148,-85.6024,Gastroenterology,Gastroenterology,Specialty Care,12,420,45,2.93,0.62,True,True,Out-of-network,342,False,Hospital_91,4.07,South,1,0.9998802
P00092,Provider_92,City_92,TX,32.0186,-99.8518,Urology,ENT,Specialty Care,5,380,28,2.37,0.12,False,True,Out-of-network,132,True,Hospital_92,4.94,West,1,0.9998615
P00093,Provider_93,City_93,CO,39.6501,-105.6821,Cardiology,Endocrinology,Specialty Care,27,500,16,3.44,0.7,False,False,Out-of-network,360,True,Hospital_93,3.38,East,1,0.9990753
P00094,Provider_94,City_94,NC,35.9096,-78.8693,Dermatology,Dermatology,Specialty Care,13,200,26,4.38,0.38,True,True,Out-of-network,407,False,Hospital_94,1.82,East,1,0.9994167
P00095,Provider_95,City_95,AZ,34.2489,-110.8937,ENT,Orthopedics,Specialty Care,37,220,59,3.8,0.83,False,False,In-network,76,True,Hospital_95,3.65,North,1,0.99988925
P00096,Provider_96,City_96,CO,39.8001,-105.5321,Neurology,Gastroenterology,Specialty Care,38,450,36,1.29,0.37,False,True,Out-of-network,378,False,Hospital_96,2.54,West,0,0.0021167668
P00097,Provider_97,City_97,WA,48.0511,-120.4401,Urology,Ophthalmology,Specialty Care,40,380,28,3.72,0.92,True,True,In-network,278,False,Hospital_97,4.89,South,1,0.9998895
P00098,Provider_98,City_98,NC,36.1096,-78.6693,Urology,Ophthalmology,Specialty Care,26,380,8,4.84,0.0,True,False,Out-of-network,194,True,Hospital_98,3.62,North,1,0.9998622
P00099,Provider_99,City_99,CO,39.9501,-105.3821,Endocrinology,Dermatology,Specialty Care,31,400,41,4.04,0.95,False,False,In-network,428,True,Hospital_99,2.58,West,1,0.99968076
P00100,Provider_100,City_100,CA,37.2283,-118.9679,Orthopedics,Neurology,Surgical,2,400,58,1.24,0.63,False,True,Out-of-network,233,False,Hospital_100,1.58,North,1,0.99956197
P00101,Provider_101,City_101,NV,38.8026,-116.4194,Dermatology,Endocrinology,Specialty Care,3,200,9,2.25,0.82,True,True,In-network,351,True,Hospital_1,3.85,South,1,0.9998802
P00102,Provider_102,City_102,IL,40.6831,-89.3485,Endocrinology,Gastroenterology,Specialty Care,30,400,16,3.56,0.59,True,False,In-network,201,False,Hospital_2,1.7,North,1,0.9995641
P00103,Provider_103,City_103,OH,40.5173,-82.8071,Gastroenterology,Gastroenterology,Specialty Care,22,420,11,1.27,0.68,False,False,Out-of-network,496,True,Hospital_3,2.67,North,1,0.9996792
P00104,Provider_104,City_104,TX,32.1186,-99.7518,Psychiatry,ENT,Specialty Care,4,250,15,4.8,0.23,False,False,In-network,166,True,Hospital_4,2.23,South,1,0.999458
P00105,Provider_105,City_105,MI,44.5148,-85.4024,Psychiatry,Dermatology,Specialty Care,24,250,24,3.47,0.72,True,True,In-network,387,True,Hospital_5,2.23,South,1,0.99953103
P00106,Provider_106,City_106,AZ,34.2989,-110.8437,Pediatrics,Pediatrics,Primary Care,20,150,24,3.7,0.89,True,True,In-network,491,False,Hospital_6,4.9,East,1,0.9998808
P00107,Provider_107,City_107,CA,37.0783,-119.1179,Dermatology,Gastroenterology,Specialty Care,32,200,37,2.52,0.61,False,True,In-network,189,False,Hospital_7,2.85,South,1,0.9997701
P00108,Provider_108,City_108,CA,37.1283,-119.0679,Urology,Orthopedics,Specialty Care,9,380,56,4.03,0.81,True,False,In-network,129,True,Hospital_8,1.64,South,1,0.9995641
P00109,Provider_109,City_109,NC,36.1596,-78.6193,ENT,Ophthalmology,Specialty Care,26,220,41,1.55,0.55,True,True,Out-of-network,128,True,Hospital_9,3.22,South,1,0.99988866
P00110,Provider_110,City_110,MI,44.7648,-85.1524,Cardiology,Dermatology,Specialty Care,39,500,11,2.98,0.09,True,False,Out-of-network,130,True,Hospital_10,3.49,North,1,0.99892586
P00111,Provider_111,City_111,IL,40.6331,-89.3985,Pediatrics,Orthopedics,Primary Care,18,150,12,2.42,0.2,False,False,Out-of-network,154,False,Hospital_11,3.62,South,1,0.9998615
P00112,Provider_112,City_112,NC,35.8096,-78.9693,Orthopedics,ENT,Surgical,15,400,31,1.5,0.4,False,True,Out-of-network,159,False,Hospital_12,2.01,East,1,0.99945515
P00113,Provider_113,City_113,NC,35.8596,-78.9193,Psychiatry,Cardiology,Specialty Care,21,250,19,3.33,0.73,True,False,In-network,95,True,Hospital_13,1.81,East,1,0.9995641
P00114,Provider_114,City_114,WA,47.9011,-120.5901,Gastroenterology,Orthopedics,Specialty Care,15,420,18,2.14,0.66,True,True,Out-of-network,103,False,Hospital_14,4.82,South,1,0.99988866
P00115,Provider_115,City_115,MI,44.5148,-85.4024,Psychiatry,General Practice,Specialty Care,18,250,7,2.73,0.71,True,True,In-network,176,True,Hospital_15,2.9,East,1,0.99979717
P00116,Provider_116,City_116,IL,40.8831,-89.1485,Gastroenterology,Psychiatry,Specialty Care,5,420,26,3.85,0.91,False,True,Out-of-network,82,False,Hospital_16,2.57,North,1,0.99970335
P00117,Provider_117,City_117,CO,39.8501,-105.4821,Dermatology,ENT,Specialty Care,38,200,21,4.71,1.0,False,False,In-network,168,True,Hospital_17,1.46,North,1,0.9995641
P00118,Provider_118,City_118,NV,39.1526,-116.0694,Orthopedics,Neurology,Surgical,31,400,21,3.5,0.29,False,True,Out-of-network,77,False,Hospital_18,4.71,South,1,0.9998622
P00119,Provider_119,City_119,OH,40.8173,-82.5071,ENT,Urology,Specialty Care,25,220,60,3.1,0.78,False,True,In-network,345,True,Hospital_19,1.39,West,1,0.99953103
P00120,Provider_120,City_120,GA,32.6156,-82.4501,Psychiatry,Urology,Specialty Care,13,250,50,3.95,0.47,False,False,Out-of-network,272,False,Hospital_20,3.78,North,1,0.99986255
P00121,Provider_121,City_121,OH,40.4173,-82.9071,Psychiatry,Neurology,Specialty Care,27,250,34,1.74,0.03,False,False,Out-of-network,120,False,Hospital_21,4.14,South,1,0.9998615
P00122,Provider_122,City_122,MI,44.3648,-85.5524,Ophthalmology,Pediatrics,Specialty Care,13,180,28,1.03,0.8,False,False,In-network,223,True,Hospital_22,2.68,South,1,0.9997018
P00123,Provider_123,City_123,IL,40.7331,-89.2985,Dermatology,Cardiology,Specialty Care,32,200,52,4.0,0.17,True,True,Out-of-network,158,True,Hospital_23,2.39,East,1,0.999458
P00124,Provider_124,City_124,NC,35.9096,-78.8693,Pediatrics,Gastroenterology,Primary Care,36,150,24,2.87,0.62,False,True,In-network,279,False,Hospital_24,1.88,South,1,0.9995629
P00125,Provider_125,City_125,MA,42.6072,-71.1824,Psychiatry,ENT,Specialty Care,32,250,9,1.62,0.28,True,True,In-network,74,True,Hospital_25,3.23,East,1,0.9998615
P00126,Provider_126,City_126,AZ,34.2989,-110.8437,Cardiology,General Practice,Specialty Care,25,500,9,1.9,0.4,False,False,In-network,355,True,Hospital_26,4.86,East,1,0.99884427
P00127,Provider_127,City_127,NV,39.1026,-116.1194,Cardiology,ENT,Specialty Care,8,500,54,1.04,0.78,False,True,In-network,490,True,Hospital_27,4.29,South,1,0.9990707
P00128,Provider_128,City_128,WA,48.1011,-120.3901,General Practice,Orthopedics,Primary Care,17,100,23,4.35,0.72,True,False,Out-of-network,279,True,Hospital_28,2.5,West,1,0.9995652
P00129,Provider_129,City_129,IL,41.0331,-88.9985,Neurology,ENT,Specialty Care,39,450,36,3.14,0.39,False,True,Out-of-network,187,True,Hospital_29,1.69,East,0,0.002289136
P00130,Provider_130,City_130,NY,43.7494,-73.7679,Ophthalmology,General Practice,Specialty Care,19,180,34,1.47,0.23,True,False,In-network,247,False,Hospital_30,2.64,West,1,0.99962914
P00131,Provider_131,City_131,AZ,34.0489,-111.0937,Neurology,Dermatology,Specialty Care,6,450,32,2.8,0.13,False,False,Out-of-network,255,False,Hospital_31,4.12,South,1,0.99892586
P00132,Provider_132,City_132,MA,42.4572,-71.3324,ENT,Ophthalmology,Specialty Care,23,220,53,3.25,0.59,True,False,In-network,385,False,Hospital_32,1.69,North,1,0.99953103
P00133,Provider_133,City_133,NC,35.8596,-78.9193,Endocrinology,Cardiology,Specialty Care,31,400,38,1.42,0.1,False,False,Out-of-network,207,True,Hospital_33,4.12,East,1,0.9998615
P00134,Provider_134,City_134,NY,43.4494,-74.0679,Neurology,Dermatology,Specialty Care,22,450,51,2.47,0.61,False,False,In-network,455,False,Hospital_34,3.9,South,1,0.9990707
P00135,Provider_135,City_135,MA,42.6072,-71.1824,Dermatology,Neurology,Specialty Care,29,200,23,4.88,0.69,True,False,In-network,399,True,Hospital_35,1.1,North,1,0.99953103
P00136,Provider_136,City_136,NC,36.0096,-78.7693,Neurology,Ophthalmology,Specialty Care,1,450,51,2.73,0.69,False,False,Out-of-network,450,True,Hospital_36,2.04,North,0,0.0026315362
P00137,Provider_137,City_137,CA,37.0783,-119.1179,Ophthalmology,Ophthalmology,Specialty Care,6,180,15,1.51,0.6,False,True,In-network,185,False,Hospital_37,2.48,East,1,0.99956197
P00138,Provider_138,City_138,NV,39.1526,-116.0694,Psychiatry,Neurology,Specialty Care,35,250,22,3.8,0.23,True,True,Out-of-network,249,True,Hospital_38,3.47,South,1,0.9998622
P00139,Provider_139,City_139,CA,37.1783,-119.0179,Urology,Endocrinology,Specialty Care,5,380,56,2.61,0.84,True,False,Out-of-network,70,True,Hospital_39,3.04,West,1,0.99988866
P00140,Provider_140,City_140,OH,40.8673,-82.4571,Ophthalmology,General Practice,Specialty Care,4,180,13,1.47,0.69,True,False,Out-of-network,168,True,Hospital_40,4.8,West,1,0.99988866
P00141,Provider_141,City_141,NC,35.7596,-79.0193,ENT,Endocrinology,Specialty Care,14,220,39,4.88,0.72,False,False,In-network,334,True,Hospital_41,2.51,South,1,0.99953103
P00142,Provider_142,City_142,CO,39.6001,-105.7321,Gastroenterology,Orthopedics,Specialty Care,5,420,28,2.92,0.95,True,False,Out-of-network,381,False,Hospital_42,1.03,West,1,0.99952865
P00143,Provider_143,City_143,FL,28.0944,-81.6603,Pediatrics,Psychiatry,Primary Care,4,150,7,1.71,0.57,False,True,In-network,294,False,Hospital_43,2.42,West,1,0.99952865
P00144,Provider_144,City_144,TX,32.1186,-99.7518,Gastroenterology,Pediatrics,Specialty Care,31,420,51,2.83,0.95,False,False,Out-of-network,358,True,Hospital_44,3.71,South,1,0.9998802
P00145,Provider_145,City_145,TX,32.1686,-99.7018,General Practice,Neurology,Primary Care,39,100,54,2.02,0.58,True,False,In-network,416,True,Hospital_45,2.44,North,1,0.99952865
P00146,Provider_146,City_146,CO,39.8001,-105.5321,Neurology,Neurology,Specialty Care,23,450,36,1.93,0.16,False,False,Out-of-network,491,True,Hospital_46,2.68,East,0,0.0037976834
P00147,Provider_147,City_147,NY,43.5994,-73.9179,ENT,Neurology,Specialty Care,12,220,7,3.65,0.11,False,False,Out-of-network,232,False,Hospital_47,1.61,North,1,0.999458
P00148,Provider_148,City_148,MI,44.6648,-85.2524,Ophthalmology,ENT,Specialty Care,30,180,7,2.1,0.99,False,True,In-network,410,True,Hospital_48,3.17,East,1,0.9998802
P00149,Provider_149,City_149,NC,36.1596,-78.6193,General Practice,Pediatrics,Primary Care,12,100,32,2.27,0.19,False,True,Out-of-network,391,False,Hospital_49,2.88,East,1,0.9997284
P00150,Provider_150,City_150,CA,37.2283,-118.9679,Orthopedics,Gastroenterology,Surgical,3,400,44,3.03,0.31,False,True,Out-of-network,84,True,Hospital_50,4.27,East,1,0.9998652
P00151,Provider_151,City_151,PA,41.2033,-77.1945,Orthopedics,Pediatrics,Surgical,1,400,21,3.01,1.0,True,True,Out-of-network,156,False,Hospital_51,4.95,West,1,0.99989164
P00152,Provider_152,City_152,MI,44.3648,-85.5524,Pediatrics,Ophthalmology,Primary Care,10,150,18,4.09,0.34,True,True,In-network,424,False,Hospital_52,3.47,South,1,0.9998517
P00153,Provider_153,City_153,MI,44.4148,-85.5024,ENT,Urology,Specialty Care,31,220,42,1.97,0.01,False,False,In-network,343,True,Hospital_53,3.22,East,1,0.999851
P00154,Provider_154,City_154,PA,41.3533,-77.0445,Cardiology,Dermatology,Specialty Care,16,500,55,4.64,0.68,True,False,In-network,402,True,Hospital_54,2.0,North,0,0.002644954
P00155,Provider_155,City_155,NC,35.9596,-78.8193,Orthopedics,Psychiatry,Surgical,21,400,17,1.53,0.61,True,True,Out-of-network,187,True,Hospital_55,2.98,North,1,0.9998276
P00156,Provider_156,City_156,MI,44.5648,-85.3524,Gastroenterology,Dermatology,Specialty Care,24,420,30,1.78,0.2,False,False,In-network,488,False,Hospital_56,1.75,North,1,0.9994137
P00157,Provider_157,City_157,GA,32.4656,-82.6001,General Practice,Ophthalmology,Primary Care,16,100,59,3.67,0.09,False,False,Out-of-network,193,False,Hospital_57,4.64,East,1,0.9998622
P00158,Provider_158,City_158,NC,36.1096,-78.6693,Cardiology,Orthopedics,Specialty Care,30,500,56,4.58,0.75,False,False,Out-of-network,495,False,Hospital_58,4.0,North,1,0.9990753
P00159,Provider_159,City_159,CA,37.1783,-119.0179,Cardiology,Pediatrics,Specialty Care,13,500,24,3.71,0.2,False,True,Out-of-network,144,True,Hospital_59,3.68,South,1,0.99893135
P00160,Provider_160,City_160,MI,44.7648,-85.1524,Psychiatry,Dermatology,Specialty Care,1,250,54,4.88,0.52,True,True,Out-of-network,449,False,Hospital_60,2.18,West,1,0.99953103
P00161,Provider_161,City_161,AZ,34.0489,-111.0937,Dermatology,Pediatrics,Specialty Care,25,200,7,3.37,0.87,False,False,In-network,125,False,Hospital_61,2.54,South,1,0.9995641
P00162,Provider_162,City_162,FL,28.0444,-81.7103,ENT,ENT,Specialty Care,17,220,43,1.41,0.61,True,False,In-network,281,True,Hospital_62,4.61,East,1,0.9998889
P00163,Provider_163,City_163,NY,43.3994,-74.1179,Pediatrics,Ophthalmology,Primary Care,9,150,44,1.05,0.95,True,True,In-network,376,True,Hospital_63,1.0,East,1,0.99952865
P00164,Provider_164,City_164,OH,40.5673,-82.7571,Cardiology,Orthopedics,Specialty Care,6,500,59,2.88,0.55,True,False,In-network,484,False,Hospital_64,1.72,South,0,0.0026315362
P00165,Provider_165,City_165,MI,44.5148,-85.4024,Neurology,Pediatrics,Specialty Care,3,450,24,2.88,0.66,True,True,In-network,478,False,Hospital_65,1.53,South,0,0.0026315362
P00166,Provider_166,City_166,NY,43.5494,-73.9679,General Practice,Dermatology,Primary Care,2,100,45,3.17,0.07,False,False,Out-of-network,244,False,Hospital_66,4.72,West,1,0.9998622
P00167,Provider_167,City_167,TX,32.2686,-99.6018,Gastroenterology,General Practice,Specialty Care,11,420,20,3.9,0.75,True,False,In-network,172,False,Hospital_67,3.17,North,1,0.99988925
P00168,Provider_168,City_168,CA,37.1283,-119.0679,Neurology,Psychiatry,Specialty Care,7,450,42,1.43,0.17,True,True,Out-of-network,182,False,Hospital_68,3.72,West,1,0.99892586
P00169,Provider_169,City_169,FL,28.3944,-81.3603,Cardiology,Cardiology,Specialty Care,19,500,21,2.15,0.93,False,True,In-network,75,False,Hospital_69,1.76,West,0,0.0028312707
P00170,Provider_170,City_170,OH,40.8673,-82.4571,Ophthalmology,Ophthalmology,Specialty Care,31,180,12,1.54,0.0,False,True,Out-of-network,66,False,Hospital_70,3.02,South,1,0.9998615
P00171,Provider_171,City_171,AZ,34.0489,-111.0937,Psychiatry,General Practice,Specialty Care,6,250,43,4.95,0.6,True,False,Out-of-network,184,False,Hospital_71,4.35,South,1,0.99988925
P00172,Provider_172,City_172,AZ,34.0989,-111.0437,General Practice,Psychiatry,Primary Care,15,100,44,1.79,0.63,True,False,Out-of-network,361,False,Hospital_72,4.28,North,1,0.9998802
P00173,Provider_173,City_173,NY,43.3994,-74.1179,Psychiatry,Psychiatry,Specialty Care,38,250,12,2.32,0.45,False,True,In-network,125,False,Hospital_73,1.9,West,1,0.99945515
P00174,Provider_174,City_174,AZ,34.1989,-110.9437,Dermatology,Pediatrics,Specialty Care,22,200,46,4.22,0.51,False,False,In-network,92,True,Hospital_74,4.56,East,1,0.99988925
P00175,Provider_175,City_175,FL,28.1944,-81.5603,Dermatology,Dermatology,Specialty Care,35,200,56,4.57,0.4,False,True,In-network,144,True,Hospital_75,4.73,South,1,0.9998622
P00176,Provider_176,City_176,OH,40.6673,-82.6571,Ophthalmology,Neurology,Specialty Care,35,180,48,3.39,0.03,True,False,Out-of-network,87,True,Hospital_76,3.14,South,1,0.9998622
P00177,Provider_177,City_177,CO,39.8501,-105.4821,Ophthalmology,Dermatology,Specialty Care,35,180,14,1.54,0.43,False,False,In-network,173,False,Hospital_77,2.01,East,1,0.99945515
P00178,Provider_178,City_178,OH,40.7673,-82.5571,ENT,Orthopedics,Specialty Care,8,220,19,1.98,0.77,True,False,In-network,215,True,Hospital_78,1.07,East,1,0.99956197
P00179,Provider_179,City_179,CA,37.1783,-119.0179,Endocrinology,Neurology,Specialty Care,39,400,50,2.97,0.05,False,True,In-network,155,False,Hospital_79,3.01,West,1,0.9998615
P00180,Provider_180,City_180,GA,32.6156,-82.4501,ENT,Cardiology,Specialty Care,5,220,28,1.92,0.96,True,False,Out-of-network,318,True,Hospital_80,4.74,West,1,0.9998802
P00181,Provider_181,City_181,IL,40.6331,-89.3985,Cardiology,ENT,Specialty Care,3,500,33,1.31,0.44,True,False,In-network,190,False,Hospital_81,4.72,West,1,0.99892586
P00182,Provider_182,City_182,TX,32.0186,-99.8518,Gastroenterology,Ophthalmology,Specialty Care,20,420,14,1.01,0.6,True,False,In-network,489,False,Hospital_82,3.42,West,1,0.9998802
P00183,Provider_183,City_183,OH,40.5173,-82.8071,Urology,Ophthalmology,Specialty Care,16,380,14,1.21,0.3,True,True,Out-of-network,80,False,Hospital_83,2.41,East,1,0.99945515
P00184,Provider_184,City_184,FL,28.1444,-81.6103,Orthopedics,Ophthalmology,Surgical,14,400,6,3.06,0.6,True,False,In-network,405,True,Hospital_84,1.39,North,1,0.99953103
P00185,Provider_185,City_185,FL,28.1944,-81.5603,Endocrinology,Orthopedics,Specialty Care,18,400,57,4.93,0.39,False,False,In-network,71,True,Hospital_85,3.17,East,1,0.9998622
P00186,Provider_186,City_186,MA,42.6572,-71.1324,Neurology,Neurology,Specialty Care,2,450,6,3.66,0.76,False,False,Out-of-network,221,False,Hospital_86,3.59,South,1,0.9991406
P00187,Provider_187,City_187,FL,28.2944,-81.4603,Orthopedics,Neurology,Surgical,29,400,38,1.08,0.36,False,False,Out-of-network,238,True,Hospital_87,1.93,North,1,0.99945515
P00188,Provider_188,City_188,TX,32.3186,-99.5518,Ophthalmology,General Practice,Specialty Care,28,180,48,4.89,0.37,False,False,Out-of-network,335,True,Hospital_88,1.61,North,1,0.9994167
P00189,Provider_189,City_189,AZ,34.4489,-110.6937,Psychiatry,Psychiatry,Specialty Care,21,250,40,3.44,0.63,False,True,Out-of-network,224,True,Hospital_89,1.0,North,1,0.9995641
P00190,Provider_190,City_190,WA,48.2011,-120.2901,Gastroenterology,Urology,Specialty Care,15,420,49,2.21,0.31,True,False,In-network,353,False,Hospital_90,2.49,West,1,0.9994137
P00191,Provider_191,City_191,GA,32.1656,-82.9001,Orthopedics,Dermatology,Surgical,40,400,27,2.64,0.41,False,True,Out-of-network,160,False,Hospital_91,4.76,East,1,0.9998615
P00192,Provider_192,City_192,CA,36.8283,-119.3679,Orthopedics,ENT,Surgical,38,400,12,3.06,0.81,True,False,In-network,394,True,Hospital_92,4.02,West,1,0.9998808
P00193,Provider_193,City_193,PA,41.3033,-77.0945,Dermatology,Dermatology,Specialty Care,12,200,42,3.44,0.69,True,True,In-network,338,True,Hospital_93,2.65,North,1,0.99968076
P00194,Provider_194,City_194,WA,47.9011,-120.5901,Neurology,Neurology,Specialty Care,8,450,52,4.44,0.87,True,False,Out-of-network,179,True,Hospital_94,4.32,East,1,0.9991406
P00195,Provider_195,City_195,MI,44.5148,-85.4024,Neurology,Urology,Specialty Care,2,450,10,1.2,0.63,True,False,In-network,428,True,Hospital_95,4.0,North,1,0.9990707
P00196,Provider_196,City_196,OH,40.6673,-82.6571,Pediatrics,Neurology,Primary Care,15,150,42,1.45,0.36,True,True,In-network,171,False,Hospital_96,2.16,South,1,0.99945515
P00197,Provider_197,City_197,NC,36.0596,-78.7193,Ophthalmology,Cardiology,Specialty Care,15,180,34,1.12,0.85,False,False,In-network,170,True,Hospital_97,3.61,West,1,0.99988866
P00198,Provider_198,City_198,OH,40.7673,-82.5571,General Practice,Pediatrics,Primary Care,6,100,26,3.94,0.07,False,False,Out-of-network,442,False,Hospital_98,3.38,East,1,0.9998517
P00199,Provider_199,City_199,AZ,34.4489,-110.6937,Dermatology,Neurology,Specialty Care,7,200,57,1.73,0.71,False,True,In-network,79,False,Hospital_99,3.1,West,1,0.99988866
P00200,Provider_200,City_200,MI,44.7648,-85.1524,ENT,Psychiatry,Specialty Care,21,220,52,1.16,0.02,False,True,In-network,78,True,Hospital_100,3.07,West,1,0.9998615
P00201,Provider_201,City_1,WA,47.7511,-120.7401,Psychiatry,Dermatology,Specialty Care,35,250,46,1.16,0.06,False,False,Out-of-network,137,True,Hospital_1,4.3,East,1,0.9998615
P00202,Provider_202,City_2,NV,38.8526,-116.3694,Pediatrics,Endocrinology,Primary Care,7,150,12,1.32,0.06,False,False,Out-of-network,253,True,Hospital_2,2.33,South,1,0.99945515
P00203,Provider_203,City_3,AZ,34.1489,-110.9937,Dermatology,ENT,Specialty Care,18,200,39,3.01,0.62,False,True,Out-of-network,396,False,Hospital_3,3.91,East,1,0.9998834
P00204,Provider_204,City_4,NY,43.4494,-74.0679,Gastroenterology,Cardiology,Specialty Care,30,420,18,2.04,0.3,True,True,Out-of-network,294,True,Hospital_4,4.62,North,1,0.999851
P00205,Provider_205,City_5,NY,43.4994,-74.0179,Urology,Ophthalmology,Specialty Care,32,380,42,3.14,0.33,True,True,In-network,137,False,Hospital_5,4.3,North,1,0.9998622
P00206,Provider_206,City_6,MI,44.5648,-85.3524,Gastroenterology,General Practice,Specialty Care,17,420,6,2.77,0.83,True,False,Out-of-network,60,True,Hospital_6,4.57,West,1,0.99988866
P00207,Provider_207,City_7,PA,41.5033,-76.8945,Ophthalmology,Neurology,Specialty Care,18,180,39,2.79,0.59,True,False,In-network,152,False,Hospital_7,3.8,North,1,0.99988866
P00208,Provider_208,City_8,IL,40.9831,-89.0485,Psychiatry,Urology,Specialty Care,40,250,31,3.42,0.54,False,True,In-network,195,True,Hospital_8,3.51,East,1,0.99988925
P00209,Provider_209,City_9,WA,48.1511,-120.3401,Dermatology,Urology,Specialty Care,8,200,15,4.92,0.7,True,False,In-network,122,True,Hospital_9,2.14,East,1,0.9995641
P00210,Provider_210,City_10,CO,40.0001,-105.3321,Neurology,Gastroenterology,Specialty Care,34,450,34,1.02,0.1,False,True,In-network,479,False,Hospital_10,2.54,South,0,0.0021167668
P00211,Provider_211,City_11,WA,47.7511,-120.7401,Neurology,Endocrinology,Specialty Care,3,450,41,4.75,0.51,False,True,Out-of-network,433,True,Hospital_11,1.65,West,0,0.002644954
P00212,Provider_212,City_12,MI,44.3648,-85.5524,Pediatrics,Pediatrics,Primary Care,11,150,17,4.16,0.73,True,False,In-network,357,False,Hospital_12,4.16,East,1,0.9998808
P00213,Provider_213,City_13,TX,32.0686,-99.8018,Urology,Pediatrics,Specialty Care,14,380,12,4.2,0.32,True,True,Out-of-network,139,True,Hospital_13,1.51,South,1,0.999458
P00214,Provider_214,City_14,CA,36.9283,-119.2679,Gastroenterology,Ophthalmology,Specialty Care,14,420,48,1.56,0.98,True,True,In-network,417,True,Hospital_14,2.73,South,1,0.9997013
P00215,Provider_215,City_15,NY,43.4994,-74.0179,Neurology,Urology,Specialty Care,22,450,18,2.7,0.01,False,True,Out-of-network,105,False,Hospital_15,2.26,East,0,0.002277519
P00216,Provider_216,City_16,AZ,34.2989,-110.8437,Psychiatry,Ophthalmology,Specialty Care,23,250,26,2.69,0.98,False,False,Out-of-network,296,False,Hospital_16,1.33,East,1,0.99952865
P00217,Provider_217,City_17,AZ,34.3489,-110.7937,Pediatrics,Cardiology,Primary Care,40,150,39,3.35,0.56,True,False,Out-of-network,494,False,Hospital_17,1.25,South,1,0.99953103
P00218,Provider_218,City_18,MA,42.7572,-71.0324,Dermatology,Orthopedics,Specialty Care,40,200,49,1.68,0.95,True,True,Out-of-network,172,False,Hospital_18,4.58,West,1,0.99988866
P00219,Provider_219,City_19,NC,36.1596,-78.6193,Pediatrics,Pediatrics,Primary Care,23,150,48,4.71,0.17,False,False,Out-of-network,395,True,Hospital_19,3.64,North,1,0.9998517
P00220,Provider_220,City_20,FL,28.4444,-81.3103,Urology,Gastroenterology,Specialty Care,38,380,22,4.33,0.93,True,True,Out-of-network,221,True,Hospital_20,4.72,East,1,0.99988925
P00221,Provider_221,City_21,TX,31.9686,-99.9018,ENT,Endocrinology,Specialty Care,40,220,30,2.96,0.06,True,True,In-network,268,False,Hospital_21,1.48,East,1,0.99945515
P00222,Provider_222,City_22,FL,28.0444,-81.7103,Urology,Urology,Specialty Care,14,380,36,4.86,0.84,True,False,Out-of-network,105,False,Hospital_22,3.94,North,1,0.99988925
P00223,Provider_223,City_23,NV,38.9026,-116.3194,Endocrinology,Cardiology,Specialty Care,39,400,22,4.04,0.01,True,True,In-network,409,True,Hospital_23,2.57,East,1,0.999603
P00224,Provider_224,City_24,NC,35.9096,-78.8693,Psychiatry,Urology,Specialty Care,27,250,28,2.13,0.57,True,False,Out-of-network,287,False,Hospital_24,1.01,East,1,0.99952865
P00225,Provider_225,City_25,CA,36.9783,-119.2179,Orthopedics,Cardiology,Surgical,28,400,49,3.73,0.3,False,True,Out-of-network,194,False,Hospital_25,4.82,East,1,0.9998622
P00226,Provider_226,City_26,AZ,34.2989,-110.8437,ENT,Orthopedics,Specialty Care,5,220,22,1.39,0.47,False,False,In-network,421,False,Hospital_26,4.78,South,1,0.999851
P00227,Provider_227,City_27,MA,42.7072,-71.0824,Orthopedics,Endocrinology,Surgical,36,400,44,1.73,0.15,True,False,Out-of-network,81,False,Hospital_27,3.4,South,1,0.9998615
P00228,Provider_228,City_28,GA,32.5156,-82.5501,Neurology,Orthopedics,Specialty Care,21,450,28,4.96,0.13,True,True,In-network,274,False,Hospital_28,1.23,East,0,0.0022945134
P00229,Provider_229,City_29,PA,41.6033,-76.7945,Ophthalmology,Pediatrics,Specialty Care,13,180,32,2.43,0.9,False,False,In-network,103,True,Hospital_29,4.53,West,1,0.99988866
P00230,Provider_230,City_30,MA,42.8572,-70.9324,ENT,Gastroenterology,Specialty Care,11,220,17,2.99,0.08,True,False,In-network,319,True,Hospital_30,4.04,North,1,0.999851
P00231,Provider_231,City_31,CO,39.5501,-105.7821,General Practice,General Practice,Primary Care,4,100,42,3.96,0.29,False,True,In-network,244,False,Hospital_31,3.05,East,1,0.9998622
P00232,Provider_232,City_32,NC,35.8096,-78.9693,Ophthalmology,Gastroenterology,Specialty Care,6,180,29,4.48,0.98,True,False,In-network,429,False,Hospital_32,4.85,South,1,0.9998808
P00233,Provider_233,City_33,WA,47.8511,-120.6401,Psychiatry,ENT,Specialty Care,29,250,6,2.24,0.28,True,True,In-network,286,True,Hospital_33,4.63,West,1,0.999851
P00234,Provider_234,City_34,CO,39.7001,-105.6321,Neurology,Cardiology,Specialty Care,18,450,19,1.64,0.32,False,True,In-network,363,True,Hospital_34,1.55,West,0,0.0021167668
P00235,Provider_235,City_35,AZ,34.2489,-110.8937,General Practice,Urology,Primary Care,40,100,17,4.35,0.0,False,True,Out-of-network,447,False,Hospital_35,2.65,West,1,0.999603
P00236,Provider_236,City_36,PA,41.4533,-76.9445,Gastroenterology,Endocrinology,Specialty Care,33,420,29,4.73,0.99,False,False,In-network,493,True,Hospital_36,4.37,North,1,0.9998808
P00237,Provider_237,City_37,CA,37.0783,-119.1179,Endocrinology,Pediatrics,Specialty Care,5,400,25,3.61,0.99,True,True,In-network,429,False,Hospital_37,2.4,North,1,0.99953103
P00238,Provider_238,City_38,NV,39.1526,-116.0694,General Practice,Orthopedics,Primary Care,7,100,30,3.58,0.71,True,True,In-network,471,False,Hospital_38,4.18,East,1,0.9998808
P00239,Provider_239,City_39,TX,32.3686,-99.5018,Endocrinology,Pediatrics,Specialty Care,18,400,7,4.21,0.83,True,True,In-network,241,True,Hospital_39,4.92,West,1,0.99988925
P00240,Provider_240,City_40,FL,28.4444,-81.3103,General Practice,Dermatology,Primary Care,25,100,60,4.42,0.01,False,False,Out-of-network,452,False,Hospital_40,1.51,West,1,0.9994167
P00241,Provider_241,City_41,WA,47.7511,-120.7401,Urology,Neurology,Specialty Care,5,380,8,4.34,0.5,False,False,In-network,211,True,Hospital_41,1.17,West,1,0.9995641
P00242,Provider_242,City_42,WA,47.8011,-120.6901,Psychiatry,Ophthalmology,Specialty Care,6,250,5,3.26,0.47,True,True,Out-of-network,272,True,Hospital_42,3.0,East,1,0.99986255
P00243,Provider_243,City_43,WA,47.8511,-120.6401,Gastroenterology,Gastroenterology,Specialty Care,15,420,35,3.56,0.4,False,True,In-network,107,False,Hospital_43,3.97,West,1,0.9998622
P00244,Provider_244,City_44,GA,32.3156,-82.7501,Orthopedics,Endocrinology,Surgical,8,400,34,4.3,0.84,True,True,In-network,341,True,Hospital_44,3.75,East,1,0.9998808
P00245,Provider_245,City_45,AZ,34.2489,-110.8937,Neurology,Pediatrics,Specialty Care,16,450,41,4.58,0.12,True,True,Out-of-network,270,True,Hospital_45,3.15,South,1,0.99893135
P00246,Provider_246,City_46,GA,32.4156,-82.6501,Endocrinology,Neurology,Specialty Care,4,400,54,4.22,0.28,True,True,Out-of-network,490,False,Hospital_46,2.39,North,1,0.9994167
P00247,Provider_247,City_47,PA,41.5033,-76.8945,Urology,Orthopedics,Specialty Care,40,380,60,4.97,0.1,True,False,Out-of-network,55,False,Hospital_47,3.84,West,1,0.9998622
P00248,Provider_248,City_48,IL,40.9831,-89.0485,Neurology,Neurology,Specialty Care,21,450,31,1.01,0.96,False,True,In-network,231,True,Hospital_48,4.78,North,1,0.9991364
P00249,Provider_249,City_49,CO,39.9501,-105.3821,Neurology,Orthopedics,Specialty Care,11,450,37,3.76,0.1,False,True,Out-of-network,227,True,Hospital_49,4.06,South,1,0.99893135
P00250,Provider_250,City_50,NV,39.2526,-115.9694,Urology,Endocrinology,Specialty Care,2,380,46,1.76,0.37,False,False,Out-of-network,63,True,Hospital_50,4.16,North,1,0.9998615
P00251,Provider_251,City_51,NV,38.8026,-116.4194,Urology,Endocrinology,Specialty Care,39,380,55,2.89,0.96,True,True,Out-of-network,130,True,Hospital_51,3.4,East,1,0.99988866
P00252,Provider_252,City_52,IL,40.6831,-89.3485,ENT,Pediatrics,Specialty Care,32,220,54,4.49,0.62,True,True,Out-of-network,100,True,Hospital_52,4.68,South,1,0.99988925
P00253,Provider_253,City_53,MA,42.5072,-71.2824,Orthopedics,Orthopedics,Surgical,22,400,44,1.73,0.01,True,True,Out-of-network,164,True,Hospital_53,2.1,West,1,0.99945515
P00254,Provider_254,City_54,OH,40.5673,-82.7571,Gastroenterology,Dermatology,Specialty Care,40,420,47,4.34,0.64,True,False,In-network,198,True,Hospital_54,1.46,North,1,0.9995641
P00255,Provider_255,City_55,NC,35.9596,-78.8193,Neurology,ENT,Specialty Care,28,450,17,2.47,0.83,False,True,In-network,424,True,Hospital_55,2.19,East,0,0.0026315362
P00256,Provider_256,City_56,NV,39.0526,-116.1694,Ophthalmology,Psychiatry,Specialty Care,9,180,8,2.05,0.23,True,False,Out-of-network,316,False,Hospital_56,1.25,North,1,0.9994137
P00257,Provider_257,City_57,IL,40.9331,-89.0985,ENT,ENT,Specialty Care,19,220,40,3.4,0.61,True,True,Out-of-network,281,True,Hospital_57,4.4,East,1,0.9998895
P00258,Provider_258,City_58,MA,42.7572,-71.0324,Orthopedics,Cardiology,Surgical,3,400,6,3.94,0.9,True,False,Out-of-network,473,False,Hospital_58,3.63,East,1,0.9998808
P00259,Provider_259,City_59,IL,41.0331,-88.9985,Endocrinology,ENT,Specialty Care,27,400,12,4.5,0.82,True,False,Out-of-network,499,True,Hospital_59,3.89,East,1,0.9998808
P00260,Provider_260,City_60,MA,42.8572,-70.9324,Urology,ENT,Specialty Care,28,380,55,3.96,0.04,True,True,Out-of-network,282,False,Hospital_60,2.88,South,1,0.9997495
P00261,Provider_261,City_61,NY,43.2994,-74.2179,Psychiatry,Neurology,Specialty Care,20,250,50,4.17,0.51,False,False,Out-of-network,130,False,Hospital_61,4.12,West,1,0.99988925
P00262,Provider_262,City_62,MA,42.4572,-71.3324,Gastroenterology,Urology,Specialty Care,7,420,25,1.6,0.9,True,True,Out-of-network,104,False,Hospital_62,2.65,South,1,0.9997018
P00263,Provider_263,City_63,NC,35.8596,-78.9193,Psychiatry,Endocrinology,Specialty Care,4,250,48,3.22,0.85,True,True,In-network,358,True,Hospital_63,1.57,North,1,0.99953103
P00264,Provider_264,City_64,AZ,34.1989,-110.9437,Orthopedics,Orthopedics,Surgical,8,400,33,1.73,0.56,True,True,In-network,287,False,Hospital_64,4.4,East,1,0.9998802
P00265,Provider_265,City_65,IL,40.8331,-89.1985,Psychiatry,ENT,Specialty Care,22,250,13,2.47,0.83,True,True,In-network,156,False,Hospital_65,3.06,North,1,0.99988866
P00266,Provider_266,City_66,WA,48.0011,-120.4901,Urology,Dermatology,Specialty Care,10,380,56,2.31,0.79,True,True,In-network,78,True,Hospital_66,1.26,North,1,0.99956197
P00267,Provider_267,City_67,MI,44.6148,-85.3024,Urology,Urology,Specialty Care,23,380,43,1.24,0.75,False,False,Out-of-network,99,True,Hospital_67,1.15,East,1,0.99956197
P00268,Provider_268,City_68,NV,39.1526,-116.0694,Psychiatry,Endocrinology,Specialty Care,20,250,24,3.82,0.74,False,False,In-network,111,False,Hospital_68,1.23,South,1,0.9995641
P00269,Provider_269,City_69,GA,32.5656,-82.5001,Neurology,Urology,Specialty Care,9,450,11,3.56,0.97,True,True,Out-of-network,209,False,Hospital_69,4.9,East,1,0.9991406
P00270,Provider_270,City_70,AZ,34.4989,-110.6437,Gastroenterology,Psychiatry,Specialty Care,7,420,30,2.61,0.92,True,True,Out-of-network,241,True,Hospital_70,2.49,East,1,0.99956197
P00271,Provider_271,City_71,NV,38.8026,-116.4194,ENT,Endocrinology,Specialty Care,21,220,5,4.37,0.81,True,True,Out-of-network,481,False,Hospital_71,2.44,West,1,0.99953103
P00272,Provider_272,City_72,NY,43.3494,-74.1679,Psychiatry,General Practice,Specialty Care,14,250,45,3.0,0.96,False,False,Out-of-network,411,False,Hospital_72,3.75,East,1,0.9998834
P00273,Provider_273,City_73,NY,43.3994,-74.1179,General Practice,ENT,Primary Care,28,100,57,3.97,0.28,True,False,In-network,439,False,Hospital_73,2.2,North,1,0.9994167
P00274,Provider_274,City_74,NV,38.9526,-116.2694,Gastroenterology,Urology,Specialty Care,11,420,40,4.97,0.55,True,True,Out-of-network,60,True,Hospital_74,1.74,West,1,0.9995641
P00275,Provider_275,City_75,MA,42.6072,-71.1824,Urology,Gastroenterology,Specialty Care,19,380,7,1.07,0.4,True,False,In-network,407,True,Hospital_75,1.48,North,1,0.9994137
P00276,Provider_276,City_76,FL,28.2444,-81.5103,ENT,Endocrinology,Specialty Care,24,220,34,3.5,0.57,False,False,In-network,427,True,Hospital_76,3.45,North,1,0.9998808
P00277,Provider_277,City_77,FL,28.2944,-81.4603,Cardiology,Dermatology,Specialty Care,8,500,12,3.32,0.43,True,True,Out-of-network,190,True,Hospital_77,1.15,West,0,0.002289136
P00278,Provider_278,City_78,MA,42.7572,-71.0324,Urology,Ophthalmology,Specialty Care,24,380,58,2.99,0.98,False,True,In-network,448,False,Hospital_78,2.68,East,1,0.9996792
P00279,Provider_279,City_79,GA,32.5656,-82.5001,Gastroenterology,Dermatology,Specialty Care,37,420,20,4.47,0.25,True,False,In-network,482,True,Hospital_79,4.28,West,1,0.9998517
P00280,Provider_280,City_80,NC,36.2096,-78.5693,Psychiatry,Gastroenterology,Specialty Care,3,250,14,3.51,0.7,True,False,Out-of-network,90,True,Hospital_80,1.19,North,1,0.9995641
P00281,Provider_281,City_81,MI,44.3148,-85.6024,Gastroenterology,Cardiology,Specialty Care,38,420,48,1.82,0.45,False,True,Out-of-network,319,False,Hospital_81,2.81,West,1,0.9996923
P00282,Provider_282,City_82,WA,47.8011,-120.6901,Neurology,Pediatrics,Specialty Care,17,450,35,4.1,0.28,True,True,Out-of-network,453,True,Hospital_82,3.41,West,1,0.9988501
P00283,Provider_283,City_83,FL,28.0944,-81.6603,General Practice,Gastroenterology,Primary Care,19,100,60,2.58,0.12,True,True,In-network,230,True,Hospital_83,2.74,South,1,0.9996834
P00284,Provider_284,City_84,MI,44.4648,-85.4524,Pediatrics,Dermatology,Primary Care,29,150,32,3.11,0.55,False,True,Out-of-network,60,False,Hospital_84,1.07,North,1,0.9995641
P00285,Provider_285,City_85,MI,44.5148,-85.4024,Psychiatry,Neurology,Specialty Care,33,250,44,1.74,0.84,False,True,In-network,451,False,Hospital_85,1.33,West,1,0.99952865
P00286,Provider_286,City_86,GA,32.4156,-82.6501,Cardiology,Urology,Specialty Care,27,500,37,4.38,0.58,True,False,Out-of-network,381,False,Hospital_86,4.24,South,1,0.9990753
P00287,Provider_287,City_87,IL,40.9331,-89.0985,Gastroenterology,Ophthalmology,Specialty Care,28,420,35,3.58,0.83,False,True,Out-of-network,76,True,Hospital_87,1.06,North,1,0.9995641
P00288,Provider_288,City_88,GA,32.5156,-82.5501,Endocrinology,General Practice,Specialty Care,23,400,13,1.04,0.42,False,True,Out-of-network,339,True,Hospital_88,2.44,East,1,0.9994137
P00289,Provider_289,City_89,CO,39.9501,-105.3821,ENT,General Practice,Specialty Care,20,220,26,1.2,0.9,False,True,Out-of-network,240,False,Hospital_89,4.49,North,1,0.99988866
P00290,Provider_290,City_90,NY,43.7494,-73.7679,ENT,Neurology,Specialty Care,7,220,31,2.61,0.98,False,False,In-network,315,False,Hospital_90,3.34,West,1,0.9998802
P00291,Provider_291,City_91,FL,27.9944,-81.7603,Psychiatry,Pediatrics,Specialty Care,11,250,31,1.13,0.24,True,True,In-network,192,False,Hospital_91,2.92,North,1,0.9997477
P00292,Provider_292,City_92,TX,32.0186,-99.8518,Neurology,Cardiology,Specialty Care,21,450,49,3.48,0.77,True,False,In-network,475,False,Hospital_92,3.5,West,1,0.9990753
P00293,Provider_293,City_93,CO,39.6501,-105.6821,Psychiatry,Cardiology,Specialty Care,36,250,10,4.66,0.04,True,False,Out-of-network,250,False,Hospital_93,4.79,East,1,0.9998622
P00294,Provider_294,City_94,NV,38.9526,-116.2694,Psychiatry,ENT,Specialty Care,33,250,22,4.4,0.65,False,False,Out-of-network,91,False,Hospital_94,1.17,North,1,0.9995641
P00295,Provider_295,City_95,MA,42.6072,-71.1824,Urology,Endocrinology,Specialty Care,10,380,52,2.39,0.52,False,False,Out-of-network,437,False,Hospital_95,2.4,South,1,0.99952865
P00296,Provider_296,City_96,NY,43.5494,-73.9679,Cardiology,Gastroenterology,Specialty Care,12,500,35,4.39,0.17,True,False,Out-of-network,212,False,Hospital_96,1.12,North,0,0.002289136
P00297,Provider_297,City_97,NV,39.1026,-116.1194,Dermatology,Urology,Specialty Care,34,200,32,4.31,0.18,True,True,Out-of-network,454,False,Hospital_97,1.29,North,1,0.9994167
P00298,Provider_298,City_98,WA,48.1011,-120.3901,Dermatology,Ophthalmology,Specialty Care,8,200,14,3.07,0.71,True,True,Out-of-network,456,False,Hospital_98,1.94,South,1,0.99953103
P00299,Provider_299,City_99,AZ,34.4489,-110.6937,Urology,ENT,Specialty Care,23,380,9,4.36,0.85,False,False,In-network,264,True,Hospital_99,1.54,South,1,0.9995641
P00300,Provider_300,City_100,CA,37.2283,-118.9679,Gastroenterology,Endocrinology,Specialty Care,2,420,48,4.83,0.8,False,False,In-network,406,False,Hospital_100,4.71,East,1,0.9998808
P00301,Provider_301,City_101,IL,40.6331,-89.3985,Neurology,Psychiatry,Specialty Care,3,450,54,3.81,0.61,False,False,Out-of-network,277,True,Hospital_1,3.92,South,1,0.99914265
P00302,Provider_302,City_102,NC,35.8096,-78.9693,Dermatology,Neurology,Specialty Care,5,200,30,1.4,0.43,False,True,Out-of-network,341,True,Hospital_2,1.69,East,1,0.9994137
P00303,Provider_303,City_103,TX,32.0686,-99.8018,Pediatrics,Pediatrics,Primary Care,1,150,44,1.41,0.18,False,True,In-network,450,False,Hospital_3,3.82,South,1,0.999851
P00304,Provider_304,City_104,PA,41.3533,-77.0445,Ophthalmology,Neurology,Specialty Care,5,180,18,1.81,0.62,False,False,Out-of-network,457,False,Hospital_4,4.55,East,1,0.9998802
P00305,Provider_305,City_105,CO,39.7501,-105.5821,Psychiatry,Endocrinology,Specialty Care,35,250,37,4.97,0.25,False,False,In-network,205,False,Hospital_5,4.38,North,1,0.9998622
P00306,Provider_306,City_106,NV,39.0526,-116.1694,Pediatrics,Orthopedics,Primary Care,39,150,47,2.61,0.44,False,True,In-network,165,True,Hospital_6,3.96,East,1,0.9998615
P00307,Provider_307,City_107,CO,39.8501,-105.4821,Urology,Pediatrics,Specialty Care,23,380,35,1.05,0.23,True,False,Out-of-network,301,False,Hospital_7,2.2,West,1,0.9994137
P00308,Provider_308,City_108,OH,40.7673,-82.5571,Orthopedics,Gastroenterology,Surgical,25,400,20,4.51,0.55,False,True,In-network,264,False,Hospital_8,2.24,South,1,0.9995641
P00309,Provider_309,City_109,AZ,34.4489,-110.6937,Psychiatry,Gastroenterology,Specialty Care,39,250,35,4.76,0.01,True,True,In-network,385,False,Hospital_9,4.58,East,1,0.9998517
P00310,Provider_310,City_110,MA,42.8572,-70.9324,Gastroenterology,Neurology,Specialty Care,9,420,18,2.51,0.82,True,False,In-network,259,True,Hospital_10,4.44,East,1,0.99988866
P00311,Provider_311,City_111,GA,32.1656,-82.9001,Psychiatry,Endocrinology,Specialty Care,4,250,14,2.54,0.86,True,False,Out-of-network,358,False,Hospital_11,3.15,West,1,0.9998802
P00312,Provider_312,City_112,WA,47.8011,-120.6901,Ophthalmology,Gastroenterology,Specialty Care,17,180,9,4.69,0.48,True,False,Out-of-network,91,True,Hospital_12,1.71,North,1,0.9995641
P00313,Provider_313,City_113,MA,42.5072,-71.2824,Urology,Pediatrics,Specialty Care,1,380,53,3.39,0.06,False,False,In-network,78,True,Hospital_13,4.02,North,1,0.9998622
P00314,Provider_314,City_114,MI,44.4648,-85.4524,Psychiatry,Ophthalmology,Specialty Care,6,250,20,1.85,0.51,True,False,In-network,395,False,Hospital_14,4.37,South,1,0.9998802
P00315,Provider_315,City_115,NV,39.0026,-116.2194,Dermatology,Endocrinology,Specialty Care,32,200,17,1.7,0.08,True,True,In-network,81,False,Hospital_15,2.36,North,1,0.99945515
P00316,Provider_316,City_116,NY,43.5494,-73.9679,Orthopedics,Cardiology,Surgical,24,400,12,1.55,0.79,True,False,In-network,249,False,Hospital_16,2.11,East,1,0.99956197
P00317,Provider_317,City_117,NY,43.5994,-73.9179,Psychiatry,Endocrinology,Specialty Care,14,250,20,3.73,0.6,False,True,In-network,97,True,Hospital_17,4.6,North,1,0.99988925
P00318,Provider_318,City_118,FL,28.3444,-81.4103,Neurology,General Practice,Specialty Care,39,450,14,4.09,0.42,True,True,Out-of-network,478,True,Hospital_18,2.08,East,0,0.0021275654
P00319,Provider_319,City_119,PA,41.6033,-76.7945,Pediatrics,Gastroenterology,Primary Care,40,150,10,1.71,0.02,False,True,Out-of-network,418,False,Hospital_19,4.47,West,1,0.999851
P00320,Provider_320,City_120,WA,48.2011,-120.2901,Ophthalmology,Endocrinology,Specialty Care,1,180,47,4.55,0.29,False,False,Out-of-network,473,True,Hospital_20,4.84,East,1,0.9998517
P00321,Provider_321,City_121,OH,40.4173,-82.9071,Pediatrics,Gastroenterology,Primary Care,29,150,15,4.66,0.15,True,False,Out-of-network,445,True,Hospital_21,2.59,South,1,0.999603
P00322,Provider_322,City_122,GA,32.2156,-82.8501,Psychiatry,Ophthalmology,Specialty Care,30,250,7,3.17,0.19,True,False,Out-of-network,348,False,Hospital_22,3.17,East,1,0.9998517
P00323,Provider_323,City_123,NY,43.3994,-74.1179,Cardiology,General Practice,Specialty Care,6,500,42,1.62,0.5,False,False,Out-of-network,483,False,Hospital_23,1.58,North,0,0.0026315362
P00324,Provider_324,City_124,PA,41.3533,-77.0445,Urology,Cardiology,Specialty Care,35,380,33,1.45,0.9,False,True,In-network,332,False,Hospital_24,4.26,West,1,0.9998802
P00325,Provider_325,City_125,CA,36.9783,-119.2179,Cardiology,Urology,Specialty Care,18,500,60,3.66,0.44,True,True,In-network,83,False,Hospital_25,1.64,North,0,0.002289136
P00326,Provider_326,City_126,WA,48.0011,-120.4901,Endocrinology,Orthopedics,Specialty Care,24,400,48,1.32,0.67,False,True,Out-of-network,89,True,Hospital_26,2.16,South,1,0.99956197
P00327,Provider_327,City_127,WA,48.0511,-120.4401,Ophthalmology,ENT,Specialty Care,39,180,34,3.84,0.79,True,False,Out-of-network,488,True,Hospital_27,4.77,South,1,0.9998808
P00328,Provider_328,City_128,CO,39.9001,-105.4321,Gastroenterology,Urology,Specialty Care,16,420,45,3.88,0.95,False,False,In-network,263,True,Hospital_28,1.73,North,1,0.9995641
P00329,Provider_329,City_129,IL,41.0331,-88.9985,Urology,Ophthalmology,Specialty Care,22,380,6,4.88,0.82,True,True,Out-of-network,213,True,Hospital_29,4.81,West,1,0.99988925
P00330,Provider_330,City_130,MA,42.8572,-70.9324,Endocrinology,Orthopedics,Specialty Care,1,400,47,4.89,0.31,False,False,Out-of-network,280,False,Hospital_30,2.25,East,1,0.9994592
P00331,Provider_331,City_131,NC,35.7596,-79.0193,Neurology,Psychiatry,Specialty Care,23,450,17,2.01,0.66,True,False,Out-of-network,334,True,Hospital_31,2.83,West,0,0.009968886
P00332,Provider_332,City_132,IL,40.6831,-89.3485,Cardiology,General Practice,Specialty Care,23,500,46,3.38,0.39,True,False,Out-of-network,472,True,Hospital_32,3.04,North,1,0.9988501
P00333,Provider_333,City_133,CA,36.8783,-119.3179,Orthopedics,Gastroenterology,Surgical,15,400,52,2.55,0.47,True,False,In-network,277,False,Hospital_33,2.39,South,1,0.99945647
P00334,Provider_334,City_134,NV,38.9526,-116.2694,Psychiatry,Urology,Specialty Care,6,250,49,2.93,0.27,False,True,Out-of-network,424,True,Hospital_34,4.48,West,1,0.999851
P00335,Provider_335,City_135,NV,39.0026,-116.2194,Psychiatry,Dermatology,Specialty Care,39,250,51,2.36,0.18,False,True,Out-of-network,449,True,Hospital_35,4.08,North,1,0.999851
P00336,Provider_336,City_136,NV,39.0526,-116.1694,General Practice,Pediatrics,Primary Care,19,100,33,1.74,0.76,True,False,In-network,193,True,Hospital_36,1.09,North,1,0.99956197
P00337,Provider_337,City_137,MA,42.7072,-71.0824,ENT,Dermatology,Specialty Care,25,220,48,1.11,0.13,True,True,In-network,309,True,Hospital_37,1.96,East,1,0.9994137
P00338,Provider_338,City_138,MI,44.6648,-85.2524,Dermatology,Gastroenterology,Specialty Care,9,200,48,3.52,0.45,False,True,Out-of-network,413,True,Hospital_38,4.17,East,1,0.9998517
P00339,Provider_339,City_139,NC,36.1596,-78.6193,Pediatrics,ENT,Primary Care,31,150,36,3.69,0.71,True,False,Out-of-network,173,False,Hospital_39,2.92,North,1,0.9997981
P00340,Provider_340,City_140,GA,32.6156,-82.4501,Gastroenterology,Urology,Specialty Care,18,420,28,1.77,1.0,False,True,In-network,206,True,Hospital_40,4.46,East,1,0.99988866
P00341,Provider_341,City_141,AZ,34.0489,-111.0937,Endocrinology,Dermatology,Specialty Care,23,400,45,2.41,0.09,True,False,In-network,57,True,Hospital_41,3.96,East,1,0.9998615
P00342,Provider_342,City_142,AZ,34.0989,-111.0437,Pediatrics,Urology,Primary Care,14,150,10,1.43,0.89,True,True,Out-of-network,236,True,Hospital_42,1.53,North,1,0.99956197
P00343,Provider_343,City_143,AZ,34.1489,-110.9937,Orthopedics,Ophthalmology,Surgical,22,400,44,2.31,0.35,False,True,In-network,435,False,Hospital_43,4.09,South,1,0.999851
P00344,Provider_344,City_144,WA,47.9011,-120.5901,ENT,Cardiology,Specialty Care,22,220,38,1.92,0.06,False,False,In-network,445,True,Hospital_44,2.77,East,1,0.9996923
P00345,Provider_345,City_145,MA,42.6072,-71.1824,Urology,Orthopedics,Specialty Care,36,380,24,2.04,0.16,True,False,Out-of-network,280,False,Hospital_45,2.53,East,1,0.99945647
P00346,Provider_346,City_146,TX,32.2186,-99.6518,Neurology,Ophthalmology,Specialty Care,38,450,30,4.31,0.29,False,True,In-network,311,True,Hospital_46,2.96,West,0,0.014566095
P00347,Provider_347,City_147,WA,48.0511,-120.4401,Urology,ENT,Specialty Care,8,380,58,2.29,0.92,True,True,In-network,400,True,Hospital_47,1.61,South,1,0.99952865
P00348,Provider_348,City_148,FL,28.3444,-81.4103,General Practice,ENT,Primary Care,39,100,8,3.74,0.13,False,True,Out-of-network,229,False,Hospital_48,4.2,West,1,0.9998622
P00349,Provider_349,City_149,PA,41.6033,-76.7945,Neurology,ENT,Specialty Care,25,450,8,3.64,0.96,False,False,In-network,84,True,Hospital_49,4.69,North,1,0.9991406
P00350,Provider_350,City_150,PA,41.6533,-76.7445,Urology,General Practice,Specialty Care,29,380,23,4.46,0.33,False,True,In-network,177,False,Hospital_50,2.32,North,1,0.999458
P00351,Provider_351,City_151,WA,47.7511,-120.7401,General Practice,Gastroenterology,Primary Care,38,100,39,4.93,0.86,True,False,In-network,358,False,Hospital_51,4.93,West,1,0.9998808
P00352,Provider_352,City_152,OH,40.4673,-82.8571,Orthopedics,ENT,Surgical,2,400,22,2.36,0.33,True,False,Out-of-network,125,True,Hospital_52,4.97,West,1,0.9998615
P00353,Provider_353,City_153,AZ,34.1489,-110.9937,Dermatology,Pediatrics,Specialty Care,8,200,9,4.79,0.23,True,False,Out-of-network,121,True,Hospital_53,3.54,North,1,0.9998622
P00354,Provider_354,City_154,PA,41.3533,-77.0445,Urology,Psychiatry,Specialty Care,15,380,15,1.96,0.81,False,True,Out-of-network,109,False,Hospital_54,1.8,North,1,0.99956197
P00355,Provider_355,City_155,NY,43.4994,-74.0179,Gastroenterology,Neurology,Specialty Care,20,420,19,1.04,0.76,False,False,Out-of-network,476,False,Hospital_55,2.11,South,1,0.99952865
P00356,Provider_356,City_156,AZ,34.2989,-110.8437,Neurology,Ophthalmology,Specialty Care,29,450,58,1.98,0.15,True,False,Out-of-network,337,True,Hospital_56,2.97,East,0,0.014493081
P00357,Provider_357,City_157,GA,32.4656,-82.6001,ENT,Pediatrics,Specialty Care,24,220,13,3.74,0.74,False,True,In-network,58,False,Hospital_57,2.59,West,1,0.99970335
P00358,Provider_358,City_158,CO,39.9001,-105.4321,Pediatrics,Gastroenterology,Primary Care,27,150,43,4.73,0.06,True,False,In-network,453,True,Hospital_58,2.37,East,1,0.9994167
P00359,Provider_359,City_159,OH,40.8173,-82.5071,Cardiology,ENT,Specialty Care,22,500,33,1.3,0.96,True,True,In-network,477,False,Hospital_59,3.55,West,1,0.9990707
P00360,Provider_360,City_160,NY,43.7494,-73.7679,Psychiatry,Ophthalmology,Specialty Care,27,250,41,2.33,0.24,False,False,Out-of-network,198,True,Hospital_60,2.38,East,1,0.99945515
P00361,Provider_361,City_161,WA,47.7511,-120.7401,ENT,Neurology,Specialty Care,38,220,55,1.86,0.77,False,False,In-network,356,True,Hospital_61,1.58,North,1,0.99952865
P00362,Provider_362,City_162,MA,42.4572,-71.3324,Orthopedics,Ophthalmology,Surgical,29,400,54,1.13,0.61,False,True,In-network,437,False,Hospital_62,3.04,North,1,0.9998802
P00363,Provider_363,City_163,MI,44.4148,-85.5024,Orthopedics,Orthopedics,Surgical,13,400,46,1.57,0.8,False,True,Out-of-network,82,False,Hospital_63,1.74,North,1,0.99956197
P00364,Provider_364,City_164,WA,47.9011,-120.5901,ENT,Cardiology,Specialty Care,22,220,27,3.15,0.4,False,True,Out-of-network,52,False,Hospital_64,4.74,North,1,0.9998622
P00365,Provider_365,City_165,IL,40.8331,-89.1985,Dermatology,Pediatrics,Specialty Care,29,200,48,3.06,0.08,False,True,In-network,177,True,Hospital_65,1.59,South,1,0.999458
P00366,Provider_366,City_166,GA,32.4156,-82.6501,Neurology,Neurology,Specialty Care,40,450,43,3.09,0.6,False,False,In-network,292,False,Hospital_66,4.4,South,1,0.9990753
P00367,Provider_367,City_167,CA,37.0783,-119.1179,Dermatology,Ophthalmology,Specialty Care,19,200,60,1.64,0.32,False,True,In-network,239,False,Hospital_67,4.32,North,1,0.9998615
P00368,Provider_368,City_168,FL,28.3444,-81.4103,Urology,Ophthalmology,Specialty Care,27,380,25,2.76,0.39,True,False,In-network,390,False,Hospital_68,2.77,West,1,0.9996923
P00369,Provider_369,City_169,GA,32.5656,-82.5001,Orthopedics,Cardiology,Surgical,9,400,45,4.26,0.24,True,False,In-network,277,True,Hospital_69,1.8,North,1,0.9994592
P00370,Provider_370,City_170,CA,37.2283,-118.9679,Orthopedics,Cardiology,Surgical,7,400,17,1.46,0.51,True,False,Out-of-network,386,True,Hospital_70,2.5,West,1,0.99952865
P00371,Provider_371,City_171,GA,32.1656,-82.9001,Pediatrics,Pediatrics,Primary Care,17,150,49,3.2,0.51,True,False,In-network,58,False,Hospital_71,1.33,East,1,0.9995641
P00372,Provider_372,City_172,FL,28.0444,-81.7103,Neurology,Neurology,Specialty Care,13,450,37,4.9,0.42,True,True,In-network,206,False,Hospital_72,2.95,North,0,0.015657445
P00373,Provider_373,City_173,WA,47.8511,-120.6401,Dermatology,Orthopedics,Specialty Care,12,200,56,4.56,0.16,True,True,In-network,302,False,Hospital_73,3.67,East,1,0.9998517
P00374,Provider_374,City_174,FL,28.1444,-81.6103,Psychiatry,Endocrinology,Specialty Care,19,250,20,1.46,0.21,False,False,Out-of-network,150,False,Hospital_74,4.9,North,1,0.9998615
P00375,Provider_375,City_175,MI,44.5148,-85.4024,Neurology,Gastroenterology,Specialty Care,26,450,17,2.28,0.02,False,True,In-network,96,True,Hospital_75,2.76,North,0,0.006647045
P00376,Provider_376,City_176,NV,39.0526,-116.1694,Orthopedics,Orthopedics,Surgical,10,400,57,2.57,0.4,False,False,Out-of-network,490,True,Hospital_76,2.96,West,1,0.9997693
P00377,Provider_377,City_177,AZ,34.3489,-110.7937,Psychiatry,General Practice,Specialty Care,38,250,39,2.46,0.85,True,True,In-network,344,True,Hospital_77,4.3,East,1,0.9998802
P00378,Provider_378,City_178,AZ,34.3989,-110.7437,Pediatrics,Gastroenterology,Primary Care,35,150,57,4.95,0.15,True,True,In-network,192,True,Hospital_78,2.33,South,1,0.999458
P00379,Provider_379,City_179,GA,32.5656,-82.5001,Ophthalmology,Cardiology,Specialty Care,18,180,60,1.47,0.19,True,False,Out-of-network,384,True,Hospital_79,1.97,West,1,0.9994137
P00380,Provider_380,City_180,NC,36.2096,-78.5693,Dermatology,Pediatrics,Specialty Care,21,200,45,2.12,0.7,False,True,Out-of-network,354,False,Hospital_80,4.51,East,1,0.9998802
P00381,Provider_381,City_181,WA,47.7511,-120.7401,Pediatrics,ENT,Primary Care,26,150,24,2.32,0.05,True,False,Out-of-network,296,False,Hospital_81,4.88,East,1,0.999851
P00382,Provider_382,City_182,IL,40.6831,-89.3485,Dermatology,Orthopedics,Specialty Care,6,200,41,1.64,0.18,False,False,In-network,194,True,Hospital_82,4.49,East,1,0.9998615
P00383,Provider_383,City_183,OH,40.5173,-82.8071,Ophthalmology,Dermatology,Specialty Care,19,180,7,4.93,0.81,True,True,In-network,181,True,Hospital_83,4.82,West,1,0.99988925
P00384,Provider_384,City_184,TX,32.1186,-99.7518,Cardiology,Neurology,Specialty Care,20,500,35,2.76,0.16,False,False,In-network,173,False,Hospital_84,4.72,North,1,0.99892586
P00385,Provider_385,City_185,NV,39.0026,-116.2194,ENT,Cardiology,Specialty Care,11,220,16,3.71,0.77,False,False,In-network,375,True,Hospital_85,4.59,North,1,0.9998808
P00386,Provider_386,City_186,CO,39.8001,-105.5321,Psychiatry,Endocrinology,Specialty Care,5,250,37,4.78,0.44,True,True,In-network,153,False,Hospital_86,1.39,South,1,0.999458
P00387,Provider_387,City_187,NC,36.0596,-78.7193,Cardiology,Psychiatry,Specialty Care,29,500,23,1.38,0.03,True,False,Out-of-network,272,True,Hospital_87,3.9,West,1,0.9989285
P00388,Provider_388,City_188,IL,40.9831,-89.0485,Gastroenterology,Ophthalmology,Specialty Care,5,420,38,3.39,0.61,True,False,Out-of-network,291,False,Hospital_88,3.77,South,1,0.9998808
P00389,Provider_389,City_189,FL,28.3944,-81.3603,Orthopedics,Gastroenterology,Surgical,10,400,45,4.23,0.36,True,True,In-network,253,False,Hospital_89,2.03,North,1,0.999458
P00390,Provider_390,City_190,AZ,34.4989,-110.6437,Ophthalmology,Dermatology,Specialty Care,3,180,11,4.4,0.27,True,True,Out-of-network,391,True,Hospital_90,1.37,East,1,0.9994167
P00391,Provider_391,City_191,GA,32.1656,-82.9001,Orthopedics,Dermatology,Surgical,32,400,40,1.27,0.3,False,False,In-network,461,False,Hospital_91,3.07,North,1,0.999851
P00392,Provider_392,City_192,MA,42.4572,-71.3324,Dermatology,ENT,Specialty Care,28,200,51,3.74,0.24,False,True,In-network,168,False,Hospital_92,4.32,South,1,0.9998622
P00393,Provider_393,City_193,NC,35.8596,-78.9193,Endocrinology,Urology,Specialty Care,1,400,47,1.39,0.54,True,False,Out-of-network,455,True,Hospital_93,3.24,East,1,0.9998802
P00394,Provider_394,City_194,AZ,34.1989,-110.9437,Neurology,Psychiatry,Specialty Care,18,450,47,1.13,0.63,True,True,Out-of-network,251,True,Hospital_94,4.95,South,1,0.9991364
P00395,Provider_395,City_195,WA,47.9511,-120.5401,Urology,Dermatology,Specialty Care,4,380,37,1.63,0.79,True,True,Out-of-network,254,False,Hospital_95,3.15,East,1,0.99988866
P00396,Provider_396,City_196,IL,40.8831,-89.1485,Urology,Pediatrics,Specialty Care,13,380,24,4.65,0.17,True,True,In-network,481,False,Hospital_96,3.58,South,1,0.9998517
P00397,Provider_397,City_197,CO,39.8501,-105.4821,Ophthalmology,Endocrinology,Specialty Care,23,180,16,2.23,0.08,True,True,In-network,105,False,Hospital_97,3.09,West,1,0.9998615
P00398,Provider_398,City_198,NY,43.6494,-73.8679,Endocrinology,Psychiatry,Specialty Care,20,400,51,2.26,0.23,True,False,In-network,443,False,Hospital_98,3.63,East,1,0.999851
P00399,Provider_399,City_199,PA,41.6033,-76.7945,Orthopedics,Cardiology,Surgical,17,400,60,4.28,0.17,False,True,In-network,352,True,Hospital_99,1.31,North,1,0.9994167
P00400,Provider_400,City_200,NV,39.2526,-115.9694,Orthopedics,Orthopedics,Surgical,1,400,34,4.26,0.16,False,True,In-network,107,True,Hospital_100,4.06,East,1,0.9998622
P00401,Provider_401,City_1,NC,35.7596,-79.0193,Psychiatry,Psychiatry,Specialty Care,30,250,36,3.4,0.24,True,False,In-network,91,False,Hospital_1,3.98,South,1,0.9998622
P00402,Provider_402,City_2,AZ,34.0989,-111.0437,Endocrinology,Cardiology,Specialty Care,6,400,51,3.42,0.03,True,True,In-network,128,True,Hospital_2,2.04,East,1,0.999458
P00403,Provider_403,City_3,CO,39.6501,-105.6821,Endocrinology,Cardiology,Specialty Care,9,400,6,1.74,0.97,False,True,Out-of-network,138,True,Hospital_3,1.2,South,1,0.99956197
P00404,Provider_404,City_4,IL,40.7831,-89.2485,General Practice,Neurology,Primary Care,6,100,33,1.87,0.95,False,False,Out-of-network,216,False,Hospital_4,2.12,East,1,0.99956197
P00405,Provider_405,City_5,CO,39.7501,-105.5821,Dermatology,Cardiology,Specialty Care,23,200,37,2.27,0.22,True,True,Out-of-network,292,False,Hospital_5,2.94,North,1,0.9997284
P00406,Provider_406,City_6,AZ,34.2989,-110.8437,Ophthalmology,Psychiatry,Specialty Care,21,180,34,3.66,0.41,True,True,Out-of-network,368,False,Hospital_6,4.13,South,1,0.9998517
P00407,Provider_407,City_7,CA,37.0783,-119.1179,ENT,Orthopedics,Specialty Care,15,220,45,4.51,0.48,False,False,In-network,60,False,Hospital_7,4.95,West,1,0.99988925
P00408,Provider_408,City_8,MA,42.7572,-71.0324,Endocrinology,Dermatology,Specialty Care,25,400,7,1.51,0.19,False,True,In-network,317,False,Hospital_8,1.04,West,1,0.9994137
P00409,Provider_409,City_9,GA,32.5656,-82.5001,ENT,Cardiology,Specialty Care,38,220,46,3.12,0.82,True,True,Out-of-network,149,True,Hospital_9,2.02,South,1,0.9995641
P00410,Provider_410,City_10,WA,48.2011,-120.2901,Endocrinology,Orthopedics,Specialty Care,15,400,12,2.64,0.7,True,False,In-network,281,True,Hospital_10,1.71,West,1,0.9995629
P00411,Provider_411,City_11,MA,42.4072,-71.3824,General Practice,Orthopedics,Primary Care,16,100,42,1.94,0.4,True,False,Out-of-network,347,False,Hospital_11,1.79,East,1,0.9994137
P00412,Provider_412,City_12,GA,32.2156,-82.8501,Endocrinology,Psychiatry,Specialty Care,25,400,49,4.87,0.64,False,False,Out-of-network,340,False,Hospital_12,4.9,South,1,0.9998808
P00413,Provider_413,City_13,MA,42.5072,-71.2824,Gastroenterology,ENT,Specialty Care,5,420,13,1.77,0.66,True,True,Out-of-network,264,False,Hospital_13,2.27,North,1,0.99956197
P00414,Provider_414,City_14,TX,32.1186,-99.7518,Pediatrics,ENT,Primary Care,13,150,31,3.78,0.05,True,False,Out-of-network,264,True,Hospital_14,2.21,North,1,0.999458
P00415,Provider_415,City_15,NY,43.4994,-74.0179,Cardiology,ENT,Specialty Care,12,500,41,4.15,0.8,True,False,In-network,409,True,Hospital_15,2.94,North,0,0.015378123
P00416,Provider_416,City_16,MI,44.5648,-85.3524,Dermatology,Urology,Specialty Care,12,200,23,4.5,0.9,True,False,Out-of-network,369,True,Hospital_16,3.82,West,1,0.9998808
P00417,Provider_417,City_17,PA,41.5033,-76.8945,Urology,Neurology,Specialty Care,29,380,18,3.66,0.93,True,False,In-network,497,False,Hospital_17,3.23,North,1,0.9998808
P00418,Provider_418,City_18,TX,32.3186,-99.5518,Pediatrics,Cardiology,Primary Care,16,150,27,4.45,0.07,True,True,In-network,480,True,Hospital_18,1.28,East,1,0.9994167
P00419,Provider_419,City_19,FL,28.3944,-81.3603,Urology,Urology,Specialty Care,5,380,49,3.01,0.22,True,False,Out-of-network,178,False,Hospital_19,4.48,South,1,0.9998652
P00420,Provider_420,City_20,NC,36.2096,-78.5693,Ophthalmology,ENT,Specialty Care,24,180,40,2.31,0.74,True,False,Out-of-network,478,True,Hospital_20,3.86,East,1,0.9998802
P00421,Provider_421,City_21,CO,39.5501,-105.7821,Gastroenterology,Endocrinology,Specialty Care,16,420,5,1.75,0.65,True,False,Out-of-network,197,False,Hospital_21,1.31,South,1,0.99956197
P00422,Provider_422,City_22,CO,39.6001,-105.7321,Urology,Pediatrics,Specialty Care,25,380,57,1.81,0.41,False,True,Out-of-network,365,True,Hospital_22,2.09,East,1,0.9994137
P00423,Provider_423,City_23,AZ,34.1489,-110.9937,Orthopedics,Urology,Surgical,6,400,49,4.4,0.39,False,True,Out-of-network,77,True,Hospital_23,4.58,West,1,0.9998622
P00424,Provider_424,City_24,CA,36.9283,-119.2679,General Practice,Orthopedics,Primary Care,8,100,16,4.1,0.83,False,True,In-network,254,False,Hospital_24,4.28,West,1,0.99988925
P00425,Provider_425,City_25,OH,40.6173,-82.7071,Pediatrics,Gastroenterology,Primary Care,34,150,12,1.74,0.58,False,False,Out-of-network,241,False,Hospital_25,3.39,South,1,0.99988866
P00426,Provider_426,City_26,OH,40.6673,-82.6571,General Practice,Cardiology,Primary Care,15,100,5,2.06,0.33,True,True,Out-of-network,466,False,Hospital_26,1.42,North,1,0.9994137
P00427,Provider_427,City_27,OH,40.7173,-82.6071,Cardiology,General Practice,Specialty Care,9,500,10,4.57,0.71,False,True,In-network,426,False,Hospital_27,4.18,North,1,0.9990753
P00428,Provider_428,City_28,CA,37.1283,-119.0679,Cardiology,Ophthalmology,Specialty Care,18,500,22,2.21,0.74,True,False,In-network,106,True,Hospital_28,1.44,South,0,0.0028312707
P00429,Provider_429,City_29,MA,42.8072,-70.9824,Psychiatry,Neurology,Specialty Care,21,250,6,3.83,0.0,True,True,Out-of-network,123,False,Hospital_29,3.27,South,1,0.9998622
P00430,Provider_430,City_30,CA,37.2283,-118.9679,ENT,Endocrinology,Specialty Care,34,220,25,3.73,0.5,False,False,Out-of-network,84,False,Hospital_30,2.57,South,1,0.99970335
P00431,Provider_431,City_31,GA,32.1656,-82.9001,ENT,Gastroenterology,Specialty Care,27,220,37,4.02,0.03,False,False,In-network,202,True,Hospital_31,4.57,East,1,0.9998622
P00432,Provider_432,City_32,IL,40.6831,-89.3485,Neurology,Dermatology,Specialty Care,23,450,12,3.6,0.09,True,False,In-network,342,True,Hospital_32,3.72,East,1,0.9988501
P00433,Provider_433,City_33,PA,41.3033,-77.0945,Dermatology,Gastroenterology,Specialty Care,12,200,43,3.96,0.17,False,True,In-network,303,False,Hospital_33,3.58,North,1,0.9998517
P00434,Provider_434,City_34,GA,32.3156,-82.7501,Neurology,Neurology,Specialty Care,11,450,20,4.39,0.0,False,False,Out-of-network,355,True,Hospital_34,3.0,East,1,0.9988501
P00435,Provider_435,City_35,CA,36.9783,-119.2179,Urology,Orthopedics,Specialty Care,13,380,31,3.5,1.0,False,True,Out-of-network,82,True,Hospital_35,2.99,West,1,0.99988925
P00436,Provider_436,City_36,CA,37.0283,-119.1679,Neurology,Dermatology,Specialty Care,8,450,57,4.66,0.71,False,True,In-network,128,True,Hospital_36,3.88,South,1,0.9991406
P00437,Provider_437,City_37,FL,28.2944,-81.4603,Endocrinology,ENT,Specialty Care,29,400,50,3.5,0.23,True,True,Out-of-network,122,True,Hospital_37,4.21,East,1,0.9998622
P00438,Provider_438,City_38,WA,48.1011,-120.3901,Dermatology,Urology,Specialty Care,12,200,44,3.81,0.12,True,True,Out-of-network,245,True,Hospital_38,3.36,South,1,0.9998622
P00439,Provider_439,City_39,MA,42.8072,-70.9824,Endocrinology,Endocrinology,Specialty Care,37,400,39,3.46,0.61,True,False,In-network,94,False,Hospital_39,1.1,West,1,0.9995641
P00440,Provider_440,City_40,AZ,34.4989,-110.6437,Pediatrics,Urology,Primary Care,34,150,19,1.65,0.46,True,True,In-network,309,True,Hospital_40,1.04,West,1,0.9994137
P00441,Provider_441,City_41,CO,39.5501,-105.7821,Neurology,Endocrinology,Specialty Care,36,450,47,4.37,0.04,False,True,In-network,163,False,Hospital_41,4.32,North,1,0.99893135
P00442,Provider_442,City_42,WA,47.8011,-120.6901,Dermatology,Orthopedics,Specialty Care,1,200,46,4.34,1.0,False,True,Out-of-network,362,False,Hospital_42,1.5,West,1,0.99953103
P00443,Provider_443,City_43,GA,32.2656,-82.8001,Ophthalmology,Dermatology,Specialty Care,4,180,23,1.77,0.04,False,True,Out-of-network,225,True,Hospital_43,2.03,West,1,0.99945515
P00444,Provider_444,City_44,TX,32.1186,-99.7518,Gastroenterology,Cardiology,Specialty Care,31,420,46,1.42,0.28,False,True,Out-of-network,250,True,Hospital_44,2.89,North,1,0.9997477
P00445,Provider_445,City_45,NY,43.4994,-74.0179,Psychiatry,Gastroenterology,Specialty Care,13,250,5,2.73,0.72,False,False,Out-of-network,115,True,Hospital_45,3.88,North,1,0.99988866
P00446,Provider_446,City_46,AZ,34.2989,-110.8437,ENT,Orthopedics,Specialty Care,31,220,52,4.5,0.73,False,False,In-network,376,False,Hospital_46,1.98,West,1,0.99953103
P00447,Provider_447,City_47,CA,37.0783,-119.1179,Gastroenterology,Gastroenterology,Specialty Care,33,420,33,2.05,0.19,False,False,In-network,500,True,Hospital_47,4.2,South,1,0.999851
P00448,Provider_448,City_48,NY,43.6494,-73.8679,Urology,ENT,Specialty Care,38,380,31,2.15,0.2,True,True,In-network,234,False,Hospital_48,1.82,North,1,0.99945515
P00449,Provider_449,City_49,WA,48.1511,-120.3401,Cardiology,Psychiatry,Specialty Care,31,500,15,3.58,0.52,True,True,In-network,436,True,Hospital_49,1.07,East,0,0.002644954
P00450,Provider_450,City_50,MI,44.7648,-85.1524,ENT,Ophthalmology,Specialty Care,35,220,30,3.05,0.59,False,False,In-network,125,True,Hospital_50,1.42,West,1,0.99957377
P00451,Provider_451,City_51,NV,38.8026,-116.4194,Endocrinology,Ophthalmology,Specialty Care,29,400,23,3.79,0.52,True,True,Out-of-network,459,False,Hospital_51,3.17,South,1,0.9998808
P00452,Provider_452,City_52,IL,40.6831,-89.3485,Pediatrics,Orthopedics,Primary Care,1,150,39,1.9,0.17,False,False,In-network,420,True,Hospital_52,2.99,South,1,0.999851
P00453,Provider_453,City_53,WA,47.8511,-120.6401,Neurology,ENT,Specialty Care,36,450,26,2.84,0.04,False,False,In-network,380,True,Hospital_53,4.54,East,1,0.99884427
P00454,Provider_454,City_54,TX,32.1186,-99.7518,Gastroenterology,Ophthalmology,Specialty Care,20,420,10,2.94,0.06,False,True,Out-of-network,362,True,Hospital_54,2.7,North,1,0.99962854
P00455,Provider_455,City_55,NY,43.4994,-74.0179,Gastroenterology,ENT,Specialty Care,40,420,44,4.31,0.79,False,False,Out-of-network,459,False,Hospital_55,1.66,West,1,0.99953103
P00456,Provider_456,City_56,CO,39.8001,-105.5321,Endocrinology,General Practice,Specialty Care,15,400,11,4.33,1.0,True,False,Out-of-network,357,False,Hospital_56,3.72,East,1,0.9998808
P00457,Provider_457,City_57,NV,39.1026,-116.1194,Cardiology,Endocrinology,Specialty Care,28,500,57,3.51,0.55,True,True,In-network,132,True,Hospital_57,3.48,East,1,0.9991406
P00458,Provider_458,City_58,FL,28.3444,-81.4103,Gastroenterology,Psychiatry,Specialty Care,34,420,35,1.92,0.68,False,True,Out-of-network,114,True,Hospital_58,2.26,East,1,0.99956197
P00459,Provider_459,City_59,NY,43.6994,-73.8179,Urology,Dermatology,Specialty Care,27,380,29,4.81,0.98,False,False,Out-of-network,403,True,Hospital_59,4.6,North,1,0.9998808
P00460,Provider_460,City_60,OH,40.8673,-82.4571,Urology,Ophthalmology,Specialty Care,36,380,37,4.81,0.12,False,False,In-network,439,False,Hospital_60,1.76,West,1,0.9994167
P00461,Provider_461,City_61,MA,42.4072,-71.3824,Orthopedics,Urology,Surgical,23,400,60,1.34,0.01,True,False,In-network,157,True,Hospital_61,3.68,North,1,0.9998615
P00462,Provider_462,City_62,FL,28.0444,-81.7103,Dermatology,Dermatology,Specialty Care,5,200,44,1.32,0.67,False,False,In-network,456,True,Hospital_62,1.44,North,1,0.99952865
P00463,Provider_463,City_63,AZ,34.1489,-110.9937,Endocrinology,Urology,Specialty Care,30,400,13,4.45,0.76,True,True,In-network,326,False,Hospital_63,4.77,North,1,0.9998808
P00464,Provider_464,City_64,FL,28.1444,-81.6103,Dermatology,Pediatrics,Specialty Care,39,200,6,1.59,0.54,False,True,In-network,373,False,Hospital_64,1.22,North,1,0.99952865
P00465,Provider_465,City_65,TX,32.1686,-99.7018,Gastroenterology,Neurology,Specialty Care,37,420,39,4.8,0.64,False,True,Out-of-network,472,True,Hospital_65,2.12,North,1,0.99953103
P00466,Provider_466,City_66,NY,43.5494,-73.9679,Orthopedics,Cardiology,Surgical,6,400,41,2.07,0.42,False,True,In-network,382,False,Hospital_66,4.15,West,1,0.999851
P00467,Provider_467,City_67,NV,39.1026,-116.1194,Pediatrics,Psychiatry,Primary Care,19,150,20,2.14,0.74,True,False,Out-of-network,249,False,Hospital_67,3.13,South,1,0.99988866
P00468,Provider_468,City_68,MA,42.7572,-71.0324,Dermatology,Ophthalmology,Specialty Care,30,200,20,2.03,0.83,True,True,In-network,393,True,Hospital_68,3.53,East,1,0.9998802
P00469,Provider_469,City_69,NC,36.1596,-78.6193,Cardiology,ENT,Specialty Care,16,500,52,4.89,0.01,True,False,In-network,367,True,Hospital_69,1.74,East,0,0.0021275654
P00470,Provider_470,City_70,AZ,34.4989,-110.6437,General Practice,Endocrinology,Primary Care,27,100,22,4.92,0.92,False,False,Out-of-network,160,True,Hospital_70,4.17,East,1,0.99988925
P00471,Provider_471,City_71,GA,32.1656,-82.9001,General Practice,Orthopedics,Primary Care,9,100,12,1.6,0.79,True,False,Out-of-network,435,True,Hospital_71,1.26,North,1,0.99952865
P00472,Provider_472,City_72,NY,43.3494,-74.1679,Dermatology,ENT,Specialty Care,39,200,28,4.38,0.9,True,True,Out-of-network,119,False,Hospital_72,4.34,North,1,0.99988925
P00473,Provider_473,City_73,WA,47.8511,-120.6401,General Practice,Endocrinology,Primary Care,36,100,8,1.43,0.05,False,False,Out-of-network,361,False,Hospital_73,4.93,North,1,0.999851
P00474,Provider_474,City_74,AZ,34.1989,-110.9437,Orthopedics,ENT,Surgical,20,400,24,3.33,0.13,False,False,In-network,469,False,Hospital_74,1.34,West,1,0.9994167
P00475,Provider_475,City_75,WA,47.9511,-120.5401,Ophthalmology,Endocrinology,Specialty Care,10,180,8,4.73,0.13,False,False,In-network,186,True,Hospital_75,4.31,North,1,0.9998622
P00476,Provider_476,City_76,IL,40.8831,-89.1485,Cardiology,Gastroenterology,Specialty Care,27,500,36,1.89,0.0,False,True,In-network,460,False,Hospital_76,2.21,West,0,0.0021167668
P00477,Provider_477,City_77,GA,32.4656,-82.6001,Ophthalmology,Neurology,Specialty Care,29,180,31,2.1,0.91,False,True,Out-of-network,189,True,Hospital_77,2.76,West,1,0.9997701
P00478,Provider_478,City_78,WA,48.1011,-120.3901,Neurology,Psychiatry,Specialty Care,17,450,39,4.16,0.11,True,True,Out-of-network,81,False,Hospital_78,3.56,East,1,0.99893135
P00479,Provider_479,City_79,CO,39.9501,-105.3821,ENT,Endocrinology,Specialty Care,16,220,13,4.59,0.17,False,True,In-network,444,False,Hospital_79,4.88,East,1,0.9998517
P00480,Provider_480,City_80,NV,39.2526,-115.9694,Psychiatry,Ophthalmology,Specialty Care,10,250,35,1.65,0.24,True,True,Out-of-network,464,False,Hospital_80,4.43,South,1,0.999851
P00481,Provider_481,City_81,NV,38.8026,-116.4194,Pediatrics,Orthopedics,Primary Care,22,150,45,2.4,0.32,True,False,In-network,354,True,Hospital_81,2.84,East,1,0.9996923
P00482,Provider_482,City_82,NC,35.8096,-78.9693,Cardiology,Psychiatry,Specialty Care,8,500,37,1.97,0.74,True,True,In-network,285,False,Hospital_82,4.83,North,1,0.9990707
P00483,Provider_483,City_83,NC,35.8596,-78.9193,Urology,Dermatology,Specialty Care,30,380,39,1.72,0.9,True,True,Out-of-network,339,False,Hospital_83,2.85,East,1,0.9997526
P00484,Provider_484,City_84,WA,47.9011,-120.5901,Cardiology,Ophthalmology,Specialty Care,6,500,38,4.39,0.24,False,False,In-network,77,True,Hospital_84,1.52,South,0,0.002289136
P00485,Provider_485,City_85,AZ,34.2489,-110.8937,Gastroenterology,Pediatrics,Specialty Care,15,420,44,4.27,0.99,True,True,Out-of-network,461,True,Hospital_85,2.49,South,1,0.99953103
P00486,Provider_486,City_86,WA,48.0011,-120.4901,Neurology,Gastroenterology,Specialty Care,20,450,54,2.85,0.13,False,True,Out-of-network,464,False,Hospital_86,1.62,West,0,0.0021167668
P00487,Provider_487,City_87,IL,40.9331,-89.0985,Orthopedics,Endocrinology,Surgical,38,400,51,2.49,0.35,True,False,Out-of-network,172,False,Hospital_87,3.15,South,1,0.9998615
P00488,Provider_488,City_88,GA,32.5156,-82.5501,Psychiatry,Urology,Specialty Care,9,250,34,1.78,0.57,False,False,In-network,180,False,Hospital_88,3.14,West,1,0.99988866
P00489,Provider_489,City_89,MI,44.7148,-85.2024,Ophthalmology,Neurology,Specialty Care,9,180,14,2.69,0.33,False,True,In-network,500,False,Hospital_89,1.37,North,1,0.9994137
P00490,Provider_490,City_90,CA,37.2283,-118.9679,Endocrinology,Cardiology,Specialty Care,30,400,11,2.28,0.85,False,False,Out-of-network,269,False,Hospital_90,1.1,West,1,0.99956197
P00491,Provider_491,City_91,PA,41.2033,-77.1945,Dermatology,Pediatrics,Specialty Care,2,200,28,2.09,0.35,True,True,Out-of-network,363,False,Hospital_91,2.82,East,1,0.9996923
P00492,Provider_492,City_92,CO,39.6001,-105.7321,Dermatology,Cardiology,Specialty Care,2,200,20,3.14,0.48,True,True,In-network,339,True,Hospital_92,4.42,East,1,0.9998808
P00493,Provider_493,City_93,CA,36.8783,-119.3179,Ophthalmology,Gastroenterology,Specialty Care,11,180,17,1.61,0.58,False,False,In-network,211,False,Hospital_93,2.48,West,1,0.99956197
P00494,Provider_494,City_94,TX,32.1186,-99.7518,Orthopedics,Neurology,Surgical,40,400,36,1.21,0.66,False,False,In-network,195,False,Hospital_94,3.47,South,1,0.99988866
P00495,Provider_495,City_95,NC,35.9596,-78.8193,Cardiology,Dermatology,Specialty Care,12,500,23,3.27,0.42,True,True,Out-of-network,174,False,Hospital_95,4.97,West,1,0.99893135
P00496,Provider_496,City_96,WA,48.0011,-120.4901,Pediatrics,Neurology,Primary Care,39,150,34,4.39,0.95,False,True,In-network,151,False,Hospital_96,4.19,West,1,0.99988925
P00497,Provider_497,City_97,WA,48.0511,-120.4401,Cardiology,General Practice,Specialty Care,7,500,38,1.84,0.01,True,True,Out-of-network,436,False,Hospital_97,2.43,South,0,0.0021167668
P00498,Provider_498,City_98,MA,42.7572,-71.0324,ENT,Cardiology,Specialty Care,19,220,31,4.47,0.5,True,False,Out-of-network,282,True,Hospital_98,4.92,East,1,0.9998895
P00499,Provider_499,City_99,MI,44.7148,-85.2024,Cardiology,Endocrinology,Specialty Care,1,500,53,4.66,0.03,False,False,In-network,205,False,Hospital_99,4.46,West,1,0.99893135
P00500,Provider_500,City_100,NV,39.2526,-115.9694,Urology,ENT,Specialty Care,34,380,48,1.21,0.25,True,False,In-network,293,True,Hospital_100,4.76,South,1,0.999851
P00501,Provider_501,City_101,NC,35.7596,-79.0193,Orthopedics,Cardiology,Surgical,4,400,56,1.98,0.67,False,False,In-network,498,True,Hospital_1,1.9,North,1,0.99952865
P00502,Provider_502,City_102,NY,43.3494,-74.1679,ENT,Urology,Specialty Care,16,220,11,2.9,0.12,True,True,In-network,115,False,Hospital_2,4.73,East,1,0.9998615
P00503,Provider_503,City_103,MA,42.5072,-71.2824,ENT,Orthopedics,Specialty Care,33,220,60,4.88,0.59,False,False,In-network,280,False,Hospital_3,2.52,South,1,0.9995652
P00504,Provider_504,City_104,CA,36.9283,-119.2679,Neurology,Cardiology,Specialty Care,38,450,41,3.01,0.93,True,True,Out-of-network,153,False,Hospital_4,4.34,North,1,0.99915946
P00505,Provider_505,City_105,OH,40.6173,-82.7071,Dermatology,Urology,Specialty Care,1,200,35,3.65,0.66,True,False,In-network,177,False,Hospital_5,3.02,South,1,0.99988925
P00506,Provider_506,City_106,NV,39.0526,-116.1694,Neurology,Orthopedics,Specialty Care,22,450,31,4.95,0.8,True,True,In-network,356,False,Hospital_6,4.2,West,1,0.9990753
P00507,Provider_507,City_107,NC,36.0596,-78.7193,Neurology,Gastroenterology,Specialty Care,26,450,55,3.06,1.0,False,False,In-network,203,False,Hospital_7,1.98,East,0,0.0028457039
P00508,Provider_508,City_108,NV,39.1526,-116.0694,Gastroenterology,Dermatology,Specialty Care,4,420,40,4.06,0.46,True,False,Out-of-network,225,False,Hospital_8,4.48,North,1,0.9998622
P00509,Provider_509,City_109,FL,28.3944,-81.3603,Psychiatry,General Practice,Specialty Care,23,250,21,2.1,0.66,False,True,In-network,156,False,Hospital_9,1.62,South,1,0.99956197
P00510,Provider_510,City_110,MA,42.8572,-70.9324,Urology,General Practice,Specialty Care,2,380,29,2.74,0.28,True,True,Out-of-network,121,False,Hospital_10,3.03,West,1,0.9998615
P00511,Provider_511,City_111,NC,35.7596,-79.0193,Pediatrics,General Practice,Primary Care,37,150,7,3.72,0.65,False,True,In-network,138,True,Hospital_11,1.28,West,1,0.9995641
P00512,Provider_512,City_112,MI,44.3648,-85.5524,Pediatrics,Endocrinology,Primary Care,36,150,9,2.63,0.4,False,True,Out-of-network,342,False,Hospital_12,1.59,South,1,0.9994137
P00513,Provider_513,City_113,MI,44.4148,-85.5024,General Practice,Psychiatry,Primary Care,29,100,44,4.4,0.4,True,False,Out-of-network,448,False,Hospital_13,4.05,East,1,0.9998517
P00514,Provider_514,City_114,AZ,34.1989,-110.9437,Pediatrics,Dermatology,Primary Care,13,150,29,3.67,0.23,True,False,Out-of-network,415,False,Hospital_14,2.76,North,1,0.9996939
P00515,Provider_515,City_115,MI,44.5148,-85.4024,Orthopedics,Cardiology,Surgical,21,400,37,4.67,0.17,True,False,Out-of-network,492,False,Hospital_15,2.14,East,1,0.9994167
P00516,Provider_516,City_116,MI,44.5648,-85.3524,Neurology,Neurology,Specialty Care,22,450,49,1.51,0.02,False,True,Out-of-network,196,True,Hospital_16,4.44,South,1,0.99892586
P00517,Provider_517,City_117,NC,36.0596,-78.7193,Endocrinology,Neurology,Specialty Care,6,400,40,4.54,0.53,True,False,In-network,376,True,Hospital_17,1.15,West,1,0.99953103
P00518,Provider_518,City_118,OH,40.7673,-82.5571,Dermatology,Pediatrics,Specialty Care,1,200,25,2.69,0.86,True,True,Out-of-network,214,False,Hospital_18,2.54,West,1,0.99956197
P00519,Provider_519,City_119,MI,44.7148,-85.2024,General Practice,Gastroenterology,Primary Care,14,100,28,1.41,0.38,False,False,Out-of-network,438,True,Hospital_19,2.24,West,1,0.9994137
P00520,Provider_520,City_120,WA,48.2011,-120.2901,Ophthalmology,General Practice,Specialty Care,23,180,30,3.13,0.94,True,False,In-network,347,True,Hospital_20,4.77,East,1,0.9998808
P00521,Provider_521,City_121,PA,41.2033,-77.1945,Orthopedics,Orthopedics,Surgical,25,400,19,2.74,0.98,False,True,Out-of-network,437,True,Hospital_21,2.7,South,1,0.9997013
P00522,Provider_522,City_122,GA,32.2156,-82.8501,Urology,Psychiatry,Specialty Care,5,380,12,4.71,0.11,True,True,In-network,355,False,Hospital_22,4.06,West,1,0.9998517
P00523,Provider_523,City_123,NC,35.8596,-78.9193,Pediatrics,Neurology,Primary Care,30,150,6,2.04,0.06,False,True,Out-of-network,97,True,Hospital_23,4.91,East,1,0.9998615
P00524,Provider_524,City_124,IL,40.7831,-89.2485,Psychiatry,Orthopedics,Specialty Care,6,250,43,4.19,0.91,True,True,In-network,310,True,Hospital_24,4.87,North,1,0.9998808
P00525,Provider_525,City_125,PA,41.4033,-76.9945,ENT,Urology,Specialty Care,24,220,20,4.16,0.86,True,False,In-network,156,True,Hospital_25,4.13,South,1,0.99988925
P00526,Provider_526,City_126,CO,39.8001,-105.5321,Dermatology,Pediatrics,Specialty Care,30,200,6,3.93,0.28,False,True,Out-of-network,275,False,Hospital_26,3.11,West,1,0.99986255
P00527,Provider_527,City_127,FL,28.2944,-81.4603,Gastroenterology,Ophthalmology,Specialty Care,31,420,21,1.85,0.91,False,False,Out-of-network,473,True,Hospital_27,4.3,South,1,0.9998802
P00528,Provider_528,City_128,CO,39.9001,-105.4321,Urology,Pediatrics,Specialty Care,40,380,34,2.32,0.33,True,True,Out-of-network,317,True,Hospital_28,2.97,West,1,0.9997693
P00529,Provider_529,City_129,NV,39.2026,-116.0194,Ophthalmology,Cardiology,Specialty Care,21,180,10,3.23,0.3,True,True,In-network,213,False,Hospital_29,1.22,West,1,0.999458
P00530,Provider_530,City_130,TX,32.4186,-99.4518,Endocrinology,Urology,Specialty Care,33,400,30,3.1,0.33,True,True,Out-of-network,464,False,Hospital_30,2.76,South,1,0.9996939
P00531,Provider_531,City_131,GA,32.1656,-82.9001,ENT,Endocrinology,Specialty Care,7,220,17,1.6,0.23,True,False,In-network,312,False,Hospital_31,3.72,South,1,0.999851
P00532,Provider_532,City_132,WA,47.8011,-120.6901,Psychiatry,Urology,Specialty Care,14,250,42,2.15,0.89,True,False,In-network,275,True,Hospital_32,2.89,East,1,0.99979764
P00533,Provider_533,City_133,NY,43.3994,-74.1179,Orthopedics,Neurology,Surgical,30,400,32,4.34,0.62,False,False,In-network,355,True,Hospital_33,4.82,West,1,0.9998808
P00534,Provider_534,City_134,TX,32.1186,-99.7518,ENT,Orthopedics,Specialty Care,18,220,58,1.55,0.34,True,False,Out-of-network,388,False,Hospital_34,3.9,North,1,0.999851
P00535,Provider_535,City_135,OH,40.6173,-82.7071,Dermatology,Ophthalmology,Specialty Care,37,200,59,1.85,0.6,True,True,In-network,234,True,Hospital_35,2.85,North,1,0.9997701
P00536,Provider_536,City_136,NY,43.5494,-73.9679,General Practice,ENT,Primary Care,22,100,56,3.59,0.99,False,True,In-network,101,False,Hospital_36,1.33,East,1,0.9995641
P00537,Provider_537,City_137,WA,48.0511,-120.4401,ENT,General Practice,Specialty Care,40,220,46,4.48,0.74,False,False,In-network,193,True,Hospital_37,2.95,South,1,0.99982846
P00538,Provider_538,City_138,NY,43.6494,-73.8679,Neurology,Dermatology,Specialty Care,33,450,59,3.35,0.46,False,False,Out-of-network,443,False,Hospital_38,1.52,East,0,0.0021275654
P00539,Provider_539,City_139,WA,48.1511,-120.3401,Ophthalmology,Dermatology,Specialty Care,31,180,60,1.25,0.37,True,True,Out-of-network,126,False,Hospital_39,4.3,South,1,0.9998615
P00540,Provider_540,City_140,CA,37.2283,-118.9679,Urology,Gastroenterology,Specialty Care,13,380,56,4.41,0.95,False,False,Out-of-network,86,False,Hospital_40,3.92,North,1,0.99988925
P00541,Provider_541,City_141,NV,38.8026,-116.4194,Neurology,Gastroenterology,Specialty Care,34,450,43,1.2,0.39,True,True,Out-of-network,54,False,Hospital_41,3.48,East,1,0.99892586
P00542,Provider_542,City_142,GA,32.2156,-82.8501,Cardiology,Urology,Specialty Care,12,500,59,3.18,0.35,False,False,In-network,200,True,Hospital_42,3.32,West,1,0.99893135
P00543,Provider_543,City_143,PA,41.3033,-77.0945,Dermatology,ENT,Specialty Care,11,200,35,3.01,0.5,True,True,Out-of-network,156,True,Hospital_43,4.29,South,1,0.99989164
P00544,Provider_544,City_144,MA,42.5572,-71.2324,General Practice,Endocrinology,Primary Care,8,100,21,4.12,0.28,False,True,Out-of-network,94,True,Hospital_44,2.53,West,1,0.999458
P00545,Provider_545,City_145,GA,32.3656,-82.7001,Psychiatry,Orthopedics,Specialty Care,17,250,45,2.02,0.84,True,False,Out-of-network,433,True,Hospital_45,4.7,North,1,0.9998802
P00546,Provider_546,City_146,NV,39.0526,-116.1694,General Practice,Pediatrics,Primary Care,14,100,54,2.1,0.65,True,True,Out-of-network,489,True,Hospital_46,1.97,East,1,0.99952865
P00547,Provider_547,City_147,GA,32.4656,-82.6001,Pediatrics,ENT,Primary Care,5,150,57,4.44,0.97,False,False,In-network,413,True,Hospital_47,1.35,South,1,0.99953103
P00548,Provider_548,City_148,PA,41.5533,-76.8445,General Practice,Neurology,Primary Care,29,100,19,3.37,0.78,False,True,In-network,63,False,Hospital_48,2.74,North,1,0.99974674
P00549,Provider_549,City_149,IL,41.0331,-88.9985,Cardiology,Psychiatry,Specialty Care,29,500,37,3.62,0.01,False,False,Out-of-network,472,True,Hospital_49,4.65,West,1,0.9988501
P00550,Provider_550,City_150,AZ,34.4989,-110.6437,Dermatology,ENT,Specialty Care,20,200,50,2.05,0.1,False,False,In-network,487,True,Hospital_50,3.96,East,1,0.999851
P00551,Provider_551,City_151,WA,47.7511,-120.7401,Neurology,Orthopedics,Specialty Care,5,450,20,4.29,0.27,True,False,In-network,410,True,Hospital_51,1.84,North,0,0.0021275654
P00552,Provider_552,City_152,AZ,34.0989,-111.0437,General Practice,Orthopedics,Primary Care,31,100,23,1.9,0.82,False,False,Out-of-network,369,False,Hospital_52,2.34,West,1,0.99952865
P00553,Provider_553,City_153,NV,38.9026,-116.3194,Neurology,Cardiology,Specialty Care,5,450,54,4.59,0.47,True,False,Out-of-network,97,False,Hospital_53,2.38,South,0,0.002289136
P00554,Provider_554,City_154,OH,40.5673,-82.7571,Gastroenterology,Endocrinology,Specialty Care,23,420,48,4.87,0.09,True,True,Out-of-network,433,True,Hospital_54,3.42,North,1,0.9998517
P00555,Provider_555,City_155,AZ,34.2489,-110.8937,Ophthalmology,Psychiatry,Specialty Care,30,180,19,4.6,0.17,False,True,Out-of-network,195,False,Hospital_55,3.93,West,1,0.9998622
P00556,Provider_556,City_156,CA,37.0283,-119.1679,Neurology,Orthopedics,Specialty Care,29,450,40,3.14,0.21,True,False,In-network,229,True,Hospital_56,4.89,East,1,0.99893135
P00557,Provider_557,City_157,PA,41.5033,-76.8945,Dermatology,Orthopedics,Specialty Care,10,200,31,4.63,0.88,False,False,In-network,359,False,Hospital_57,2.19,South,1,0.99953103
P00558,Provider_558,City_158,WA,48.1011,-120.3901,Pediatrics,ENT,Primary Care,24,150,5,2.69,0.74,True,False,In-network,482,True,Hospital_58,1.08,South,1,0.99952865
P00559,Provider_559,City_159,FL,28.3944,-81.3603,Urology,Psychiatry,Specialty Care,38,380,26,4.27,0.98,True,True,Out-of-network,287,False,Hospital_59,1.69,West,1,0.99953103
P00560,Provider_560,City_160,CA,37.2283,-118.9679,Ophthalmology,General Practice,Specialty Care,8,180,56,2.91,0.94,True,False,In-network,275,True,Hospital_60,2.87,South,1,0.99979764
P00561,Provider_561,City_161,TX,31.9686,-99.9018,Pediatrics,Orthopedics,Primary Care,16,150,56,1.33,0.87,False,False,Out-of-network,416,False,Hospital_61,2.45,South,1,0.99952865
P00562,Provider_562,City_162,PA,41.2533,-77.1445,Orthopedics,Dermatology,Surgical,21,400,57,4.02,0.07,True,False,In-network,211,False,Hospital_62,2.97,West,1,0.9997867
P00563,Provider_563,City_163,MA,42.5072,-71.2824,Endocrinology,Endocrinology,Specialty Care,7,400,39,1.87,0.73,False,True,Out-of-network,170,False,Hospital_63,4.43,South,1,0.99988866
P00564,Provider_564,City_164,FL,28.1444,-81.6103,Neurology,Orthopedics,Specialty Care,16,450,44,4.91,0.11,True,True,Out-of-network,244,True,Hospital_64,2.74,North,0,0.006037925
P00565,Provider_565,City_165,WA,47.9511,-120.5401,General Practice,Orthopedics,Primary Care,2,100,55,3.06,0.89,False,True,In-network,400,True,Hospital_65,3.96,North,1,0.9998808
P00566,Provider_566,City_166,NC,36.0096,-78.7693,Endocrinology,Ophthalmology,Specialty Care,19,400,12,4.46,0.54,False,False,In-network,231,True,Hospital_66,3.17,West,1,0.99988925
P00567,Provider_567,City_167,PA,41.5033,-76.8945,Dermatology,Neurology,Specialty Care,30,200,31,3.38,0.03,False,False,Out-of-network,388,False,Hospital_67,3.24,East,1,0.9998517
P00568,Provider_568,City_168,CA,37.1283,-119.0679,Dermatology,Cardiology,Specialty Care,19,200,31,1.26,0.39,True,False,In-network,53,False,Hospital_68,4.3,North,1,0.9998615
P00569,Provider_569,City_169,AZ,34.4489,-110.6937,Dermatology,Ophthalmology,Specialty Care,18,200,9,5.0,0.81,True,True,Out-of-network,401,False,Hospital_69,1.11,East,1,0.99953103
P00570,Provider_570,City_170,IL,41.0831,-88.9485,Urology,Endocrinology,Specialty Care,15,380,33,2.89,0.02,True,True,In-network,257,True,Hospital_70,3.52,South,1,0.9998615
P00571,Provider_571,City_171,MI,44.3148,-85.6024,General Practice,Cardiology,Primary Care,30,100,46,3.29,0.12,False,True,Out-of-network,173,False,Hospital_71,4.08,South,1,0.9998622
P00572,Provider_572,City_172,GA,32.2156,-82.8501,Endocrinology,General Practice,Specialty Care,6,400,11,3.39,0.67,False,False,Out-of-network,149,False,Hospital_72,1.71,West,1,0.9995641
P00573,Provider_573,City_173,NC,35.8596,-78.9193,Orthopedics,Ophthalmology,Surgical,23,400,60,4.67,0.45,True,True,In-network,112,True,Hospital_73,4.27,South,1,0.9998622
P00574,Provider_574,City_174,NV,38.9526,-116.2694,Ophthalmology,Gastroenterology,Specialty Care,6,180,58,3.88,0.29,True,False,Out-of-network,128,True,Hospital_74,1.95,West,1,0.999458
P00575,Provider_575,City_175,PA,41.4033,-76.9945,Neurology,Gastroenterology,Specialty Care,10,450,8,3.36,0.45,True,False,Out-of-network,474,False,Hospital_75,1.82,East,0,0.0021275654
P00576,Provider_576,City_176,FL,28.2444,-81.5103,Gastroenterology,Dermatology,Specialty Care,8,420,18,2.13,0.95,True,False,Out-of-network,365,False,Hospital_76,4.27,West,1,0.9998802
P00577,Provider_577,City_177,NV,39.1026,-116.1194,Psychiatry,General Practice,Specialty Care,4,250,37,1.18,0.23,False,True,In-network,245,True,Hospital_77,2.85,West,1,0.9997141
P00578,Provider_578,City_178,NC,36.1096,-78.6693,Urology,Cardiology,Specialty Care,38,380,38,1.77,0.78,False,False,Out-of-network,150,True,Hospital_78,1.33,East,1,0.99956197
P00579,Provider_579,City_179,TX,32.3686,-99.5018,Gastroenterology,Psychiatry,Specialty Care,5,420,54,3.61,0.02,False,True,Out-of-network,401,False,Hospital_79,1.51,West,1,0.9994167
P00580,Provider_580,City_180,AZ,34.4989,-110.6437,Dermatology,Dermatology,Specialty Care,2,200,60,4.31,0.82,True,False,In-network,242,True,Hospital_80,1.06,West,1,0.9995641
P00581,Provider_581,City_181,NV,38.8026,-116.4194,Urology,General Practice,Specialty Care,10,380,40,3.98,0.4,False,False,In-network,202,True,Hospital_81,4.32,West,1,0.9998622
P00582,Provider_582,City_182,TX,32.0186,-99.8518,Psychiatry,General Practice,Specialty Care,32,250,12,3.3,0.76,False,False,Out-of-network,393,False,Hospital_82,2.38,West,1,0.99953103
P00583,Provider_583,City_183,NC,35.8596,-78.9193,Cardiology,Neurology,Specialty Care,9,500,52,3.68,0.58,False,True,Out-of-network,224,False,Hospital_83,2.04,North,0,0.0028457039
P00584,Provider_584,City_184,GA,32.3156,-82.7501,Gastroenterology,General Practice,Specialty Care,39,420,26,3.69,0.58,True,False,In-network,451,False,Hospital_84,2.45,South,1,0.99953103
P00585,Provider_585,City_185,PA,41.4033,-76.9945,Cardiology,Neurology,Specialty Care,31,500,56,1.86,0.33,False,False,In-network,292,True,Hospital_85,1.24,West,0,0.0021167668
P00586,Provider_586,City_186,CA,37.0283,-119.1679,Ophthalmology,Cardiology,Specialty Care,28,180,32,3.68,0.59,True,True,In-network,108,True,Hospital_86,4.68,East,1,0.99988925
P00587,Provider_587,City_187,IL,40.9331,-89.0985,Urology,Neurology,Specialty Care,9,380,28,4.66,0.35,True,True,Out-of-network,312,True,Hospital_87,1.94,West,1,0.9994167
P00588,Provider_588,City_188,PA,41.5533,-76.8445,Urology,Cardiology,Specialty Care,6,380,19,4.75,0.5,True,True,In-network,439,False,Hospital_88,1.52,North,1,0.99953103
P00589,Provider_589,City_189,CA,37.1783,-119.0179,Endocrinology,Endocrinology,Specialty Care,17,400,26,1.84,0.17,True,True,In-network,60,True,Hospital_89,2.52,South,1,0.99945515
P00590,Provider_590,City_190,MA,42.8572,-70.9324,Cardiology,Gastroenterology,Specialty Care,27,500,19,3.66,0.86,False,False,Out-of-network,469,False,Hospital_90,3.25,South,1,0.9990753
P00591,Provider_591,City_191,CA,36.7783,-119.4179,Cardiology,Neurology,Specialty Care,40,500,29,4.12,0.53,False,False,In-network,135,True,Hospital_91,2.85,South,0,0.010773753
P00592,Provider_592,City_192,MA,42.4572,-71.3324,Psychiatry,Neurology,Specialty Care,1,250,55,3.37,0.83,False,True,In-network,270,False,Hospital_92,2.45,West,1,0.9995641
P00593,Provider_593,City_193,WA,47.8511,-120.6401,Psychiatry,Dermatology,Specialty Care,16,250,41,2.49,0.61,True,True,In-network,152,True,Hospital_93,3.37,North,1,0.99988866
P00594,Provider_594,City_194,AZ,34.1989,-110.9437,Orthopedics,Ophthalmology,Surgical,34,400,11,3.17,0.59,False,True,In-network,77,True,Hospital_94,1.25,East,1,0.9995641
P00595,Provider_595,City_195,IL,40.8331,-89.1985,Pediatrics,Orthopedics,Primary Care,13,150,37,1.89,0.44,True,True,Out-of-network,125,False,Hospital_95,2.07,East,1,0.99945515
P00596,Provider_596,City_196,NV,39.0526,-116.1694,Cardiology,ENT,Specialty Care,29,500,26,3.88,0.08,False,True,In-network,362,True,Hospital_96,2.22,North,0,0.0021275654
P00597,Provider_597,City_197,CA,37.0783,-119.1179,Orthopedics,Urology,Surgical,12,400,9,3.36,0.22,False,False,In-network,138,False,Hospital_97,1.82,South,1,0.999458
P00598,Provider_598,City_198,NV,39.1526,-116.0694,ENT,General Practice,Specialty Care,22,220,50,4.05,0.73,True,True,Out-of-network,438,True,Hospital_98,2.08,East,1,0.99953103
P00599,Provider_599,City_199,FL,28.3944,-81.3603,Gastroenterology,Urology,Specialty Care,28,420,28,4.13,0.42,False,True,In-network,89,False,Hospital_99,4.56,North,1,0.9998622
P00600,Provider_600,City_200,WA,48.2011,-120.2901,Pediatrics,Gastroenterology,Primary Care,35,150,7,1.26,0.49,True,True,Out-of-network,468,False,Hospital_100,1.64,East,1,0.99952865
P00601,Provider_601,City_1,MI,44.3148,-85.6024,Psychiatry,Urology,Specialty Care,21,250,37,2.9,0.93,False,False,In-network,203,False,Hospital_1,2.26,West,1,0.99956197
P00602,Provider_602,City_2,MI,44.3648,-85.5524,Psychiatry,Endocrinology,Specialty Care,25,250,42,2.27,0.73,True,True,In-network,302,False,Hospital_2,3.9,North,1,0.9998802
P00603,Provider_603,City_3,WA,47.8511,-120.6401,Orthopedics,Gastroenterology,Surgical,37,400,59,2.51,0.07,False,True,In-network,422,False,Hospital_3,4.33,South,1,0.999851
P00604,Provider_604,City_4,MI,44.4648,-85.4524,Ophthalmology,Dermatology,Specialty Care,19,180,54,3.06,0.46,False,True,Out-of-network,206,True,Hospital_4,4.3,North,1,0.9998622
P00605,Provider_605,City_5,MI,44.5148,-85.4024,Ophthalmology,Dermatology,Specialty Care,5,180,12,4.2,0.74,True,False,In-network,459,True,Hospital_5,3.49,East,1,0.9998808
P00606,Provider_606,City_6,CO,39.8001,-105.5321,Orthopedics,Cardiology,Surgical,36,400,40,4.41,0.01,False,True,In-network,378,True,Hospital_6,4.05,North,1,0.9998517
P00607,Provider_607,City_7,GA,32.4656,-82.6001,Orthopedics,Dermatology,Surgical,30,400,53,4.11,0.73,True,False,Out-of-network,421,False,Hospital_7,1.18,East,1,0.99953103
P00608,Provider_608,City_8,NV,39.1526,-116.0694,Gastroenterology,Cardiology,Specialty Care,15,420,56,4.37,0.37,True,True,In-network,270,True,Hospital_8,2.05,North,1,0.999458
P00609,Provider_609,City_9,TX,32.3686,-99.5018,General Practice,Pediatrics,Primary Care,29,100,39,1.78,0.81,False,True,In-network,329,False,Hospital_9,4.64,East,1,0.9998802
P00610,Provider_610,City_10,IL,41.0831,-88.9485,ENT,Neurology,Specialty Care,30,220,53,1.69,0.77,False,False,Out-of-network,435,True,Hospital_10,3.54,East,1,0.9998802
P00611,Provider_611,City_11,OH,40.4173,-82.9071,Gastroenterology,Psychiatry,Specialty Care,39,420,22,1.62,0.12,True,True,Out-of-network,313,True,Hospital_11,3.13,South,1,0.999851
P00612,Provider_612,City_12,NY,43.3494,-74.1679,Cardiology,Cardiology,Specialty Care,26,500,7,2.46,0.3,False,True,In-network,409,True,Hospital_12,1.99,South,0,0.0021167668
P00613,Provider_613,City_13,NV,38.9026,-116.3194,Orthopedics,Cardiology,Surgical,23,400,7,3.32,0.34,True,False,In-network,309,False,Hospital_13,2.25,North,1,0.9994167
P00614,Provider_614,City_14,MI,44.4648,-85.4524,Cardiology,Endocrinology,Specialty Care,4,500,40,3.8,0.24,False,False,Out-of-network,140,False,Hospital_14,4.65,East,1,0.99893135
P00615,Provider_615,City_15,NV,39.0026,-116.2194,Cardiology,Cardiology,Specialty Care,37,500,48,1.73,0.16,False,True,Out-of-network,136,True,Hospital_15,4.21,West,1,0.99892586
P00616,Provider_616,City_16,OH,40.6673,-82.6571,Ophthalmology,Dermatology,Specialty Care,24,180,23,2.32,0.67,True,True,In-network,382,False,Hospital_16,4.91,East,1,0.9998802
P00617,Provider_617,City_17,MA,42.7072,-71.0824,ENT,Dermatology,Specialty Care,27,220,10,4.25,0.92,True,True,Out-of-network,292,True,Hospital_17,1.64,South,1,0.99953103
P00618,Provider_618,City_18,NY,43.6494,-73.8679,Endocrinology,ENT,Specialty Care,40,400,48,2.74,0.63,True,False,Out-of-network,448,True,Hospital_18,3.25,North,1,0.9998802
P00619,Provider_619,City_19,CA,37.1783,-119.0179,Psychiatry,Dermatology,Specialty Care,36,250,17,4.7,0.58,True,False,Out-of-network,441,True,Hospital_19,4.75,West,1,0.9998808
P00620,Provider_620,City_20,NC,36.2096,-78.5693,Urology,Cardiology,Specialty Care,3,380,16,4.53,0.9,False,True,In-network,92,False,Hospital_20,2.89,East,1,0.9997981
P00621,Provider_621,City_21,NC,35.7596,-79.0193,Psychiatry,Pediatrics,Specialty Care,7,250,10,4.06,0.1,True,False,Out-of-network,389,False,Hospital_21,1.21,North,1,0.9994167
P00622,Provider_622,City_22,WA,47.8011,-120.6901,General Practice,Urology,Primary Care,29,100,43,4.36,0.77,False,True,Out-of-network,108,False,Hospital_22,3.19,East,1,0.99988925
P00623,Provider_623,City_23,PA,41.3033,-77.0945,Psychiatry,Urology,Specialty Care,5,250,36,1.96,0.33,False,True,Out-of-network,481,True,Hospital_23,4.03,South,1,0.999851
P00624,Provider_624,City_24,NC,35.9096,-78.8693,Pediatrics,Dermatology,Primary Care,26,150,58,2.03,0.56,True,False,Out-of-network,164,False,Hospital_24,4.71,West,1,0.99988866
P00625,Provider_625,City_25,CO,39.7501,-105.5821,Pediatrics,Urology,Primary Care,32,150,58,4.32,0.5,False,True,Out-of-network,159,True,Hospital_25,2.82,East,1,0.9997713
P00626,Provider_626,City_26,IL,40.8831,-89.1485,Psychiatry,Cardiology,Specialty Care,36,250,7,4.08,0.13,False,False,Out-of-network,89,False,Hospital_26,1.23,North,1,0.999458
P00627,Provider_627,City_27,PA,41.5033,-76.8945,Urology,Pediatrics,Specialty Care,4,380,19,4.88,0.4,True,True,Out-of-network,105,False,Hospital_27,2.67,South,1,0.99963105
P00628,Provider_628,City_28,NY,43.6494,-73.8679,Neurology,Urology,Specialty Care,13,450,15,4.14,0.66,True,False,Out-of-network,218,True,Hospital_28,1.66,North,0,0.0028457039
P00629,Provider_629,City_29,MA,42.8072,-70.9824,ENT,General Practice,Specialty Care,25,220,16,4.01,0.77,False,True,Out-of-network,471,False,Hospital_29,3.26,South,1,0.9998808
P00630,Provider_630,City_30,PA,41.6533,-76.7445,Urology,ENT,Specialty Care,32,380,43,1.43,0.02,False,False,In-network,264,False,Hospital_30,3.68,North,1,0.9998615
P00631,Provider_631,City_31,GA,32.1656,-82.9001,Pediatrics,Gastroenterology,Primary Care,13,150,33,2.37,0.71,True,False,Out-of-network,372,True,Hospital_31,4.32,North,1,0.9998802
P00632,Provider_632,City_32,NC,35.8096,-78.9693,Neurology,Endocrinology,Specialty Care,2,450,55,2.33,0.74,False,True,Out-of-network,314,True,Hospital_32,3.66,South,1,0.9990707
P00633,Provider_633,City_33,IL,40.7331,-89.2985,Pediatrics,General Practice,Primary Care,29,150,13,3.81,0.69,True,True,Out-of-network,312,False,Hospital_33,3.36,West,1,0.9998808
P00634,Provider_634,City_34,NY,43.4494,-74.0679,Cardiology,Cardiology,Specialty Care,15,500,16,2.1,0.93,True,False,Out-of-network,421,False,Hospital_34,3.78,South,1,0.9990707
P00635,Provider_635,City_35,MA,42.6072,-71.1824,Cardiology,Neurology,Specialty Care,31,500,19,3.67,0.57,False,True,In-network,151,True,Hospital_35,2.93,South,0,0.016529294
P00636,Provider_636,City_36,MA,42.6572,-71.1324,Dermatology,Urology,Specialty Care,40,200,39,2.84,0.47,False,True,Out-of-network,89,True,Hospital_36,4.64,South,1,0.9998615
P00637,Provider_637,City_37,NV,39.1026,-116.1194,Urology,Endocrinology,Specialty Care,32,380,23,3.1,0.62,True,False,Out-of-network,196,True,Hospital_37,1.83,West,1,0.9995641
P00638,Provider_638,City_38,IL,40.9831,-89.0485,ENT,General Practice,Specialty Care,16,220,23,1.14,0.08,True,False,In-network,489,True,Hospital_38,3.98,East,1,0.999851
P00639,Provider_639,City_39,NY,43.6994,-73.8179,Ophthalmology,Endocrinology,Specialty Care,34,180,26,1.11,0.8,True,True,In-network,272,False,Hospital_39,1.29,West,1,0.9995629
P00640,Provider_640,City_40,NV,39.2526,-115.9694,Gastroenterology,Psychiatry,Specialty Care,17,420,30,4.88,0.3,True,True,Out-of-network,82,True,Hospital_40,2.2,West,1,0.999458
P00641,Provider_641,City_41,IL,40.6331,-89.3985,Dermatology,General Practice,Specialty Care,4,200,18,4.74,0.93,False,False,In-network,283,False,Hospital_41,1.32,North,1,0.99953794
P00642,Provider_642,City_42,TX,32.0186,-99.8518,ENT,Gastroenterology,Specialty Care,3,220,59,2.68,1.0,True,False,In-network,57,False,Hospital_42,3.03,South,1,0.99988866
P00643,Provider_643,City_43,NC,35.8596,-78.9193,Psychiatry,Dermatology,Specialty Care,23,250,45,4.03,0.75,False,True,In-network,246,True,Hospital_43,2.08,East,1,0.9995641
P00644,Provider_644,City_44,MI,44.4648,-85.4524,Psychiatry,Ophthalmology,Specialty Care,36,250,19,2.22,0.43,False,False,In-network,312,True,Hospital_44,2.38,North,1,0.9994137
P00645,Provider_645,City_45,NV,39.0026,-116.2194,ENT,Urology,Specialty Care,12,220,42,4.16,0.74,False,True,Out-of-network,118,False,Hospital_45,1.44,South,1,0.9995641
P00646,Provider_646,City_46,WA,48.0011,-120.4901,Orthopedics,Ophthalmology,Surgical,28,400,58,3.07,0.38,True,True,In-network,295,False,Hospital_46,3.71,East,1,0.9998517
P00647,Provider_647,City_47,NV,39.1026,-116.1194,Ophthalmology,General Practice,Specialty Care,36,180,31,3.76,0.28,True,True,In-network,279,True,Hospital_47,2.69,West,1,0.9996574
P00648,Provider_648,City_48,MI,44.6648,-85.2524,Endocrinology,Psychiatry,Specialty Care,14,400,36,2.26,0.21,False,False,In-network,97,False,Hospital_48,3.1,South,1,0.9998615
P00649,Provider_649,City_49,NC,36.1596,-78.6193,Gastroenterology,Pediatrics,Specialty Care,36,420,16,3.88,0.04,True,False,In-network,95,True,Hospital_49,2.77,South,1,0.9997155
P00650,Provider_650,City_50,NV,39.2526,-115.9694,Pediatrics,Cardiology,Primary Care,17,150,10,1.84,0.53,True,True,Out-of-network,388,True,Hospital_50,4.09,East,1,0.9998802
P00651,Provider_651,City_51,NC,35.7596,-79.0193,Dermatology,Ophthalmology,Specialty Care,14,200,36,3.09,0.93,True,True,Out-of-network,459,False,Hospital_51,2.72,South,1,0.99970275
P00652,Provider_652,City_52,IL,40.6831,-89.3485,Ophthalmology,Dermatology,Specialty Care,22,180,37,4.83,0.77,False,True,Out-of-network,110,True,Hospital_52,4.8,South,1,0.99988925
P00653,Provider_653,City_53,CA,36.8783,-119.3179,Neurology,General Practice,Specialty Care,20,450,30,1.03,0.47,False,False,Out-of-network,334,True,Hospital_53,1.08,East,0,0.0021167668
P00654,Provider_654,City_54,GA,32.3156,-82.7501,ENT,Ophthalmology,Specialty Care,1,220,43,3.75,0.53,False,False,Out-of-network,304,False,Hospital_54,3.59,South,1,0.9998808
P00655,Provider_655,City_55,MA,42.6072,-71.1824,Pediatrics,ENT,Primary Care,26,150,27,3.97,0.45,True,False,In-network,252,False,Hospital_55,2.28,South,1,0.999458
P00656,Provider_656,City_56,AZ,34.2989,-110.8437,ENT,Urology,Specialty Care,25,220,33,3.93,0.16,False,True,In-network,381,False,Hospital_56,3.88,South,1,0.9998517
P00657,Provider_657,City_57,MA,42.7072,-71.0824,ENT,Urology,Specialty Care,23,220,10,1.11,0.37,True,True,In-network,401,False,Hospital_57,3.0,East,1,0.999851
P00658,Provider_658,City_58,WA,48.1011,-120.3901,Gastroenterology,Dermatology,Specialty Care,21,420,56,1.04,0.18,False,True,In-network,203,False,Hospital_58,3.48,West,1,0.9998615
P00659,Provider_659,City_59,GA,32.5656,-82.5001,Pediatrics,Endocrinology,Primary Care,26,150,13,2.61,0.08,False,False,Out-of-network,50,False,Hospital_59,2.21,North,1,0.99945515
P00660,Provider_660,City_60,GA,32.6156,-82.4501,ENT,Urology,Specialty Care,28,220,30,3.73,0.65,False,False,Out-of-network,247,False,Hospital_60,3.53,North,1,0.99988925
P00661,Provider_661,City_61,TX,31.9686,-99.9018,Urology,General Practice,Specialty Care,18,380,46,1.55,0.1,False,False,Out-of-network,378,False,Hospital_61,4.63,North,1,0.999851
P00662,Provider_662,City_62,GA,32.2156,-82.8501,Ophthalmology,Psychiatry,Specialty Care,26,180,15,2.88,0.65,True,True,In-network,404,False,Hospital_62,3.92,West,1,0.9998802
P00663,Provider_663,City_63,FL,28.0944,-81.6603,Gastroenterology,Neurology,Specialty Care,20,420,38,1.94,0.25,False,False,Out-of-network,392,True,Hospital_63,2.95,West,1,0.9997693
P00664,Provider_664,City_64,NC,35.9096,-78.8693,Pediatrics,Pediatrics,Primary Care,13,150,54,2.34,0.92,True,False,In-network,377,False,Hospital_64,2.11,West,1,0.99952865
P00665,Provider_665,City_65,WA,47.9511,-120.5401,Orthopedics,Gastroenterology,Surgical,1,400,53,4.16,0.43,True,True,In-network,73,False,Hospital_65,2.92,East,1,0.9997489
P00666,Provider_666,City_66,CO,39.8001,-105.5321,Pediatrics,General Practice,Primary Care,17,150,7,3.23,0.88,False,True,In-network,207,False,Hospital_66,3.79,East,1,0.99988925
P00667,Provider_667,City_67,TX,32.2686,-99.6018,Ophthalmology,Urology,Specialty Care,29,180,54,2.47,0.21,False,True,In-network,181,True,Hospital_67,3.65,East,1,0.9998615
P00668,Provider_668,City_68,NY,43.6494,-73.8679,Urology,Endocrinology,Specialty Care,25,380,17,2.02,0.35,True,True,Out-of-network,273,True,Hospital_68,4.64,West,1,0.99986184
P00669,Provider_669,City_69,CO,39.9501,-105.3821,Endocrinology,General Practice,Specialty Care,37,400,53,4.47,0.45,True,False,Out-of-network,256,False,Hospital_69,3.56,South,1,0.9998622
P00670,Provider_670,City_70,IL,41.0831,-88.9485,General Practice,Dermatology,Primary Care,22,100,45,1.8,0.94,True,True,Out-of-network,372,False,Hospital_70,4.1,South,1,0.9998802
P00671,Provider_671,City_71,NC,35.7596,-79.0193,Urology,ENT,Specialty Care,21,380,21,4.44,0.48,False,False,Out-of-network,173,False,Hospital_71,3.09,North,1,0.99988925
P00672,Provider_672,City_72,MA,42.4572,-71.3324,ENT,General Practice,Specialty Care,8,220,31,2.13,0.14,False,False,In-network,203,True,Hospital_72,1.83,West,1,0.99945515
P00673,Provider_673,City_73,FL,28.0944,-81.6603,Dermatology,Dermatology,Specialty Care,38,200,53,1.78,0.18,False,False,In-network,435,True,Hospital_73,3.4,West,1,0.999851
P00674,Provider_674,City_74,CO,39.7001,-105.6321,Gastroenterology,Psychiatry,Specialty Care,39,420,29,2.39,0.7,True,False,In-network,230,True,Hospital_74,4.49,East,1,0.99988866
P00675,Provider_675,City_75,OH,40.6173,-82.7071,Endocrinology,General Practice,Specialty Care,4,400,45,2.8,0.77,False,True,Out-of-network,295,True,Hospital_75,2.8,South,1,0.9997526
P00676,Provider_676,City_76,CO,39.8001,-105.5321,General Practice,ENT,Primary Care,24,100,15,2.59,0.39,True,False,In-network,126,False,Hospital_76,4.96,North,1,0.9998615
P00677,Provider_677,City_77,OH,40.7173,-82.6071,Cardiology,Pediatrics,Specialty Care,26,500,5,4.04,0.41,False,True,In-network,166,False,Hospital_77,4.48,West,1,0.99893135
P00678,Provider_678,City_78,NV,39.1526,-116.0694,Endocrinology,Dermatology,Specialty Care,25,400,50,4.27,0.32,True,False,Out-of-network,458,False,Hospital_78,4.98,South,1,0.9998517
P00679,Provider_679,City_79,GA,32.5656,-82.5001,Neurology,Dermatology,Specialty Care,40,450,10,4.23,0.75,True,True,In-network,394,True,Hospital_79,2.45,South,0,0.002644954
P00680,Provider_680,City_80,GA,32.6156,-82.4501,ENT,Urology,Specialty Care,10,220,50,3.79,0.84,False,False,Out-of-network,378,False,Hospital_80,1.3,East,1,0.99953103
P00681,Provider_681,City_81,PA,41.2033,-77.1945,Orthopedics,ENT,Surgical,17,400,32,3.71,0.65,True,True,Out-of-network,139,True,Hospital_81,1.99,East,1,0.9995641
P00682,Provider_682,City_82,PA,41.2533,-77.1445,Psychiatry,Endocrinology,Specialty Care,8,250,53,3.63,0.33,False,False,Out-of-network,263,True,Hospital_82,3.84,North,1,0.9998622
P00683,Provider_683,City_83,NC,35.8596,-78.9193,Pediatrics,General Practice,Primary Care,10,150,18,3.6,0.6,False,False,In-network,187,True,Hospital_83,3.15,North,1,0.99988925
P00684,Provider_684,City_84,MA,42.5572,-71.2324,ENT,Endocrinology,Specialty Care,4,220,9,3.38,0.37,False,False,Out-of-network,458,False,Hospital_84,4.57,South,1,0.9998517
P00685,Provider_685,City_85,TX,32.1686,-99.7018,Urology,Neurology,Specialty Care,9,380,56,1.07,0.75,False,True,Out-of-network,283,False,Hospital_85,1.57,West,1,0.9995357
P00686,Provider_686,City_86,PA,41.4533,-76.9445,Orthopedics,Neurology,Surgical,36,400,41,2.28,0.55,True,False,In-network,297,False,Hospital_86,2.34,East,1,0.99952865
P00687,Provider_687,City_87,MA,42.7072,-71.0824,Ophthalmology,Dermatology,Specialty Care,19,180,53,3.71,0.02,True,True,In-network,85,True,Hospital_87,3.06,West,1,0.9998622
P00688,Provider_688,City_88,NC,36.1096,-78.6693,Dermatology,Pediatrics,Specialty Care,20,200,37,4.18,0.5,True,False,In-network,222,False,Hospital_88,2.65,East,1,0.99970335
P00689,Provider_689,City_89,OH,40.8173,-82.5071,General Practice,Endocrinology,Primary Care,38,100,27,4.51,0.56,True,True,Out-of-network,131,True,Hospital_89,2.78,South,1,0.9997713
P00690,Provider_690,City_90,CO,40.0001,-105.3321,Dermatology,Neurology,Specialty Care,2,200,11,3.95,0.37,False,False,In-network,497,False,Hospital_90,4.58,East,1,0.9998517
P00691,Provider_691,City_91,NV,38.8026,-116.4194,Urology,Cardiology,Specialty Care,37,380,36,3.1,0.84,True,True,Out-of-network,476,False,Hospital_91,2.21,West,1,0.99953103
P00692,Provider_692,City_92,OH,40.4673,-82.8571,Dermatology,Pediatrics,Specialty Care,8,200,42,1.2,0.69,False,False,Out-of-network,96,True,Hospital_92,1.88,West,1,0.99956197
P00693,Provider_693,City_93,CO,39.6501,-105.6821,Pediatrics,Neurology,Primary Care,3,150,17,1.54,0.08,False,True,Out-of-network,106,False,Hospital_93,4.66,West,1,0.9998615
P00694,Provider_694,City_94,MI,44.4648,-85.4524,Gastroenterology,Gastroenterology,Specialty Care,28,420,12,3.91,0.21,True,True,Out-of-network,277,False,Hospital_94,4.11,North,1,0.99986255
P00695,Provider_695,City_95,MA,42.6072,-71.1824,General Practice,Urology,Primary Care,1,100,34,3.94,0.69,False,True,Out-of-network,99,True,Hospital_95,3.04,North,1,0.99988925
P00696,Provider_696,City_96,OH,40.6673,-82.6571,Urology,Endocrinology,Specialty Care,34,380,19,3.9,0.71,True,False,Out-of-network,471,True,Hospital_96,4.6,West,1,0.9998808
P00697,Provider_697,City_97,NV,39.1026,-116.1194,General Practice,Gastroenterology,Primary Care,16,100,37,1.78,0.15,True,False,In-network,146,False,Hospital_97,1.19,South,1,0.99945515
P00698,Provider_698,City_98,PA,41.5533,-76.8445,Urology,Dermatology,Specialty Care,15,380,51,2.19,0.97,False,False,Out-of-network,292,False,Hospital_98,1.63,East,1,0.99952865
P00699,Provider_699,City_99,AZ,34.4489,-110.6937,Orthopedics,Ophthalmology,Surgical,5,400,5,3.16,0.79,True,True,In-network,418,False,Hospital_99,2.64,South,1,0.99968076
P00700,Provider_700,City_100,MA,42.8572,-70.9324,Cardiology,Gastroenterology,Specialty Care,27,500,28,2.68,0.91,True,True,In-network,79,False,Hospital_100,3.38,South,1,0.9991364
P00701,Provider_701,City_101,OH,40.4173,-82.9071,Urology,Cardiology,Specialty Care,36,380,10,3.79,0.44,False,True,In-network,147,False,Hospital_1,1.45,East,1,0.999458
P00702,Provider_702,City_102,PA,41.2533,-77.1445,Psychiatry,Orthopedics,Specialty Care,18,250,39,4.51,0.24,False,False,In-network,208,True,Hospital_2,1.09,West,1,0.999458
P00703,Provider_703,City_103,AZ,34.1489,-110.9937,General Practice,Cardiology,Primary Care,7,100,16,1.69,0.88,False,False,In-network,191,False,Hospital_3,4.96,West,1,0.99988866
P00704,Provider_704,City_104,CA,36.9283,-119.2679,Orthopedics,Psychiatry,Surgical,10,400,36,4.81,0.57,True,False,Out-of-network,480,True,Hospital_4,3.58,North,1,0.9998808
P00705,Provider_705,City_105,CA,36.9783,-119.2179,Cardiology,Psychiatry,Specialty Care,9,500,35,2.78,0.47,False,False,Out-of-network,408,True,Hospital_5,1.65,South,0,0.0021167668
P00706,Provider_706,City_106,NV,39.0526,-116.1694,ENT,ENT,Specialty Care,37,220,12,4.48,0.32,True,True,Out-of-network,419,False,Hospital_6,2.42,North,1,0.9994167
P00707,Provider_707,City_107,NC,36.0596,-78.7193,Ophthalmology,Urology,Specialty Care,39,180,43,2.96,0.41,False,False,Out-of-network,233,False,Hospital_7,3.01,West,1,0.9998615
P00708,Provider_708,City_108,GA,32.5156,-82.5501,Orthopedics,Ophthalmology,Surgical,5,400,23,3.89,0.58,False,False,Out-of-network,299,True,Hospital_8,1.52,South,1,0.99953103
P00709,Provider_709,City_109,NY,43.6994,-73.8179,Dermatology,Urology,Specialty Care,11,200,56,3.71,0.73,True,False,In-network,168,True,Hospital_9,1.75,East,1,0.9995641
P00710,Provider_710,City_110,NY,43.7494,-73.7679,General Practice,Endocrinology,Primary Care,23,100,10,1.54,0.62,True,True,Out-of-network,262,False,Hospital_10,1.58,East,1,0.99956197
P00711,Provider_711,City_111,NC,35.7596,-79.0193,Endocrinology,Cardiology,Specialty Care,37,400,11,2.73,0.88,True,True,Out-of-network,347,False,Hospital_11,3.92,East,1,0.9998802
P00712,Provider_712,City_112,IL,40.6831,-89.3485,Psychiatry,Ophthalmology,Specialty Care,24,250,36,2.0,0.01,False,False,Out-of-network,482,False,Hospital_12,3.06,East,1,0.999851
P00713,Provider_713,City_113,MA,42.5072,-71.2824,General Practice,Urology,Primary Care,26,100,52,1.94,0.52,True,False,Out-of-network,306,False,Hospital_13,4.26,North,1,0.9998802
P00714,Provider_714,City_114,FL,28.1444,-81.6103,Urology,Dermatology,Specialty Care,39,380,45,2.76,0.28,False,False,In-network,193,False,Hospital_14,1.72,East,1,0.99945515
P00715,Provider_715,City_115,PA,41.4033,-76.9945,Orthopedics,Pediatrics,Surgical,8,400,33,3.53,0.24,True,True,Out-of-network,291,False,Hospital_15,2.17,North,1,0.9994167
P00716,Provider_716,City_116,WA,48.0011,-120.4901,Pediatrics,Neurology,Primary Care,39,150,26,4.73,0.54,True,True,Out-of-network,280,True,Hospital_16,4.07,North,1,0.9998895
P00717,Provider_717,City_117,GA,32.4656,-82.6001,Neurology,Endocrinology,Specialty Care,36,450,5,4.48,0.66,True,False,In-network,180,False,Hospital_17,2.32,South,0,0.0028457039
P00718,Provider_718,City_118,CA,37.1283,-119.0679,Cardiology,Dermatology,Specialty Care,18,500,41,2.16,0.2,True,True,Out-of-network,128,False,Hospital_18,4.09,North,1,0.99892586
P00719,Provider_719,City_119,FL,28.3944,-81.3603,Orthopedics,Neurology,Surgical,39,400,36,4.0,0.14,False,False,In-network,336,True,Hospital_19,3.57,East,1,0.9998517
P00720,Provider_720,City_120,CA,37.2283,-118.9679,ENT,Ophthalmology,Specialty Care,40,220,43,1.45,0.45,False,True,In-network,351,True,Hospital_20,3.11,South,1,0.999851
P00721,Provider_721,City_121,TX,31.9686,-99.9018,ENT,Dermatology,Specialty Care,11,220,5,3.4,0.96,True,True,Out-of-network,257,True,Hospital_21,1.37,North,1,0.9995641
P00722,Provider_722,City_122,MA,42.4572,-71.3324,Cardiology,Pediatrics,Specialty Care,38,500,39,1.66,0.32,True,False,Out-of-network,100,False,Hospital_22,2.81,West,0,0.008636332
P00723,Provider_723,City_123,TX,32.0686,-99.8018,Ophthalmology,Ophthalmology,Specialty Care,19,180,9,4.58,0.56,True,True,In-network,101,True,Hospital_23,3.71,North,1,0.99988925
P00724,Provider_724,City_124,OH,40.5673,-82.7571,Ophthalmology,Psychiatry,Specialty Care,29,180,59,3.04,0.66,False,False,In-network,436,False,Hospital_24,1.88,North,1,0.9995413
P00725,Provider_725,City_125,PA,41.4033,-76.9945,Urology,Endocrinology,Specialty Care,16,380,21,3.58,0.77,False,True,Out-of-network,498,True,Hospital_25,3.87,West,1,0.9998808
P00726,Provider_726,City_126,NV,39.0526,-116.1694,Endocrinology,Pediatrics,Specialty Care,25,400,43,4.85,0.99,True,False,In-network,324,True,Hospital_26,1.3,South,1,0.99953103
P00727,Provider_727,City_127,NC,36.0596,-78.7193,ENT,Cardiology,Specialty Care,5,220,59,3.83,0.66,True,False,In-network,363,True,Hospital_27,1.65,North,1,0.99953103
P00728,Provider_728,City_128,PA,41.5533,-76.8445,Gastroenterology,Ophthalmology,Specialty Care,16,420,5,3.41,0.11,True,True,Out-of-network,256,False,Hospital_28,3.87,East,1,0.9998622
P00729,Provider_729,City_129,NC,36.1596,-78.6193,Neurology,Ophthalmology,Specialty Care,19,450,38,1.49,0.35,False,True,Out-of-network,484,False,Hospital_29,4.16,East,1,0.99884427
P00730,Provider_730,City_130,AZ,34.4989,-110.6437,Neurology,Gastroenterology,Specialty Care,33,450,8,2.85,0.8,True,True,In-network,362,False,Hospital_30,3.21,North,1,0.9990707
P00731,Provider_731,City_131,NY,43.2994,-74.2179,Cardiology,Neurology,Specialty Care,26,500,56,3.28,0.75,True,False,In-network,337,True,Hospital_31,1.31,East,0,0.002644954
P00732,Provider_732,City_132,NY,43.3494,-74.1679,ENT,ENT,Specialty Care,22,220,14,1.04,0.85,True,False,Out-of-network,117,True,Hospital_32,1.81,South,1,0.99956197
P00733,Provider_733,City_133,CA,36.8783,-119.3179,Urology,ENT,Specialty Care,3,380,56,3.84,0.93,True,False,Out-of-network,418,False,Hospital_33,1.29,East,1,0.99953103
P00734,Provider_734,City_134,NC,35.9096,-78.8693,Urology,Ophthalmology,Specialty Care,2,380,40,3.53,0.98,True,False,Out-of-network,188,True,Hospital_34,4.94,East,1,0.99988925
P00735,Provider_735,City_135,PA,41.4033,-76.9945,Neurology,Cardiology,Specialty Care,29,450,12,2.97,0.65,False,False,Out-of-network,278,True,Hospital_35,1.18,East,0,0.002837918
P00736,Provider_736,City_136,NY,43.5494,-73.9679,Endocrinology,Urology,Specialty Care,39,400,12,2.7,0.14,True,False,Out-of-network,362,False,Hospital_36,4.6,North,1,0.999851
P00737,Provider_737,City_137,CO,39.8501,-105.4821,ENT,ENT,Specialty Care,30,220,24,3.88,0.23,False,False,Out-of-network,473,True,Hospital_37,4.64,North,1,0.9998517
P00738,Provider_738,City_138,MA,42.7572,-71.0324,Neurology,ENT,Specialty Care,12,450,39,2.64,0.8,False,False,Out-of-network,331,True,Hospital_38,3.29,East,1,0.9990707
P00739,Provider_739,City_139,OH,40.8173,-82.5071,Pediatrics,Cardiology,Primary Care,7,150,6,4.56,0.54,True,False,Out-of-network,138,True,Hospital_39,2.77,North,1,0.9997713
P00740,Provider_740,City_140,GA,32.6156,-82.4501,Psychiatry,Gastroenterology,Specialty Care,34,250,37,3.14,0.61,False,True,Out-of-network,405,False,Hospital_40,3.33,East,1,0.9998808
P00741,Provider_741,City_141,OH,40.4173,-82.9071,Ophthalmology,Dermatology,Specialty Care,35,180,36,2.51,0.46,False,False,Out-of-network,486,False,Hospital_41,4.1,East,1,0.999851
P00742,Provider_742,City_142,IL,40.6831,-89.3485,Dermatology,Urology,Specialty Care,31,200,49,2.97,0.57,False,True,In-network,224,False,Hospital_42,3.69,South,1,0.99988866
P00743,Provider_743,City_143,GA,32.2656,-82.8001,Psychiatry,ENT,Specialty Care,9,250,42,3.62,0.45,False,True,In-network,51,True,Hospital_43,3.84,East,1,0.9998622
P00744,Provider_744,City_144,NV,38.9526,-116.2694,Urology,Urology,Specialty Care,14,380,30,2.52,0.47,True,True,Out-of-network,206,True,Hospital_44,4.37,East,1,0.9998615
P00745,Provider_745,City_145,MA,42.6072,-71.1824,General Practice,Cardiology,Primary Care,39,100,54,3.05,0.3,True,False,In-network,161,True,Hospital_45,4.18,North,1,0.9998652
P00746,Provider_746,City_146,TX,32.2186,-99.6518,Urology,ENT,Specialty Care,21,380,60,3.44,0.95,True,False,Out-of-network,401,True,Hospital_46,3.05,North,1,0.9998808
P00747,Provider_747,City_147,MI,44.6148,-85.3024,Ophthalmology,Ophthalmology,Specialty Care,32,180,39,4.94,0.69,True,True,In-network,227,True,Hospital_47,1.17,East,1,0.9995641
P00748,Provider_748,City_148,MI,44.6648,-85.2524,General Practice,Pediatrics,Primary Care,15,100,47,2.72,0.29,True,False,In-network,130,False,Hospital_48,3.59,West,1,0.9998615
P00749,Provider_749,City_149,MI,44.7148,-85.2024,Neurology,General Practice,Specialty Care,5,450,51,4.11,0.38,True,True,In-network,348,False,Hospital_49,3.07,East,1,0.9988501
P00750,Provider_750,City_150,TX,32.4186,-99.4518,Cardiology,Cardiology,Specialty Care,37,500,38,2.49,0.8,True,True,In-network,187,True,Hospital_50,1.36,West,0,0.0028312707
P00751,Provider_751,City_151,AZ,34.0489,-111.0937,Dermatology,Endocrinology,Specialty Care,3,200,12,3.26,0.28,True,False,Out-of-network,448,True,Hospital_51,2.94,West,1,0.9997298
P00752,Provider_752,City_152,CO,39.6001,-105.7321,General Practice,General Practice,Primary Care,12,100,34,1.41,0.37,True,False,In-network,495,False,Hospital_52,3.76,East,1,0.999851
P00753,Provider_753,City_153,CO,39.6501,-105.6821,Orthopedics,General Practice,Surgical,13,400,38,3.68,0.42,True,False,In-network,157,True,Hospital_53,3.47,South,1,0.9998622
P00754,Provider_754,City_154,IL,40.7831,-89.2485,ENT,ENT,Specialty Care,9,220,39,3.79,0.49,False,False,Out-of-network,482,False,Hospital_54,4.87,South,1,0.9998808
P00755,Provider_755,City_155,MA,42.6072,-71.1824,General Practice,Endocrinology,Primary Care,25,100,29,3.59,0.1,False,False,In-network,381,False,Hospital_55,1.14,South,1,0.9994167
P00756,Provider_756,City_156,AZ,34.2989,-110.8437,ENT,General Practice,Specialty Care,25,220,56,4.13,0.88,False,False,Out-of-network,308,True,Hospital_56,1.48,East,1,0.99953103
P00757,Provider_757,City_157,AZ,34.3489,-110.7937,Cardiology,General Practice,Specialty Care,5,500,38,3.29,0.6,False,True,Out-of-network,64,True,Hospital_57,4.82,East,1,0.9991406
P00758,Provider_758,City_158,CA,37.1283,-119.0679,General Practice,ENT,Primary Care,34,100,17,3.41,0.05,True,False,Out-of-network,57,True,Hospital_58,1.01,West,1,0.999458
P00759,Provider_759,City_159,MA,42.8072,-70.9824,General Practice,Orthopedics,Primary Care,38,100,9,1.24,0.2,True,True,Out-of-network,321,False,Hospital_59,2.4,East,1,0.9994137
P00760,Provider_760,City_160,IL,41.0831,-88.9485,Psychiatry,ENT,Specialty Care,37,250,15,1.51,0.17,True,False,In-network,279,False,Hospital_60,2.45,East,1,0.99945647
P00761,Provider_761,City_161,CO,39.5501,-105.7821,General Practice,Gastroenterology,Primary Care,20,100,52,1.04,0.91,True,True,In-network,90,False,Hospital_61,2.74,North,1,0.9997454
P00762,Provider_762,City_162,MA,42.4572,-71.3324,ENT,Endocrinology,Specialty Care,27,220,53,4.9,0.47,False,True,In-network,362,False,Hospital_62,4.54,South,1,0.9998517
P00763,Provider_763,City_163,CO,39.6501,-105.6821,Gastroenterology,Psychiatry,Specialty Care,19,420,23,4.0,0.3,False,True,In-network,78,False,Hospital_63,2.15,North,1,0.999458
P00764,Provider_764,City_164,CO,39.7001,-105.6321,Cardiology,Cardiology,Specialty Care,6,500,52,1.32,0.96,True,True,Out-of-network,360,False,Hospital_64,4.55,East,1,0.9990707
P00765,Provider_765,City_165,MA,42.6072,-71.1824,Psychiatry,Cardiology,Specialty Care,16,250,60,1.72,0.44,False,True,Out-of-network,284,True,Hospital_65,2.84,South,1,0.9996923
P00766,Provider_766,City_166,AZ,34.2989,-110.8437,Gastroenterology,General Practice,Specialty Care,13,420,39,4.63,0.65,True,False,In-network,334,True,Hospital_66,2.47,South,1,0.99953103
P00767,Provider_767,City_167,NC,36.0596,-78.7193,Ophthalmology,Orthopedics,Specialty Care,39,180,45,3.84,0.09,False,False,Out-of-network,101,True,Hospital_67,2.17,West,1,0.999458
P00768,Provider_768,City_168,NV,39.1526,-116.0694,Psychiatry,Ophthalmology,Specialty Care,12,250,18,1.84,0.31,False,False,Out-of-network,351,False,Hospital_68,4.65,South,1,0.999851
P00769,Provider_769,City_169,CA,37.1783,-119.0179,Endocrinology,Pediatrics,Specialty Care,7,400,49,2.4,0.75,False,False,In-network,382,True,Hospital_69,3.84,East,1,0.9998802
P00770,Provider_770,City_170,TX,32.4186,-99.4518,General Practice,Gastroenterology,Primary Care,40,100,27,1.11,0.75,True,False,Out-of-network,452,False,Hospital_70,1.32,East,1,0.99952865
P00771,Provider_771,City_171,NC,35.7596,-79.0193,Psychiatry,Dermatology,Specialty Care,13,250,12,1.39,0.54,True,False,In-network,88,False,Hospital_71,1.2,West,1,0.99956197
P00772,Provider_772,City_172,CO,39.6001,-105.7321,Psychiatry,Psychiatry,Specialty Care,8,250,59,4.23,0.24,True,True,In-network,207,False,Hospital_72,3.47,South,1,0.9998622
P00773,Provider_773,City_173,GA,32.2656,-82.8001,Urology,Orthopedics,Specialty Care,21,380,43,3.94,0.19,False,False,Out-of-network,343,True,Hospital_73,2.49,South,1,0.9994167
P00774,Provider_774,City_174,MI,44.4648,-85.4524,Ophthalmology,Ophthalmology,Specialty Care,29,180,49,2.23,0.69,True,False,In-network,300,False,Hospital_74,3.11,South,1,0.9998802
P00775,Provider_775,City_175,CA,36.9783,-119.2179,General Practice,Cardiology,Primary Care,36,100,60,1.66,0.98,True,False,In-network,80,True,Hospital_75,3.48,North,1,0.99988866
P00776,Provider_776,City_176,WA,48.0011,-120.4901,Psychiatry,Endocrinology,Specialty Care,8,250,34,4.03,0.88,False,True,Out-of-network,346,False,Hospital_76,1.92,North,1,0.99953103
P00777,Provider_777,City_177,GA,32.4656,-82.6001,ENT,Cardiology,Specialty Care,8,220,57,4.99,0.97,False,True,In-network,314,False,Hospital_77,2.11,West,1,0.99953103
P00778,Provider_778,City_178,NC,36.1096,-78.6693,Orthopedics,Cardiology,Surgical,21,400,54,4.37,0.83,True,True,In-network,212,False,Hospital_78,4.51,West,1,0.99988925
P00779,Provider_779,City_179,IL,41.0331,-88.9985,Dermatology,Ophthalmology,Specialty Care,35,200,39,3.01,0.73,False,False,Out-of-network,413,True,Hospital_79,3.28,North,1,0.9998834
P00780,Provider_780,City_180,CA,37.2283,-118.9679,General Practice,Gastroenterology,Primary Care,20,100,39,2.17,0.64,True,False,In-network,336,True,Hospital_80,4.64,South,1,0.9998802
P00781,Provider_781,City_181,AZ,34.0489,-111.0937,General Practice,Endocrinology,Primary Care,35,100,10,2.34,0.44,False,True,In-network,139,False,Hospital_81,4.89,East,1,0.9998615
P00782,Provider_782,City_182,IL,40.6831,-89.3485,Pediatrics,ENT,Primary Care,37,150,5,2.49,0.13,True,False,In-network,471,True,Hospital_82,4.1,East,1,0.999851
P00783,Provider_783,City_183,CA,36.8783,-119.3179,Orthopedics,Ophthalmology,Surgical,33,400,13,1.05,0.43,False,False,In-network,276,True,Hospital_83,1.55,East,1,0.99945647
P00784,Provider_784,City_184,CO,39.7001,-105.6321,Neurology,Gastroenterology,Specialty Care,26,450,20,4.19,0.7,True,False,In-network,76,False,Hospital_84,4.48,East,1,0.9991406
P00785,Provider_785,City_185,NC,35.9596,-78.8193,General Practice,Pediatrics,Primary Care,1,100,30,3.4,0.81,False,True,In-network,72,False,Hospital_85,1.18,West,1,0.9995641
P00786,Provider_786,City_186,AZ,34.2989,-110.8437,ENT,General Practice,Specialty Care,17,220,41,1.11,0.7,False,True,Out-of-network,445,False,Hospital_86,1.52,West,1,0.99952865
P00787,Provider_787,City_187,NC,36.0596,-78.7193,Gastroenterology,Pediatrics,Specialty Care,17,420,14,1.04,0.03,True,False,Out-of-network,238,True,Hospital_87,1.64,East,1,0.99945515
P00788,Provider_788,City_188,NY,43.6494,-73.8679,Pediatrics,Psychiatry,Primary Care,31,150,34,3.31,0.75,False,False,In-network,257,True,Hospital_88,1.6,West,1,0.9995641
P00789,Provider_789,City_189,MI,44.7148,-85.2024,Urology,General Practice,Specialty Care,19,380,11,2.44,0.5,False,True,Out-of-network,300,False,Hospital_89,1.73,West,1,0.99952865
P00790,Provider_790,City_190,FL,28.4444,-81.3103,Orthopedics,Neurology,Surgical,3,400,6,4.94,0.37,True,True,In-network,162,True,Hospital_90,3.75,West,1,0.9998622
P00791,Provider_791,City_191,MI,44.3148,-85.6024,Neurology,Ophthalmology,Specialty Care,20,450,46,2.05,0.23,True,True,In-network,67,True,Hospital_91,4.19,South,1,0.99892586
P00792,Provider_792,City_192,AZ,34.0989,-111.0437,Gastroenterology,Dermatology,Specialty Care,19,420,55,4.05,0.77,False,True,Out-of-network,152,False,Hospital_92,3.01,East,1,0.99988925
P00793,Provider_793,City_193,FL,28.0944,-81.6603,Psychiatry,Dermatology,Specialty Care,26,250,51,1.9,0.77,False,True,Out-of-network,327,False,Hospital_93,2.63,East,1,0.9996792
P00794,Provider_794,City_194,GA,32.3156,-82.7501,Dermatology,Endocrinology,Specialty Care,16,200,38,3.5,0.78,True,True,In-network,215,True,Hospital_94,2.1,West,1,0.9995641
P00795,Provider_795,City_195,PA,41.4033,-76.9945,Psychiatry,Pediatrics,Specialty Care,36,250,51,1.55,0.65,True,False,Out-of-network,299,False,Hospital_95,2.33,North,1,0.99952865
P00796,Provider_796,City_196,NV,39.0526,-116.1694,Urology,Ophthalmology,Specialty Care,30,380,16,1.6,0.99,True,True,Out-of-network,492,False,Hospital_96,3.81,West,1,0.9998802
P00797,Provider_797,City_197,OH,40.7173,-82.6071,Pediatrics,Ophthalmology,Primary Care,25,150,45,2.14,0.54,False,True,Out-of-network,163,False,Hospital_97,4.93,West,1,0.99988866
P00798,Provider_798,City_198,OH,40.7673,-82.5571,Endocrinology,Dermatology,Specialty Care,35,400,21,4.57,0.26,False,False,Out-of-network,374,True,Hospital_98,3.86,East,1,0.9998517
P00799,Provider_799,City_199,WA,48.1511,-120.3401,Orthopedics,Endocrinology,Surgical,25,400,49,1.51,0.38,False,False,Out-of-network,425,True,Hospital_99,1.58,East,1,0.9994137
P00800,Provider_800,City_200,CO,40.0001,-105.3321,Neurology,Gastroenterology,Specialty Care,19,450,16,3.49,0.64,False,False,Out-of-network,219,False,Hospital_100,2.55,East,0,0.0028457039
P00801,Provider_801,City_1,GA,32.1656,-82.9001,Urology,Orthopedics,Specialty Care,8,380,44,3.76,1.0,True,False,Out-of-network,59,True,Hospital_1,2.94,South,1,0.9997981
P00802,Provider_802,City_2,WA,47.8011,-120.6901,Orthopedics,Gastroenterology,Surgical,38,400,5,3.46,0.28,True,False,In-network,255,False,Hospital_2,4.95,South,1,0.9998622
P00803,Provider_803,City_3,WA,47.8511,-120.6401,Orthopedics,Cardiology,Surgical,31,400,39,4.06,0.62,True,True,In-network,167,True,Hospital_3,2.88,East,1,0.9997981
P00804,Provider_804,City_4,MI,44.4648,-85.4524,Pediatrics,Ophthalmology,Primary Care,13,150,43,3.67,0.37,False,True,Out-of-network,180,False,Hospital_4,2.35,South,1,0.999458
P00805,Provider_805,City_5,MA,42.6072,-71.1824,Neurology,Gastroenterology,Specialty Care,1,450,28,2.41,0.12,True,False,In-network,435,False,Hospital_5,4.32,South,1,0.99884427
P00806,Provider_806,City_6,NY,43.5494,-73.9679,Psychiatry,ENT,Specialty Care,20,250,49,2.96,0.66,False,True,In-network,411,False,Hospital_6,1.79,North,1,0.99952865
P00807,Provider_807,City_7,CO,39.8501,-105.4821,Ophthalmology,Urology,Specialty Care,14,180,58,3.59,0.07,True,True,In-network,354,False,Hospital_7,2.72,West,1,0.99963033
P00808,Provider_808,City_8,NY,43.6494,-73.8679,Endocrinology,ENT,Specialty Care,35,400,57,2.45,0.36,False,True,In-network,215,True,Hospital_8,3.2,North,1,0.9998615
P00809,Provider_809,City_9,NV,39.2026,-116.0194,Dermatology,ENT,Specialty Care,1,200,37,4.99,0.44,False,False,In-network,92,False,Hospital_9,1.41,North,1,0.999458
P00810,Provider_810,City_10,MI,44.7648,-85.1524,ENT,Pediatrics,Specialty Care,35,220,20,1.12,0.79,True,True,In-network,85,False,Hospital_10,4.67,North,1,0.99988866
P00811,Provider_811,City_11,WA,47.7511,-120.7401,Orthopedics,General Practice,Surgical,17,400,11,3.36,0.29,False,False,Out-of-network,53,True,Hospital_11,2.98,South,1,0.9997867
P00812,Provider_812,City_12,CA,36.8283,-119.3679,Psychiatry,Ophthalmology,Specialty Care,17,250,26,2.15,0.64,False,True,In-network,289,True,Hospital_12,1.65,North,1,0.99952865
P00813,Provider_813,City_13,MA,42.5072,-71.2824,Gastroenterology,Ophthalmology,Specialty Care,16,420,59,2.7,0.6,False,True,Out-of-network,210,False,Hospital_13,4.7,East,1,0.99988866
P00814,Provider_814,City_14,CA,36.9283,-119.2679,Endocrinology,Ophthalmology,Specialty Care,5,400,30,1.58,0.69,True,False,Out-of-network,204,False,Hospital_14,2.58,East,1,0.9997018
P00815,Provider_815,City_15,NY,43.4994,-74.0179,Neurology,Pediatrics,Specialty Care,39,450,60,3.44,0.94,True,False,Out-of-network,397,True,Hospital_15,2.45,North,0,0.002644954
P00816,Provider_816,City_16,TX,32.2186,-99.6518,Cardiology,Neurology,Specialty Care,33,500,15,3.39,0.07,False,False,Out-of-network,425,False,Hospital_16,3.99,North,1,0.9988501
P00817,Provider_817,City_17,GA,32.4656,-82.6001,Endocrinology,General Practice,Specialty Care,32,400,51,3.35,0.96,False,True,Out-of-network,65,False,Hospital_17,3.57,South,1,0.99988925
P00818,Provider_818,City_18,CA,37.1283,-119.0679,Gastroenterology,Pediatrics,Specialty Care,6,420,52,2.6,0.77,False,False,Out-of-network,490,False,Hospital_18,3.84,South,1,0.9998802
P00819,Provider_819,City_19,IL,41.0331,-88.9985,General Practice,Cardiology,Primary Care,8,100,21,3.43,0.82,True,False,In-network,253,False,Hospital_19,4.67,North,1,0.99988925
P00820,Provider_820,City_20,IL,41.0831,-88.9485,Cardiology,ENT,Specialty Care,38,500,45,3.96,0.63,True,False,Out-of-network,292,True,Hospital_20,4.29,North,1,0.9990753
P00821,Provider_821,City_21,WA,47.7511,-120.7401,Dermatology,Ophthalmology,Specialty Care,4,200,50,2.25,0.5,False,True,Out-of-network,258,True,Hospital_21,1.81,East,1,0.99956197
P00822,Provider_822,City_22,NY,43.3494,-74.1679,General Practice,Urology,Primary Care,3,100,33,1.91,0.51,False,False,In-network,438,True,Hospital_22,4.1,North,1,0.9998802
P00823,Provider_823,City_23,FL,28.0944,-81.6603,Urology,Orthopedics,Specialty Care,17,380,54,2.51,0.16,True,True,Out-of-network,452,False,Hospital_23,2.92,East,1,0.9997284
P00824,Provider_824,City_24,WA,47.9011,-120.5901,Gastroenterology,General Practice,Specialty Care,19,420,6,1.09,0.24,False,True,Out-of-network,454,True,Hospital_24,3.17,South,1,0.999851
P00825,Provider_825,City_25,IL,40.8331,-89.1985,Ophthalmology,Endocrinology,Specialty Care,21,180,41,2.63,0.93,True,False,In-network,332,False,Hospital_25,1.25,North,1,0.99952865
P00826,Provider_826,City_26,IL,40.8831,-89.1485,Dermatology,General Practice,Specialty Care,35,200,47,2.54,0.4,False,False,In-network,164,True,Hospital_26,3.89,North,1,0.9998615
P00827,Provider_827,City_27,MI,44.6148,-85.3024,Urology,General Practice,Specialty Care,19,380,7,1.55,0.1,False,False,In-network,93,False,Hospital_27,2.68,East,1,0.99962914
P00828,Provider_828,City_28,WA,48.1011,-120.3901,ENT,Ophthalmology,Specialty Care,33,220,7,4.89,0.1,False,True,Out-of-network,299,False,Hospital_28,2.3,West,1,0.9994167
P00829,Provider_829,City_29,CO,39.9501,-105.3821,Ophthalmology,Ophthalmology,Specialty Care,12,180,18,1.67,0.51,False,True,In-network,166,False,Hospital_29,2.52,East,1,0.99956197
P00830,Provider_830,City_30,MI,44.7648,-85.1524,General Practice,ENT,Primary Care,28,100,18,1.74,0.59,False,False,Out-of-network,89,False,Hospital_30,2.86,South,1,0.99979717
P00831,Provider_831,City_31,MA,42.4072,-71.3824,Neurology,Orthopedics,Specialty Care,8,450,43,2.68,0.6,True,False,In-network,195,False,Hospital_31,1.97,West,0,0.0028312707
P00832,Provider_832,City_32,NC,35.8096,-78.9693,Gastroenterology,General Practice,Specialty Care,38,420,30,4.07,0.4,False,False,In-network,202,False,Hospital_32,3.74,South,1,0.9998622
P00833,Provider_833,City_33,MI,44.4148,-85.5024,General Practice,General Practice,Primary Care,13,100,59,1.71,0.88,True,True,Out-of-network,146,False,Hospital_33,4.45,East,1,0.99988866
P00834,Provider_834,City_34,MI,44.4648,-85.4524,Gastroenterology,Cardiology,Specialty Care,14,420,13,4.5,0.64,True,False,In-network,478,True,Hospital_34,4.94,East,1,0.9998808
P00835,Provider_835,City_35,AZ,34.2489,-110.8937,Psychiatry,Orthopedics,Specialty Care,23,250,34,1.91,0.96,True,False,Out-of-network,472,True,Hospital_35,4.89,East,1,0.9998802
P00836,Provider_836,City_36,NC,36.0096,-78.7693,Endocrinology,General Practice,Specialty Care,5,400,21,3.51,0.19,False,True,In-network,120,True,Hospital_36,4.66,West,1,0.9998622
P00837,Provider_837,City_37,AZ,34.3489,-110.7937,Ophthalmology,Ophthalmology,Specialty Care,6,180,7,4.67,0.25,False,True,Out-of-network,246,True,Hospital_37,3.37,South,1,0.9998622
P00838,Provider_838,City_38,AZ,34.3989,-110.7437,General Practice,Dermatology,Primary Care,37,100,53,1.2,0.54,True,False,In-network,419,True,Hospital_38,3.22,East,1,0.9998802
P00839,Provider_839,City_39,NC,36.1596,-78.6193,General Practice,Gastroenterology,Primary Care,13,100,30,4.68,1.0,False,False,In-network,275,False,Hospital_39,2.95,West,1,0.99982893
P00840,Provider_840,City_40,WA,48.2011,-120.2901,Neurology,General Practice,Specialty Care,31,450,34,3.94,0.51,False,False,Out-of-network,285,False,Hospital_40,1.26,East,0,0.002644954
P00841,Provider_841,City_41,FL,27.9944,-81.7603,Pediatrics,Pediatrics,Primary Care,23,150,57,4.1,0.01,False,False,In-network,434,False,Hospital_41,1.45,East,1,0.9994167
P00842,Provider_842,City_42,FL,28.0444,-81.7103,General Practice,Endocrinology,Primary Care,28,100,49,2.31,0.62,True,False,Out-of-network,461,False,Hospital_42,2.68,West,1,0.9996792
P00843,Provider_843,City_43,CA,36.8783,-119.3179,Pediatrics,Neurology,Primary Care,5,150,18,3.42,0.61,False,True,Out-of-network,116,False,Hospital_43,1.87,North,1,0.9995641
P00844,Provider_844,City_44,OH,40.5673,-82.7571,Ophthalmology,Psychiatry,Specialty Care,12,180,11,1.21,0.85,False,True,In-network,123,False,Hospital_44,4.86,East,1,0.99988866
P00845,Provider_845,City_45,NV,39.0026,-116.2194,Endocrinology,Orthopedics,Specialty Care,29,400,58,4.22,0.4,False,False,Out-of-network,57,False,Hospital_45,4.46,North,1,0.9998622
P00846,Provider_846,City_46,CA,37.0283,-119.1679,Orthopedics,Psychiatry,Surgical,20,400,10,4.49,0.02,False,True,In-network,460,True,Hospital_46,1.57,East,1,0.9994167
P00847,Provider_847,City_47,MI,44.6148,-85.3024,Ophthalmology,ENT,Specialty Care,24,180,17,4.17,0.43,True,True,Out-of-network,357,False,Hospital_47,4.89,North,1,0.9998517
P00848,Provider_848,City_48,PA,41.5533,-76.8445,Dermatology,Neurology,Specialty Care,2,200,24,2.87,0.18,True,False,Out-of-network,70,False,Hospital_48,4.2,West,1,0.9998615
P00849,Provider_849,City_49,CA,37.1783,-119.0179,Psychiatry,Orthopedics,Specialty Care,31,250,27,1.74,0.13,False,True,In-network,277,True,Hospital_49,1.85,East,1,0.99945647
P00850,Provider_850,City_50,IL,41.0831,-88.9485,Psychiatry,Neurology,Specialty Care,24,250,45,3.78,0.4,False,True,Out-of-network,76,True,Hospital_50,4.3,North,1,0.9998622
P00851,Provider_851,City_51,OH,40.4173,-82.9071,Cardiology,Gastroenterology,Specialty Care,6,500,40,1.37,0.79,True,False,Out-of-network,302,False,Hospital_51,1.62,South,0,0.0026315362
P00852,Provider_852,City_52,OH,40.4673,-82.8571,Pediatrics,Endocrinology,Primary Care,27,150,34,1.37,0.83,False,False,Out-of-network,456,False,Hospital_52,2.49,East,1,0.99952865
P00853,Provider_853,City_53,IL,40.7331,-89.2985,Pediatrics,Orthopedics,Primary Care,35,150,37,4.12,0.51,True,True,Out-of-network,378,False,Hospital_53,1.55,East,1,0.99953103
P00854,Provider_854,City_54,IL,40.7831,-89.2485,Ophthalmology,General Practice,Specialty Care,12,180,51,2.33,0.34,False,True,Out-of-network,210,True,Hospital_54,1.2,South,1,0.99945515
P00855,Provider_855,City_55,GA,32.3656,-82.7001,Orthopedics,Urology,Surgical,14,400,54,4.42,0.83,True,True,Out-of-network,444,True,Hospital_55,3.64,North,1,0.9998808
P00856,Provider_856,City_56,NY,43.5494,-73.9679,Urology,Neurology,Specialty Care,32,380,40,4.24,0.84,False,False,In-network,51,True,Hospital_56,1.96,South,1,0.9995641
P00857,Provider_857,City_57,WA,48.0511,-120.4401,Endocrinology,Ophthalmology,Specialty Care,27,400,37,2.39,0.19,False,True,In-network,156,True,Hospital_57,4.3,West,1,0.9998615
P00858,Provider_858,City_58,TX,32.3186,-99.5518,Cardiology,Gastroenterology,Specialty Care,2,500,26,4.16,0.31,True,True,Out-of-network,352,False,Hospital_58,2.75,North,0,0.005613248
P00859,Provider_859,City_59,TX,32.3686,-99.5018,Neurology,Cardiology,Specialty Care,15,450,48,2.37,0.49,False,False,In-network,477,False,Hospital_59,3.91,West,1,0.9990707
P00860,Provider_860,City_60,FL,28.4444,-81.3103,Cardiology,Psychiatry,Specialty Care,18,500,22,3.28,0.65,False,False,In-network,401,False,Hospital_60,4.06,West,1,0.9990753
P00861,Provider_861,City_61,AZ,34.0489,-111.0937,Cardiology,Cardiology,Specialty Care,34,500,41,3.69,0.28,False,True,In-network,182,True,Hospital_61,3.06,West,1,0.99893135
P00862,Provider_862,City_62,PA,41.2533,-77.1445,Psychiatry,General Practice,Specialty Care,22,250,14,1.39,0.62,True,True,In-network,68,False,Hospital_62,1.4,West,1,0.99956197
P00863,Provider_863,City_63,MA,42.5072,-71.2824,Neurology,Gastroenterology,Specialty Care,27,450,31,3.43,0.34,True,True,In-network,335,True,Hospital_63,4.79,East,1,0.9988501
P00864,Provider_864,City_64,GA,32.3156,-82.7501,Endocrinology,Psychiatry,Specialty Care,21,400,9,3.81,0.61,False,True,In-network,160,True,Hospital_64,3.77,West,1,0.99988925
P00865,Provider_865,City_65,CA,36.9783,-119.2179,Neurology,ENT,Specialty Care,9,450,16,3.73,0.25,False,True,Out-of-network,256,False,Hospital_65,2.95,West,0,0.015657445
P00866,Provider_866,City_66,MI,44.5648,-85.3524,Cardiology,ENT,Specialty Care,19,500,35,4.12,0.46,True,True,In-network,267,False,Hospital_66,4.11,South,1,0.99893135
P00867,Provider_867,City_67,PA,41.5033,-76.8945,Ophthalmology,Dermatology,Specialty Care,38,180,59,3.62,0.88,True,True,Out-of-network,55,True,Hospital_67,2.39,North,1,0.9995641
P00868,Provider_868,City_68,IL,40.9831,-89.0485,Cardiology,Ophthalmology,Specialty Care,15,500,13,2.97,0.71,True,True,In-network,471,False,Hospital_68,4.32,East,1,0.9990707
P00869,Provider_869,City_69,NC,36.1596,-78.6193,General Practice,Cardiology,Primary Care,8,100,26,3.49,0.39,True,True,In-network,120,True,Hospital_69,4.76,West,1,0.9998622
P00870,Provider_870,City_70,GA,32.6156,-82.4501,Gastroenterology,Cardiology,Specialty Care,35,420,28,2.35,0.95,False,False,Out-of-network,208,True,Hospital_70,4.36,East,1,0.99988866
P00871,Provider_871,City_71,IL,40.6331,-89.3985,Psychiatry,ENT,Specialty Care,37,250,39,3.31,0.03,False,True,In-network,213,False,Hospital_71,4.56,East,1,0.9998622
P00872,Provider_872,City_72,WA,47.8011,-120.6901,Urology,Neurology,Specialty Care,21,380,24,2.5,0.48,False,False,In-network,174,True,Hospital_72,2.78,West,1,0.9997701
P00873,Provider_873,City_73,PA,41.3033,-77.0945,Orthopedics,General Practice,Surgical,4,400,38,4.92,0.5,True,True,Out-of-network,150,False,Hospital_73,1.91,West,1,0.9995641
P00874,Provider_874,City_74,NC,35.9096,-78.8693,Urology,Psychiatry,Specialty Care,5,380,50,1.75,0.25,True,True,Out-of-network,157,True,Hospital_74,2.86,West,1,0.9997477
P00875,Provider_875,City_75,AZ,34.2489,-110.8937,Gastroenterology,Gastroenterology,Specialty Care,25,420,11,2.75,0.49,True,True,In-network,57,False,Hospital_75,1.34,West,1,0.99956197
P00876,Provider_876,City_76,OH,40.6673,-82.6571,Pediatrics,Endocrinology,Primary Care,27,150,24,2.5,0.31,False,False,Out-of-network,267,True,Hospital_76,4.49,North,1,0.9998615
P00877,Provider_877,City_77,NY,43.5994,-73.9179,Gastroenterology,Dermatology,Specialty Care,8,420,50,1.91,0.19,True,True,In-network,497,False,Hospital_77,1.97,East,1,0.9994137
P00878,Provider_878,City_78,WA,48.1011,-120.3901,Dermatology,Gastroenterology,Specialty Care,15,200,53,5.0,0.07,False,True,Out-of-network,110,True,Hospital_78,4.85,East,1,0.9998622
P00879,Provider_879,City_79,NY,43.6994,-73.8179,Gastroenterology,Orthopedics,Specialty Care,40,420,58,1.03,0.15,False,True,In-network,113,False,Hospital_79,2.09,West,1,0.99945515
P00880,Provider_880,City_80,FL,28.4444,-81.3103,Endocrinology,Endocrinology,Specialty Care,21,400,36,1.13,0.72,False,True,Out-of-network,318,False,Hospital_80,1.94,North,1,0.99952865
P00881,Provider_881,City_81,OH,40.4173,-82.9071,Urology,Gastroenterology,Specialty Care,21,380,56,4.91,0.36,False,False,Out-of-network,89,True,Hospital_81,4.46,East,1,0.9998622
P00882,Provider_882,City_82,WA,47.8011,-120.6901,Dermatology,Neurology,Specialty Care,24,200,37,2.74,0.88,False,True,In-network,61,False,Hospital_82,4.19,West,1,0.99988866
P00883,Provider_883,City_83,FL,28.0944,-81.6603,Neurology,General Practice,Specialty Care,14,450,8,3.94,0.68,True,False,In-network,267,False,Hospital_83,3.21,East,1,0.9991406
P00884,Provider_884,City_84,CA,36.9283,-119.2679,Gastroenterology,Pediatrics,Specialty Care,12,420,34,3.49,0.85,True,True,Out-of-network,248,True,Hospital_84,3.21,East,1,0.99988925
P00885,Provider_885,City_85,NV,39.0026,-116.2194,Ophthalmology,Psychiatry,Specialty Care,6,180,30,1.91,0.85,False,False,In-network,238,False,Hospital_85,1.18,South,1,0.99956197
P00886,Provider_886,City_86,FL,28.2444,-81.5103,Gastroenterology,ENT,Specialty Care,15,420,30,4.3,0.14,True,True,In-network,461,True,Hospital_86,2.86,South,1,0.9997298
P00887,Provider_887,City_87,NC,36.0596,-78.7193,Pediatrics,Dermatology,Primary Care,25,150,6,1.29,0.06,True,False,Out-of-network,205,True,Hospital_87,3.28,East,1,0.9998615
P00888,Provider_888,City_88,NV,39.1526,-116.0694,Cardiology,Endocrinology,Specialty Care,35,500,58,2.01,0.91,True,False,In-network,268,False,Hospital_88,3.74,West,1,0.9991364
P00889,Provider_889,City_89,GA,32.5656,-82.5001,Psychiatry,Gastroenterology,Specialty Care,24,250,21,4.81,0.53,True,False,Out-of-network,481,True,Hospital_89,3.98,North,1,0.9998808
P00890,Provider_890,City_90,CO,40.0001,-105.3321,Gastroenterology,Neurology,Specialty Care,37,420,21,2.83,0.45,True,True,Out-of-network,299,False,Hospital_90,3.02,West,1,0.999851
P00891,Provider_891,City_91,PA,41.2033,-77.1945,Dermatology,Psychiatry,Specialty Care,26,200,23,4.95,1.0,True,True,In-network,473,False,Hospital_91,3.34,West,1,0.9998808
P00892,Provider_892,City_92,NC,35.8096,-78.9693,Pediatrics,Orthopedics,Primary Care,11,150,29,4.81,0.21,True,True,In-network,215,False,Hospital_92,4.23,South,1,0.9998622
P00893,Provider_893,City_93,NC,35.8596,-78.9193,Urology,ENT,Specialty Care,11,380,54,3.46,0.59,False,False,In-network,433,True,Hospital_93,4.95,East,1,0.9998808
P00894,Provider_894,City_94,NC,35.9096,-78.8693,Urology,Neurology,Specialty Care,1,380,24,1.1,0.23,False,True,Out-of-network,486,False,Hospital_94,4.52,South,1,0.999851
P00895,Provider_895,City_95,OH,40.6173,-82.7071,Psychiatry,Ophthalmology,Specialty Care,18,250,24,2.54,0.52,False,False,Out-of-network,194,True,Hospital_95,1.91,North,1,0.99956197
P00896,Provider_896,City_96,MI,44.5648,-85.3524,Psychiatry,Dermatology,Specialty Care,18,250,31,2.08,0.83,True,False,In-network,347,False,Hospital_96,2.5,South,1,0.99952865
P00897,Provider_897,City_97,TX,32.2686,-99.6018,Orthopedics,Gastroenterology,Surgical,17,400,23,3.92,0.17,True,False,In-network,203,True,Hospital_97,3.67,East,1,0.9998622
P00898,Provider_898,City_98,OH,40.7673,-82.5571,Orthopedics,General Practice,Surgical,19,400,19,1.11,0.59,False,False,Out-of-network,264,True,Hospital_98,3.13,East,1,0.99988866
P00899,Provider_899,City_99,MA,42.8072,-70.9824,Orthopedics,Neurology,Surgical,20,400,15,4.29,0.69,False,False,In-network,273,False,Hospital_99,3.36,West,1,0.9998895
P00900,Provider_900,City_100,NY,43.7494,-73.7679,Ophthalmology,Pediatrics,Specialty Care,29,180,27,2.67,0.73,True,False,Out-of-network,322,False,Hospital_100,1.29,West,1,0.99952865
P00901,Provider_901,City_101,GA,32.1656,-82.9001,Neurology,Dermatology,Specialty Care,16,450,24,4.59,0.06,False,False,In-network,341,False,Hospital_1,3.48,North,1,0.9988501
P00902,Provider_902,City_102,WA,47.8011,-120.6901,Dermatology,Ophthalmology,Specialty Care,23,200,33,2.14,0.29,True,True,In-network,228,True,Hospital_2,4.4,East,1,0.9998615
P00903,Provider_903,City_103,WA,47.8511,-120.6401,Urology,Psychiatry,Specialty Care,16,380,23,3.69,0.35,True,True,In-network,225,False,Hospital_3,3.63,South,1,0.9998622
P00904,Provider_904,City_104,NV,38.9526,-116.2694,Cardiology,Urology,Specialty Care,9,500,7,1.87,0.16,False,True,Out-of-network,227,True,Hospital_4,3.19,West,1,0.99892586
P00905,Provider_905,City_105,NC,35.9596,-78.8193,Gastroenterology,Cardiology,Specialty Care,35,420,52,2.55,0.02,False,False,Out-of-network,292,True,Hospital_5,4.38,South,1,0.999851
P00906,Provider_906,City_106,IL,40.8831,-89.1485,Gastroenterology,Cardiology,Specialty Care,18,420,17,3.73,0.27,True,True,In-network,271,False,Hospital_6,2.41,East,1,0.9994592
P00907,Provider_907,City_107,CO,39.8501,-105.4821,Endocrinology,General Practice,Specialty Care,3,400,30,3.15,0.03,True,False,Out-of-network,52,False,Hospital_7,4.04,East,1,0.9998622
P00908,Provider_908,City_108,MI,44.6648,-85.2524,ENT,Ophthalmology,Specialty Care,33,220,37,2.14,0.59,True,True,Out-of-network,283,True,Hospital_8,3.87,North,1,0.999882
P00909,Provider_909,City_109,GA,32.5656,-82.5001,Cardiology,Cardiology,Specialty Care,11,500,18,4.27,0.85,False,True,In-network,167,False,Hospital_9,4.49,West,1,0.9991406
P00910,Provider_910,City_110,CO,40.0001,-105.3321,Psychiatry,Dermatology,Specialty Care,34,250,23,2.82,0.68,False,True,Out-of-network,98,True,Hospital_10,1.81,West,1,0.99956197
P00911,Provider_911,City_111,FL,27.9944,-81.7603,Gastroenterology,Cardiology,Specialty Care,31,420,33,4.79,0.67,False,True,Out-of-network,204,True,Hospital_11,4.46,East,1,0.99988925
P00912,Provider_912,City_112,IL,40.6831,-89.3485,General Practice,Cardiology,Primary Care,25,100,48,3.01,0.92,True,True,In-network,466,True,Hospital_12,1.27,East,1,0.9995413
P00913,Provider_913,City_113,WA,47.8511,-120.6401,Psychiatry,Dermatology,Specialty Care,31,250,52,4.06,0.7,False,True,In-network,421,False,Hospital_13,2.01,South,1,0.99953103
P00914,Provider_914,City_114,OH,40.5673,-82.7571,Cardiology,Pediatrics,Specialty Care,7,500,22,2.39,0.13,True,True,In-network,455,True,Hospital_14,2.9,West,0,0.012338628
P00915,Provider_915,City_115,MA,42.6072,-71.1824,Psychiatry,Endocrinology,Specialty Care,38,250,43,3.5,0.53,False,False,Out-of-network,351,False,Hospital_15,2.34,South,1,0.99953103
P00916,Provider_916,City_116,WA,48.0011,-120.4901,General Practice,ENT,Primary Care,15,100,25,2.81,0.51,False,True,In-network,410,True,Hospital_16,4.67,South,1,0.9998802
P00917,Provider_917,City_117,CO,39.8501,-105.4821,Pediatrics,Ophthalmology,Primary Care,9,150,23,4.47,0.11,False,True,In-network,474,True,Hospital_17,3.63,North,1,0.9998517
P00918,Provider_918,City_118,PA,41.5533,-76.8445,ENT,ENT,Specialty Care,34,220,35,3.84,0.2,False,False,Out-of-network,150,True,Hospital_18,4.6,North,1,0.9998622
P00919,Provider_919,City_119,AZ,34.4489,-110.6937,Dermatology,Orthopedics,Specialty Care,25,200,47,2.35,0.67,False,False,Out-of-network,60,True,Hospital_19,2.26,South,1,0.99956197
P00920,Provider_920,City_120,OH,40.8673,-82.4571,Neurology,ENT,Specialty Care,23,450,52,4.61,0.48,True,False,Out-of-network,123,False,Hospital_20,4.09,East,1,0.9991406
P00921,Provider_921,City_121,OH,40.4173,-82.9071,Ophthalmology,Dermatology,Specialty Care,30,180,39,3.98,0.52,True,False,Out-of-network,282,False,Hospital_21,2.02,West,1,0.9995652
P00922,Provider_922,City_122,IL,40.6831,-89.3485,Pediatrics,Pediatrics,Primary Care,25,150,55,1.15,0.87,True,False,In-network,495,True,Hospital_22,4.45,South,1,0.9998802
P00923,Provider_923,City_123,FL,28.0944,-81.6603,Dermatology,Psychiatry,Specialty Care,28,200,13,2.21,0.66,True,True,In-network,341,False,Hospital_23,1.23,East,1,0.99952865
P00924,Provider_924,City_124,NY,43.4494,-74.0679,Cardiology,Neurology,Specialty Care,4,500,56,1.67,0.47,True,False,Out-of-network,193,True,Hospital_24,4.08,South,1,0.99892586
P00925,Provider_925,City_125,NC,35.9596,-78.8193,Ophthalmology,Psychiatry,Specialty Care,27,180,44,1.64,0.24,False,False,Out-of-network,294,True,Hospital_25,2.09,North,1,0.9994137
P00926,Provider_926,City_126,MA,42.6572,-71.1324,Dermatology,Ophthalmology,Specialty Care,5,200,28,3.45,0.35,True,True,Out-of-network,312,True,Hospital_26,2.76,East,1,0.9996939
P00927,Provider_927,City_127,PA,41.5033,-76.8945,ENT,Psychiatry,Specialty Care,17,220,25,4.6,0.34,False,True,In-network,308,False,Hospital_27,1.74,North,1,0.9994167
P00928,Provider_928,City_128,NV,39.1526,-116.0694,Neurology,Neurology,Specialty Care,15,450,10,3.28,0.41,False,False,In-network,173,False,Hospital_28,1.9,West,0,0.002289136
P00929,Provider_929,City_129,MI,44.7148,-85.2024,Pediatrics,Gastroenterology,Primary Care,36,150,12,1.15,0.53,False,False,In-network,416,True,Hospital_29,2.42,West,1,0.99952865
P00930,Provider_930,City_130,CO,40.0001,-105.3321,Urology,Gastroenterology,Specialty Care,27,380,48,4.83,0.84,False,False,In-network,345,False,Hospital_30,3.77,East,1,0.9998808
P00931,Provider_931,City_131,WA,47.7511,-120.7401,Cardiology,Psychiatry,Specialty Care,8,500,44,2.05,0.49,False,True,Out-of-network,252,False,Hospital_31,3.16,West,1,0.9991364
P00932,Provider_932,City_132,NC,35.8096,-78.9693,Endocrinology,Pediatrics,Specialty Care,40,400,33,1.82,0.35,True,True,In-network,287,False,Hospital_32,2.42,East,1,0.9994137
P00933,Provider_933,City_133,MA,42.5072,-71.2824,Psychiatry,Orthopedics,Specialty Care,22,250,55,3.82,0.02,True,False,In-network,458,True,Hospital_33,3.15,North,1,0.9998517
P00934,Provider_934,City_134,MI,44.4648,-85.4524,Endocrinology,Psychiatry,Specialty Care,11,400,22,4.6,0.01,True,False,In-network,370,True,Hospital_34,2.59,West,1,0.999603
P00935,Provider_935,City_135,NC,35.9596,-78.8193,ENT,Neurology,Specialty Care,4,220,28,2.68,0.71,True,False,Out-of-network,199,False,Hospital_35,4.58,North,1,0.99988866
P00936,Provider_936,City_136,GA,32.4156,-82.6501,Pediatrics,Gastroenterology,Primary Care,37,150,18,2.71,0.49,False,False,Out-of-network,104,False,Hospital_36,2.01,South,1,0.99956197
P00937,Provider_937,City_137,IL,40.9331,-89.0985,Gastroenterology,Pediatrics,Specialty Care,21,420,21,4.68,0.96,False,False,In-network,349,False,Hospital_37,1.98,West,1,0.99953103
P00938,Provider_938,City_138,OH,40.7673,-82.5571,Endocrinology,Ophthalmology,Specialty Care,6,400,7,4.91,0.92,True,False,In-network,78,True,Hospital_38,4.56,South,1,0.99988925
P00939,Provider_939,City_139,GA,32.5656,-82.5001,Endocrinology,Psychiatry,Specialty Care,35,400,38,1.66,0.2,False,True,Out-of-network,224,False,Hospital_39,2.91,North,1,0.9997477
P00940,Provider_940,City_140,MA,42.8572,-70.9324,Gastroenterology,Pediatrics,Specialty Care,16,420,32,3.23,0.75,True,True,In-network,189,False,Hospital_40,3.75,South,1,0.99988925
P00941,Provider_941,City_141,TX,31.9686,-99.9018,General Practice,Psychiatry,Primary Care,7,100,59,4.75,0.15,True,True,In-network,391,True,Hospital_41,2.23,North,1,0.9994167
P00942,Provider_942,City_142,CO,39.6001,-105.7321,Cardiology,Pediatrics,Specialty Care,11,500,59,2.49,0.1,False,False,In-network,368,False,Hospital_42,3.11,North,1,0.99884427
P00943,Provider_943,City_143,MI,44.4148,-85.5024,General Practice,ENT,Primary Care,17,100,59,3.93,0.08,False,False,Out-of-network,388,False,Hospital_43,1.29,West,1,0.9994167
P00944,Provider_944,City_144,NY,43.4494,-74.0679,Neurology,Gastroenterology,Specialty Care,2,450,40,2.94,0.82,True,True,In-network,172,True,Hospital_44,3.63,East,1,0.9991364
P00945,Provider_945,City_145,NY,43.4994,-74.0179,Dermatology,Urology,Specialty Care,32,200,42,2.3,0.4,True,True,Out-of-network,483,True,Hospital_45,4.35,South,1,0.999851
P00946,Provider_946,City_146,NY,43.5494,-73.9679,Orthopedics,Psychiatry,Surgical,20,400,27,3.23,0.21,True,False,In-network,216,False,Hospital_46,2.73,North,1,0.99965656
P00947,Provider_947,City_147,MI,44.6148,-85.3024,Pediatrics,Neurology,Primary Care,4,150,37,2.68,0.41,False,False,Out-of-network,115,False,Hospital_47,3.43,North,1,0.9998615
P00948,Provider_948,City_148,FL,28.3444,-81.4103,Cardiology,General Practice,Specialty Care,28,500,55,1.63,0.15,False,True,Out-of-network,195,True,Hospital_48,3.4,North,1,0.99892586
P00949,Provider_949,City_149,FL,28.3944,-81.3603,Endocrinology,Gastroenterology,Specialty Care,16,400,10,1.9,0.65,True,True,In-network,170,True,Hospital_49,2.85,East,1,0.9997701
P00950,Provider_950,City_150,WA,48.2011,-120.2901,Gastroenterology,Neurology,Specialty Care,19,420,5,3.28,0.33,False,False,In-network,282,False,Hospital_50,4.45,East,1,0.99986255
P00951,Provider_951,City_151,TX,31.9686,-99.9018,Neurology,Neurology,Specialty Care,11,450,28,2.52,0.98,False,True,Out-of-network,328,False,Hospital_51,2.84,South,0,0.009968886
P00952,Provider_952,City_152,PA,41.2533,-77.1445,Neurology,Cardiology,Specialty Care,11,450,52,1.53,0.09,True,True,Out-of-network,227,False,Hospital_52,1.7,North,0,0.002277519
P00953,Provider_953,City_153,NY,43.3994,-74.1179,Ophthalmology,General Practice,Specialty Care,31,180,11,3.35,0.0,False,True,In-network,244,False,Hospital_53,2.21,East,1,0.999458
P00954,Provider_954,City_154,AZ,34.1989,-110.9437,Pediatrics,Urology,Primary Care,9,150,48,4.22,0.07,False,True,Out-of-network,326,False,Hospital_54,4.95,South,1,0.9998517
P00955,Provider_955,City_155,PA,41.4033,-76.9945,Pediatrics,Pediatrics,Primary Care,24,150,51,4.53,0.72,False,True,Out-of-network,160,False,Hospital_55,1.34,West,1,0.9995641
P00956,Provider_956,City_156,AZ,34.2989,-110.8437,Endocrinology,General Practice,Specialty Care,30,400,48,4.98,0.22,False,False,In-network,191,False,Hospital_56,1.2,East,1,0.999458
P00957,Provider_957,City_157,TX,32.2686,-99.6018,Ophthalmology,Psychiatry,Specialty Care,40,180,48,2.24,0.7,False,True,Out-of-network,178,False,Hospital_57,1.33,West,1,0.99956197
P00958,Provider_958,City_158,OH,40.7673,-82.5571,Neurology,Urology,Specialty Care,33,450,54,4.65,0.18,False,False,Out-of-network,51,False,Hospital_58,2.38,South,0,0.002289136
P00959,Provider_959,City_159,CO,39.9501,-105.3821,Orthopedics,General Practice,Surgical,19,400,49,2.81,0.21,False,True,Out-of-network,407,False,Hospital_59,3.45,South,1,0.999851
P00960,Provider_960,City_160,PA,41.6533,-76.7445,Cardiology,Dermatology,Specialty Care,39,500,7,4.37,0.68,True,True,Out-of-network,495,True,Hospital_60,3.23,North,1,0.9990753
P00961,Provider_961,City_161,NC,35.7596,-79.0193,Endocrinology,Urology,Specialty Care,4,400,15,4.29,0.83,False,True,In-network,432,True,Hospital_61,2.42,North,1,0.99953103
P00962,Provider_962,City_162,TX,32.0186,-99.8518,Dermatology,Cardiology,Specialty Care,15,200,41,3.09,0.32,True,False,In-network,151,True,Hospital_62,4.86,West,1,0.9998622
P00963,Provider_963,City_163,CO,39.6501,-105.6821,Pediatrics,Dermatology,Primary Care,24,150,32,3.56,0.01,True,True,In-network,469,True,Hospital_63,2.95,North,1,0.99977046
P00964,Provider_964,City_164,AZ,34.1989,-110.9437,Cardiology,Endocrinology,Specialty Care,3,500,7,1.37,0.62,False,False,Out-of-network,277,False,Hospital_64,2.49,North,0,0.002837918
P00965,Provider_965,City_165,TX,32.1686,-99.7018,ENT,Pediatrics,Specialty Care,13,220,58,1.91,0.61,False,False,Out-of-network,449,True,Hospital_65,2.68,North,1,0.9996792
P00966,Provider_966,City_166,WA,48.0011,-120.4901,General Practice,Orthopedics,Primary Care,11,100,49,2.53,0.28,False,True,In-network,222,False,Hospital_66,3.75,South,1,0.9998615
P00967,Provider_967,City_167,WA,48.0511,-120.4401,Ophthalmology,Ophthalmology,Specialty Care,34,180,6,4.45,0.87,True,False,Out-of-network,164,False,Hospital_67,2.34,North,1,0.9995641
P00968,Provider_968,City_168,OH,40.7673,-82.5571,Neurology,Orthopedics,Specialty Care,11,450,44,3.72,0.31,False,True,In-network,287,True,Hospital_68,1.5,North,0,0.0021275654
P00969,Provider_969,City_169,NV,39.2026,-116.0194,Pediatrics,ENT,Primary Care,23,150,11,3.2,0.68,True,True,In-network,351,True,Hospital_69,3.16,North,1,0.9998808
P00970,Provider_970,City_170,OH,40.8673,-82.4571,Psychiatry,Dermatology,Specialty Care,26,250,57,2.92,0.84,True,True,Out-of-network,406,True,Hospital_70,3.25,South,1,0.9998802
P00971,Provider_971,City_171,WA,47.7511,-120.7401,Dermatology,Endocrinology,Specialty Care,8,200,59,3.24,0.97,True,True,Out-of-network,362,False,Hospital_71,3.99,South,1,0.9998808
P00972,Provider_972,City_172,FL,28.0444,-81.7103,Gastroenterology,Endocrinology,Specialty Care,33,420,23,4.88,0.66,True,False,Out-of-network,500,False,Hospital_72,2.13,West,1,0.99953103
P00973,Provider_973,City_173,MA,42.5072,-71.2824,General Practice,Pediatrics,Primary Care,24,100,11,2.57,0.99,False,True,In-network,228,False,Hospital_73,3.79,East,1,0.99988866
P00974,Provider_974,City_174,MI,44.4648,-85.4524,Endocrinology,Ophthalmology,Specialty Care,31,400,21,1.72,0.65,False,False,Out-of-network,468,False,Hospital_74,3.8,East,1,0.9998802
P00975,Provider_975,City_175,TX,32.1686,-99.7018,Endocrinology,Psychiatry,Specialty Care,23,400,25,1.0,0.07,False,False,In-network,344,False,Hospital_75,3.82,South,1,0.999851
P00976,Provider_976,City_176,GA,32.4156,-82.6501,Ophthalmology,Neurology,Specialty Care,13,180,26,2.94,0.13,False,False,Out-of-network,131,False,Hospital_76,2.46,East,1,0.99945515
P00977,Provider_977,City_177,WA,48.0511,-120.4401,Endocrinology,Gastroenterology,Specialty Care,9,400,42,2.08,0.09,True,True,Out-of-network,199,False,Hospital_77,4.34,West,1,0.9998615
P00978,Provider_978,City_178,NY,43.6494,-73.8679,Psychiatry,Pediatrics,Specialty Care,19,250,27,3.28,0.42,True,False,Out-of-network,196,True,Hospital_78,2.66,South,1,0.99963105
P00979,Provider_979,City_179,WA,48.1511,-120.3401,Pediatrics,Cardiology,Primary Care,21,150,6,2.01,0.84,True,False,In-network,50,False,Hospital_79,3.46,East,1,0.99988866
P00980,Provider_980,City_180,CA,37.2283,-118.9679,Cardiology,Ophthalmology,Specialty Care,31,500,10,5.0,0.62,True,False,Out-of-network,483,True,Hospital_80,1.39,West,0,0.002644954
P00981,Provider_981,City_181,IL,40.6331,-89.3985,Ophthalmology,Urology,Specialty Care,8,180,40,2.27,0.71,False,False,Out-of-network,188,True,Hospital_81,3.39,North,1,0.99988866
P00982,Provider_982,City_182,GA,32.2156,-82.8501,Dermatology,Cardiology,Specialty Care,23,200,29,1.49,0.58,False,True,Out-of-network,201,True,Hospital_82,4.53,North,1,0.99988866
P00983,Provider_983,City_183,NY,43.3994,-74.1179,Endocrinology,Orthopedics,Specialty Care,11,400,13,2.94,0.89,True,True,In-network,392,True,Hospital_83,2.47,South,1,0.99952865
P00984,Provider_984,City_184,AZ,34.1989,-110.9437,Orthopedics,Pediatrics,Surgical,28,400,44,3.21,0.8,False,False,In-network,156,False,Hospital_84,2.6,South,1,0.99970335
P00985,Provider_985,City_185,WA,47.9511,-120.5401,ENT,Endocrinology,Specialty Care,37,220,9,3.45,0.31,True,False,In-network,73,True,Hospital_85,3.01,South,1,0.9998622
P00986,Provider_986,City_186,MI,44.5648,-85.3524,Pediatrics,Orthopedics,Primary Care,20,150,17,1.25,0.55,False,True,In-network,83,False,Hospital_86,4.52,East,1,0.99988866
P00987,Provider_987,City_187,CA,37.0783,-119.1179,Endocrinology,Psychiatry,Specialty Care,16,400,33,1.17,0.25,False,True,In-network,236,False,Hospital_87,1.13,South,1,0.99945515
P00988,Provider_988,City_188,MA,42.7572,-71.0324,General Practice,Pediatrics,Primary Care,8,100,47,3.82,0.98,False,True,Out-of-network,417,False,Hospital_88,3.46,North,1,0.9998808
P00989,Provider_989,City_189,NV,39.2026,-116.0194,General Practice,Cardiology,Primary Care,14,100,60,1.19,0.53,False,True,In-network,64,False,Hospital_89,1.4,North,1,0.99956197
P00990,Provider_990,City_190,CO,40.0001,-105.3321,Pediatrics,General Practice,Primary Care,29,150,48,3.41,0.05,True,False,Out-of-network,149,False,Hospital_90,1.73,East,1,0.999458
P00991,Provider_991,City_191,NV,38.8026,-116.4194,Gastroenterology,Gastroenterology,Specialty Care,25,420,19,1.96,0.89,False,False,In-network,313,False,Hospital_91,2.87,South,1,0.99978167
P00992,Provider_992,City_192,AZ,34.0989,-111.0437,General Practice,General Practice,Primary Care,29,100,40,1.71,1.0,False,True,Out-of-network,494,True,Hospital_92,2.96,South,1,0.99981457
P00993,Provider_993,City_193,PA,41.3033,-77.0945,Orthopedics,Psychiatry,Surgical,22,400,43,3.92,1.0,True,True,In-network,114,False,Hospital_93,4.08,North,1,0.99988925
P00994,Provider_994,City_194,MA,42.5572,-71.2324,Dermatology,ENT,Specialty Care,9,200,12,4.17,0.67,False,True,Out-of-network,419,False,Hospital_94,2.23,East,1,0.99953103
P00995,Provider_995,City_195,NY,43.4994,-74.0179,Neurology,Orthopedics,Specialty Care,7,450,8,3.96,0.89,False,False,In-network,62,True,Hospital_95,4.43,North,1,0.9991406
P00996,Provider_996,City_196,MI,44.5648,-85.3524,Ophthalmology,General Practice,Specialty Care,2,180,45,2.32,0.09,False,False,In-network,168,True,Hospital_96,4.6,South,1,0.9998615
P00997,Provider_997,City_197,MI,44.6148,-85.3024,Dermatology,Pediatrics,Specialty Care,12,200,10,2.59,0.94,True,False,Out-of-network,189,False,Hospital_97,3.93,West,1,0.99988866
P00998,Provider_998,City_198,OH,40.7673,-82.5571,ENT,General Practice,Specialty Care,26,220,8,4.34,0.68,True,False,Out-of-network,110,True,Hospital_98,1.52,East,1,0.9995641
P00999,Provider_999,City_199,FL,28.3944,-81.3603,Psychiatry,Psychiatry,Specialty Care,14,250,28,1.77,0.27,True,False,Out-of-network,397,True,Hospital_99,2.24,North,1,0.9994137
P01000,Provider_1000,City_200,PA,41.6533,-76.7445,Pediatrics,Ophthalmology,Primary Care,28,150,5,3.64,0.47,True,False,In-network,103,False,Hospital_100,4.29,West,1,0.9998622
P01001,Provider_1001,City_1,AZ,34.0489,-111.0937,Neurology,General Practice,Specialty Care,27,450,34,4.38,0.98,True,False,In-network,307,True,Hospital_1,3.56,South,1,0.9990753
P01002,Provider_1002,City_2,MA,42.4572,-71.3324,ENT,Gastroenterology,Specialty Care,5,220,25,4.03,0.27,True,False,In-network,200,False,Hospital_2,2.48,South,1,0.999458
P01003,Provider_1003,City_3,PA,41.3033,-77.0945,Urology,Ophthalmology,Specialty Care,10,380,7,3.23,0.96,True,False,Out-of-network,106,True,Hospital_3,1.7,South,1,0.9995641
P01004,Provider_1004,City_4,NC,35.9096,-78.8693,Gastroenterology,ENT,Specialty Care,13,420,52,1.09,0.02,False,True,Out-of-network,70,True,Hospital_4,1.82,East,1,0.99945515
P01005,Provider_1005,City_5,OH,40.6173,-82.7071,ENT,Pediatrics,Specialty Care,8,220,60,1.39,0.62,True,True,In-network,157,False,Hospital_5,1.35,East,1,0.99956197
P01006,Provider_1006,City_6,NV,39.0526,-116.1694,Gastroenterology,Orthopedics,Specialty Care,15,420,54,1.38,0.82,False,False,In-network,278,True,Hospital_6,2.45,West,1,0.9995629
P01007,Provider_1007,City_7,CO,39.8501,-105.4821,General Practice,Orthopedics,Primary Care,19,100,27,3.37,0.31,False,False,In-network,204,True,Hospital_7,2.54,North,1,0.999458
P01008,Provider_1008,City_8,AZ,34.3989,-110.7437,Psychiatry,Orthopedics,Specialty Care,22,250,30,4.5,0.91,True,True,Out-of-network,441,True,Hospital_8,1.43,East,1,0.99953103
P01009,Provider_1009,City_9,NC,36.1596,-78.6193,Ophthalmology,Urology,Specialty Care,38,180,25,4.97,0.74,False,False,In-network,74,False,Hospital_9,2.87,North,1,0.9997981
P01010,Provider_1010,City_10,OH,40.8673,-82.4571,Urology,Urology,Specialty Care,27,380,51,3.57,0.49,False,True,Out-of-network,500,False,Hospital_10,1.43,West,1,0.99953103
P01011,Provider_1011,City_11,CO,39.5501,-105.7821,Ophthalmology,ENT,Specialty Care,29,180,19,4.3,0.91,False,True,In-network,427,False,Hospital_11,4.89,West,1,0.9998808
P01012,Provider_1012,City_12,OH,40.4673,-82.8571,Gastroenterology,Endocrinology,Specialty Care,40,420,19,1.68,0.04,False,True,Out-of-network,491,False,Hospital_12,3.82,East,1,0.999851
P01013,Provider_1013,City_13,TX,32.0686,-99.8018,Pediatrics,Ophthalmology,Primary Care,33,150,11,4.83,0.99,True,True,Out-of-network,98,False,Hospital_13,2.09,South,1,0.9995641
P01014,Provider_1014,City_14,NC,35.9096,-78.8693,Pediatrics,Psychiatry,Primary Care,5,150,32,2.01,0.81,True,True,In-network,355,True,Hospital_14,1.53,North,1,0.99952865
P01015,Provider_1015,City_15,MA,42.6072,-71.1824,Orthopedics,Psychiatry,Surgical,39,400,13,3.83,0.8,True,False,In-network,397,True,Hospital_15,2.26,South,1,0.99953103
P01016,Provider_1016,City_16,NY,43.5494,-73.9679,Urology,General Practice,Specialty Care,15,380,20,1.89,0.14,False,True,In-network,137,False,Hospital_16,2.94,East,1,0.9997477
P01017,Provider_1017,City_17,IL,40.9331,-89.0985,Orthopedics,Pediatrics,Surgical,18,400,49,3.49,0.58,False,False,In-network,381,True,Hospital_17,1.09,South,1,0.99953103
P01018,Provider_1018,City_18,CA,37.1283,-119.0679,Urology,General Practice,Specialty Care,17,380,58,1.78,0.28,True,False,In-network,331,True,Hospital_18,3.44,North,1,0.999851
P01019,Provider_1019,City_19,TX,32.3686,-99.5018,Ophthalmology,Neurology,Specialty Care,38,180,41,3.09,0.38,False,True,Out-of-network,91,False,Hospital_19,3.42,South,1,0.9998622
P01020,Provider_1020,City_20,FL,28.4444,-81.3103,Psychiatry,ENT,Specialty Care,18,250,60,4.89,0.58,True,False,Out-of-network,495,True,Hospital_20,4.62,North,1,0.9998808
P01021,Provider_1021,City_21,GA,32.1656,-82.9001,Orthopedics,ENT,Surgical,39,400,52,3.8,0.96,True,True,Out-of-network,241,True,Hospital_21,4.54,West,1,0.99988925
P01022,Provider_1022,City_22,IL,40.6831,-89.3485,Ophthalmology,Urology,Specialty Care,34,180,57,3.43,0.69,True,True,In-network,91,True,Hospital_22,3.02,North,1,0.99988925
P01023,Provider_1023,City_23,NY,43.3994,-74.1179,Gastroenterology,Urology,Specialty Care,29,420,38,3.57,0.24,False,False,Out-of-network,336,False,Hospital_23,2.08,West,1,0.9994167
P01024,Provider_1024,City_24,AZ,34.1989,-110.9437,Pediatrics,Gastroenterology,Primary Care,18,150,55,1.36,0.16,False,False,In-network,295,True,Hospital_24,4.6,North,1,0.999851
P01025,Provider_1025,City_25,OH,40.6173,-82.7071,Pediatrics,Gastroenterology,Primary Care,20,150,13,2.16,0.59,False,True,Out-of-network,440,True,Hospital_25,1.52,South,1,0.99952865
P01026,Provider_1026,City_26,MI,44.5648,-85.3524,General Practice,Psychiatry,Primary Care,15,100,20,3.3,0.01,False,False,In-network,151,True,Hospital_26,2.12,North,1,0.999458
P01027,Provider_1027,City_27,NY,43.5994,-73.9179,Orthopedics,Psychiatry,Surgical,20,400,58,2.28,0.05,True,True,In-network,399,True,Hospital_27,2.65,West,1,0.99960095
P01028,Provider_1028,City_28,FL,28.3444,-81.4103,Dermatology,Orthopedics,Specialty Care,17,200,34,1.79,0.8,False,True,Out-of-network,437,True,Hospital_28,1.36,North,1,0.99952865
P01029,Provider_1029,City_29,FL,28.3944,-81.3603,ENT,Cardiology,Specialty Care,21,220,42,2.81,0.21,True,True,Out-of-network,499,False,Hospital_29,3.11,West,1,0.999851
P01030,Provider_1030,City_30,MA,42.8572,-70.9324,ENT,ENT,Specialty Care,38,220,58,1.51,0.72,False,True,In-network,172,False,Hospital_30,1.1,East,1,0.99956197
P01031,Provider_1031,City_31,MI,44.3148,-85.6024,Pediatrics,General Practice,Primary Care,2,150,30,3.48,0.12,False,True,In-network,185,False,Hospital_31,3.17,West,1,0.9998622
P01032,Provider_1032,City_32,GA,32.2156,-82.8501,Urology,Gastroenterology,Specialty Care,35,380,45,1.97,0.12,False,False,In-network,208,False,Hospital_32,1.03,North,1,0.99945515
P01033,Provider_1033,City_33,NC,35.8596,-78.9193,General Practice,Urology,Primary Care,31,100,29,3.45,0.29,True,True,Out-of-network,349,True,Hospital_33,1.81,North,1,0.9994167
P01034,Provider_1034,City_34,NY,43.4494,-74.0679,Gastroenterology,Dermatology,Specialty Care,24,420,28,3.61,0.1,False,False,In-network,271,False,Hospital_34,3.44,East,1,0.99986255
P01035,Provider_1035,City_35,MA,42.6072,-71.1824,Neurology,Psychiatry,Specialty Care,18,450,59,2.76,0.74,False,True,Out-of-network,453,False,Hospital_35,1.02,North,0,0.0026315362
P01036,Provider_1036,City_36,CO,39.8001,-105.5321,Urology,Pediatrics,Specialty Care,32,380,16,4.78,0.56,False,True,Out-of-network,475,True,Hospital_36,1.64,South,1,0.99953103
P01037,Provider_1037,City_37,NV,39.1026,-116.1194,Neurology,ENT,Specialty Care,40,450,57,3.85,0.02,True,True,In-network,154,True,Hospital_37,3.0,South,1,0.99893135
P01038,Provider_1038,City_38,NC,36.1096,-78.6693,ENT,General Practice,Specialty Care,35,220,8,2.47,0.33,True,True,In-network,168,True,Hospital_38,4.9,West,1,0.9998615
P01039,Provider_1039,City_39,CA,37.1783,-119.0179,Gastroenterology,Urology,Specialty Care,22,420,26,2.11,0.38,False,False,In-network,86,False,Hospital_39,1.55,South,1,0.99945515
P01040,Provider_1040,City_40,MA,42.8572,-70.9324,Psychiatry,Cardiology,Specialty Care,16,250,27,1.31,0.15,False,False,In-network,493,True,Hospital_40,3.41,South,1,0.999851
P01041,Provider_1041,City_41,AZ,34.0489,-111.0937,Pediatrics,Cardiology,Primary Care,36,150,57,4.04,0.54,False,False,In-network,366,False,Hospital_41,4.04,South,1,0.9998808
P01042,Provider_1042,City_42,OH,40.4673,-82.8571,Cardiology,Psychiatry,Specialty Care,25,500,14,2.92,0.07,True,False,In-network,497,False,Hospital_42,2.81,West,0,0.008030373
P01043,Provider_1043,City_43,PA,41.3033,-77.0945,Neurology,Ophthalmology,Specialty Care,2,450,42,2.54,0.81,False,True,In-network,351,True,Hospital_43,4.64,East,1,0.9990707
P01044,Provider_1044,City_44,NC,35.9096,-78.8693,ENT,Orthopedics,Specialty Care,19,220,17,3.34,0.9,False,False,Out-of-network,59,True,Hospital_44,4.03,South,1,0.99988925
P01045,Provider_1045,City_45,GA,32.3656,-82.7001,Neurology,General Practice,Specialty Care,34,450,12,4.07,0.43,False,False,Out-of-network,179,False,Hospital_45,2.31,West,0,0.002289136
P01046,Provider_1046,City_46,AZ,34.2989,-110.8437,Endocrinology,Endocrinology,Specialty Care,6,400,57,4.38,0.64,False,True,In-network,498,False,Hospital_46,3.08,West,1,0.9998808
P01047,Provider_1047,City_47,AZ,34.3489,-110.7937,Endocrinology,Cardiology,Specialty Care,34,400,28,3.82,0.75,True,False,Out-of-network,255,True,Hospital_47,2.28,North,1,0.9995641
P01048,Provider_1048,City_48,CO,39.9001,-105.4321,Endocrinology,Ophthalmology,Specialty Care,18,400,16,1.44,0.79,True,False,In-network,456,False,Hospital_48,1.52,East,1,0.99952865
P01049,Provider_1049,City_49,OH,40.8173,-82.5071,Urology,Gastroenterology,Specialty Care,14,380,50,4.06,0.01,True,False,In-network,490,True,Hospital_49,3.49,East,1,0.9998517
P01050,Provider_1050,City_50,MI,44.7648,-85.1524,Gastroenterology,Cardiology,Specialty Care,18,420,42,2.89,0.17,False,True,Out-of-network,262,True,Hospital_50,2.96,West,1,0.9997856
P01051,Provider_1051,City_51,CO,39.5501,-105.7821,Ophthalmology,ENT,Specialty Care,20,180,15,2.54,0.71,False,False,In-network,61,False,Hospital_51,4.1,West,1,0.99988866
P01052,Provider_1052,City_52,OH,40.4673,-82.8571,ENT,Urology,Specialty Care,2,220,57,4.34,0.55,False,False,In-network,496,True,Hospital_52,3.54,North,1,0.9998808
P01053,Provider_1053,City_53,FL,28.0944,-81.6603,Gastroenterology,ENT,Specialty Care,20,420,60,2.17,0.75,False,False,In-network,426,True,Hospital_53,4.77,North,1,0.9998802
P01054,Provider_1054,City_54,NY,43.4494,-74.0679,Neurology,Psychiatry,Specialty Care,29,450,49,3.76,0.44,False,True,Out-of-network,122,False,Hospital_54,2.68,West,0,0.004106367
P01055,Provider_1055,City_55,CO,39.7501,-105.5821,Psychiatry,Dermatology,Specialty Care,6,250,24,2.95,0.15,False,False,Out-of-network,339,False,Hospital_55,3.42,West,1,0.999851
P01056,Provider_1056,City_56,IL,40.8831,-89.1485,Gastroenterology,ENT,Specialty Care,20,420,57,3.92,0.54,True,False,In-network,293,True,Hospital_56,2.73,East,1,0.99970275
P01057,Provider_1057,City_57,NC,36.0596,-78.7193,Urology,Gastroenterology,Specialty Care,8,380,60,3.01,0.85,True,False,In-network,129,False,Hospital_57,1.62,South,1,0.99957377
P01058,Provider_1058,City_58,OH,40.7673,-82.5571,ENT,Pediatrics,Specialty Care,36,220,35,2.21,0.84,True,True,Out-of-network,170,True,Hospital_58,1.68,North,1,0.99956197
P01059,Provider_1059,City_59,MI,44.7148,-85.2024,Urology,General Practice,Specialty Care,20,380,7,1.89,0.78,False,True,Out-of-network,373,False,Hospital_59,2.4,West,1,0.99952865
P01060,Provider_1060,City_60,NY,43.7494,-73.7679,Psychiatry,Gastroenterology,Specialty Care,12,250,26,2.63,0.56,False,False,In-network,247,False,Hospital_60,2.26,West,1,0.99956197
P01061,Provider_1061,City_61,GA,32.1656,-82.9001,ENT,Urology,Specialty Care,9,220,46,4.57,0.98,False,False,Out-of-network,317,False,Hospital_61,1.83,North,1,0.99953103
P01062,Provider_1062,City_62,MA,42.4572,-71.3324,Neurology,Ophthalmology,Specialty Care,4,450,7,4.91,0.78,True,False,Out-of-network,77,False,Hospital_62,3.58,South,1,0.9991406
P01063,Provider_1063,City_63,IL,40.7331,-89.2985,Urology,Endocrinology,Specialty Care,16,380,43,3.36,0.13,False,False,In-network,217,True,Hospital_63,2.56,North,1,0.99963105
P01064,Provider_1064,City_64,MA,42.5572,-71.2324,Endocrinology,ENT,Specialty Care,26,400,30,3.72,0.93,False,True,In-network,225,False,Hospital_64,4.97,South,1,0.99988925
P01065,Provider_1065,City_65,MA,42.6072,-71.1824,ENT,Dermatology,Specialty Care,21,220,36,2.26,0.53,False,False,In-network,353,False,Hospital_65,2.61,East,1,0.9996792
P01066,Provider_1066,City_66,GA,32.4156,-82.6501,Neurology,Cardiology,Specialty Care,7,450,17,4.79,0.64,False,False,In-network,395,False,Hospital_66,4.97,East,1,0.9990753
P01067,Provider_1067,City_67,NY,43.5994,-73.9179,Orthopedics,Gastroenterology,Surgical,13,400,47,3.68,0.71,True,True,In-network,124,True,Hospital_67,4.18,North,1,0.99988925
P01068,Provider_1068,City_68,NV,39.1526,-116.0694,General Practice,Ophthalmology,Primary Care,21,100,40,3.02,0.44,False,False,Out-of-network,58,False,Hospital_68,4.97,West,1,0.9998652
P01069,Provider_1069,City_69,CO,39.9501,-105.3821,Cardiology,ENT,Specialty Care,19,500,59,1.83,0.98,True,True,Out-of-network,88,True,Hospital_69,2.73,South,0,0.0068467893
P01070,Provider_1070,City_70,OH,40.8673,-82.4571,Orthopedics,Ophthalmology,Surgical,24,400,54,4.91,0.3,True,True,Out-of-network,205,False,Hospital_70,2.02,North,1,0.999458
P01071,Provider_1071,City_71,WA,47.7511,-120.7401,Cardiology,Cardiology,Specialty Care,7,500,5,2.55,0.9,True,False,Out-of-network,155,True,Hospital_71,3.89,West,1,0.9991364
P01072,Provider_1072,City_72,PA,41.2533,-77.1445,Pediatrics,Endocrinology,Primary Care,2,150,41,2.87,0.79,False,True,In-network,425,False,Hospital_72,3.59,West,1,0.9998802
P01073,Provider_1073,City_73,AZ,34.1489,-110.9937,Psychiatry,Cardiology,Specialty Care,14,250,48,2.76,0.92,False,True,In-network,404,False,Hospital_73,3.59,North,1,0.9998802
P01074,Provider_1074,City_74,FL,28.1444,-81.6103,Ophthalmology,Gastroenterology,Specialty Care,37,180,23,4.6,0.0,True,False,Out-of-network,383,False,Hospital_74,4.41,North,1,0.9998517
P01075,Provider_1075,City_75,AZ,34.2489,-110.8937,ENT,Dermatology,Specialty Care,29,220,37,2.24,0.2,True,False,In-network,118,True,Hospital_75,1.43,North,1,0.99945515
P01076,Provider_1076,City_76,MA,42.6572,-71.1324,Pediatrics,Orthopedics,Primary Care,37,150,8,1.9,0.88,True,True,In-network,185,False,Hospital_76,1.76,North,1,0.99956197
P01077,Provider_1077,City_77,WA,48.0511,-120.4401,Dermatology,Endocrinology,Specialty Care,25,200,29,4.7,0.36,False,True,In-network,162,False,Hospital_77,3.07,South,1,0.9998622
P01078,Provider_1078,City_78,AZ,34.3989,-110.7437,Psychiatry,General Practice,Specialty Care,11,250,26,2.04,0.59,False,False,In-network,279,False,Hospital_78,4.33,West,1,0.9998889
P01079,Provider_1079,City_79,GA,32.5656,-82.5001,ENT,Neurology,Specialty Care,30,220,49,1.71,0.93,True,False,In-network,382,False,Hospital_79,4.65,East,1,0.9998802
P01080,Provider_1080,City_80,WA,48.2011,-120.2901,Ophthalmology,Ophthalmology,Specialty Care,2,180,6,1.66,0.75,True,True,Out-of-network,119,True,Hospital_80,4.2,South,1,0.99988866
P01081,Provider_1081,City_81,OH,40.4173,-82.9071,Dermatology,Ophthalmology,Specialty Care,13,200,41,4.5,0.5,False,False,In-network,74,False,Hospital_81,1.0,North,1,0.9995641
P01082,Provider_1082,City_82,MI,44.3648,-85.5524,Orthopedics,General Practice,Surgical,17,400,20,3.47,0.04,False,False,Out-of-network,278,True,Hospital_82,4.87,East,1,0.99986255
P01083,Provider_1083,City_83,AZ,34.1489,-110.9937,ENT,Dermatology,Specialty Care,8,220,31,1.93,0.7,True,False,In-network,433,False,Hospital_83,2.75,West,1,0.9997261
P01084,Provider_1084,City_84,TX,32.1186,-99.7518,Psychiatry,Neurology,Specialty Care,31,250,34,1.79,0.63,False,True,Out-of-network,428,True,Hospital_84,1.96,South,1,0.99952865
P01085,Provider_1085,City_85,WA,47.9511,-120.5401,Gastroenterology,Endocrinology,Specialty Care,13,420,57,4.86,0.94,False,True,Out-of-network,273,True,Hospital_85,2.07,North,1,0.9995652
P01086,Provider_1086,City_86,OH,40.6673,-82.6571,ENT,Urology,Specialty Care,17,220,56,4.43,0.0,False,True,Out-of-network,376,False,Hospital_86,1.5,East,1,0.9994167
P01087,Provider_1087,City_87,GA,32.4656,-82.6001,Gastroenterology,Gastroenterology,Specialty Care,33,420,19,4.29,0.34,False,True,In-network,129,True,Hospital_87,3.79,South,1,0.9998622
P01088,Provider_1088,City_88,TX,32.3186,-99.5518,Urology,Dermatology,Specialty Care,29,380,24,3.49,0.27,True,True,In-network,262,True,Hospital_88,2.54,East,1,0.999458
P01089,Provider_1089,City_89,AZ,34.4489,-110.6937,Dermatology,Neurology,Specialty Care,33,200,22,2.36,0.3,False,False,In-network,480,True,Hospital_89,3.49,East,1,0.999851
P01090,Provider_1090,City_90,NC,36.2096,-78.5693,Ophthalmology,Ophthalmology,Specialty Care,40,180,16,2.42,0.99,True,False,Out-of-network,240,False,Hospital_90,1.49,West,1,0.99956197
P01091,Provider_1091,City_91,IL,40.6331,-89.3985,Cardiology,ENT,Specialty Care,15,500,29,2.21,0.33,True,False,Out-of-network,323,True,Hospital_91,1.88,East,0,0.0021167668
P01092,Provider_1092,City_92,TX,32.0186,-99.8518,Dermatology,Gastroenterology,Specialty Care,35,200,55,1.52,0.03,True,False,In-network,149,True,Hospital_92,4.87,West,1,0.9998615
P01093,Provider_1093,City_93,AZ,34.1489,-110.9937,Urology,General Practice,Specialty Care,25,380,43,1.15,0.51,False,False,In-network,162,False,Hospital_93,4.27,East,1,0.99988866
P01094,Provider_1094,City_94,OH,40.5673,-82.7571,Pediatrics,Urology,Primary Care,18,150,14,2.37,0.72,True,False,Out-of-network,189,True,Hospital_94,3.12,East,1,0.99988866
P01095,Provider_1095,City_95,IL,40.8331,-89.1985,Gastroenterology,Cardiology,Specialty Care,32,420,22,2.54,0.99,False,True,In-network,79,True,Hospital_95,1.77,North,1,0.99956197
P01096,Provider_1096,City_96,IL,40.8831,-89.1485,Dermatology,Endocrinology,Specialty Care,36,200,41,4.19,0.17,True,False,Out-of-network,459,True,Hospital_96,4.21,East,1,0.9998517
P01097,Provider_1097,City_97,MA,42.7072,-71.0824,ENT,Dermatology,Specialty Care,16,220,57,3.63,0.18,True,True,Out-of-network,305,False,Hospital_97,3.51,South,1,0.9998517
P01098,Provider_1098,City_98,TX,32.3186,-99.5518,ENT,ENT,Specialty Care,2,220,56,3.16,0.03,False,False,In-network,59,True,Hospital_98,4.23,East,1,0.9998622
P01099,Provider_1099,City_99,FL,28.3944,-81.3603,Cardiology,Urology,Specialty Care,3,500,51,1.34,0.24,False,True,In-network,89,True,Hospital_99,4.71,East,1,0.99892586
P01100,Provider_1100,City_100,PA,41.6533,-76.7445,Endocrinology,Gastroenterology,Specialty Care,40,400,44,3.02,0.31,True,False,Out-of-network,152,True,Hospital_100,1.92,North,1,0.9994698
P01101,Provider_1101,City_101,CA,36.7783,-119.4179,Neurology,General Practice,Specialty Care,16,450,42,1.58,0.19,True,True,In-network,471,False,Hospital_1,2.86,East,0,0.0090904655
P01102,Provider_1102,City_102,AZ,34.0989,-111.0437,ENT,Gastroenterology,Specialty Care,9,220,22,2.78,0.72,False,True,Out-of-network,126,False,Hospital_2,4.8,East,1,0.99988866
P01103,Provider_1103,City_103,CO,39.6501,-105.6821,Orthopedics,Neurology,Surgical,13,400,37,3.7,0.49,False,False,In-network,263,True,Hospital_3,4.92,East,1,0.99988925
P01104,Provider_1104,City_104,NV,38.9526,-116.2694,Gastroenterology,Orthopedics,Specialty Care,11,420,25,3.04,0.03,False,True,In-network,139,False,Hospital_4,4.58,North,1,0.9998652
P01105,Provider_1105,City_105,PA,41.4033,-76.9945,ENT,Dermatology,Specialty Care,10,220,48,2.0,0.92,True,True,In-network,161,False,Hospital_5,1.35,East,1,0.99956197
P01106,Provider_1106,City_106,WA,48.0011,-120.4901,Dermatology,Dermatology,Specialty Care,29,200,55,1.22,0.57,True,True,Out-of-network,147,True,Hospital_6,2.11,North,1,0.99956197
P01107,Provider_1107,City_107,MI,44.6148,-85.3024,Cardiology,Orthopedics,Specialty Care,37,500,13,2.99,0.59,True,True,Out-of-network,312,False,Hospital_7,2.86,South,0,0.011281971
P01108,Provider_1108,City_108,NV,39.1526,-116.0694,Urology,Psychiatry,Specialty Care,37,380,44,1.09,0.19,False,True,In-network,67,True,Hospital_8,1.96,East,1,0.99945515
P01109,Provider_1109,City_109,WA,48.1511,-120.3401,Cardiology,Endocrinology,Specialty Care,16,500,60,4.39,0.91,True,False,In-network,474,True,Hospital_9,2.09,West,0,0.002644954
P01110,Provider_1110,City_110,AZ,34.4989,-110.6437,Gastroenterology,Ophthalmology,Specialty Care,8,420,23,2.02,0.1,False,False,In-network,484,True,Hospital_10,2.9,East,1,0.9997284
P01111,Provider_1111,City_111,WA,47.7511,-120.7401,Dermatology,Pediatrics,Specialty Care,17,200,59,4.0,0.1,False,False,Out-of-network,355,False,Hospital_11,3.68,North,1,0.9998517
P01112,Provider_1112,City_112,PA,41.2533,-77.1445,Gastroenterology,Cardiology,Specialty Care,31,420,30,2.75,0.88,True,False,Out-of-network,463,True,Hospital_12,3.85,South,1,0.9998802
P01113,Provider_1113,City_113,MA,42.5072,-71.2824,Orthopedics,ENT,Surgical,34,400,38,4.66,1.0,False,True,In-network,488,False,Hospital_13,2.95,South,1,0.9998155
P01114,Provider_1114,City_114,WA,47.9011,-120.5901,Endocrinology,ENT,Specialty Care,6,400,39,1.8,0.91,True,False,Out-of-network,369,False,Hospital_14,2.51,North,1,0.99952865
P01115,Provider_1115,City_115,NC,35.9596,-78.8193,Gastroenterology,Pediatrics,Specialty Care,34,420,51,4.24,0.23,True,True,In-network,174,True,Hospital_15,2.93,North,1,0.9997489
P01116,Provider_1116,City_116,IL,40.8831,-89.1485,General Practice,Psychiatry,Primary Care,3,100,50,2.67,0.11,True,False,Out-of-network,142,False,Hospital_16,1.26,North,1,0.99945515
P01117,Provider_1117,City_117,AZ,34.3489,-110.7937,Psychiatry,Cardiology,Specialty Care,12,250,38,3.04,0.25,False,True,In-network,195,False,Hospital_17,4.0,West,1,0.9998652
P01118,Provider_1118,City_118,NV,39.1526,-116.0694,Cardiology,Endocrinology,Specialty Care,16,500,16,4.19,0.72,True,False,Out-of-network,459,False,Hospital_18,4.9,West,1,0.9990753
P01119,Provider_1119,City_119,CO,39.9501,-105.3821,Urology,Neurology,Specialty Care,26,380,34,1.52,0.42,True,True,In-network,498,True,Hospital_19,3.89,East,1,0.999851
P01120,Provider_1120,City_120,MA,42.8572,-70.9324,General Practice,Gastroenterology,Primary Care,14,100,50,4.91,0.07,False,False,Out-of-network,426,False,Hospital_20,2.46,West,1,0.9994167
P01121,Provider_1121,City_121,NV,38.8026,-116.4194,Pediatrics,Orthopedics,Primary Care,39,150,55,2.38,0.87,False,False,Out-of-network,130,True,Hospital_21,1.45,South,1,0.99956197
P01122,Provider_1122,City_122,MI,44.3648,-85.5524,ENT,Urology,Specialty Care,36,220,20,4.33,0.83,False,True,In-network,401,True,Hospital_22,3.92,West,1,0.9998808
P01123,Provider_1123,City_123,CA,36.8783,-119.3179,ENT,Urology,Specialty Care,38,220,44,2.94,0.29,True,False,In-network,482,True,Hospital_23,2.74,East,1,0.9996593
P01124,Provider_1124,City_124,NY,43.4494,-74.0679,Urology,Ophthalmology,Specialty Care,33,380,53,1.88,0.33,True,True,Out-of-network,247,False,Hospital_24,4.66,South,1,0.9998615
P01125,Provider_1125,City_125,NV,39.0026,-116.2194,Psychiatry,General Practice,Specialty Care,16,250,34,1.03,0.13,True,True,In-network,255,True,Hospital_25,2.97,North,1,0.9997856
P01126,Provider_1126,City_126,AZ,34.2989,-110.8437,Psychiatry,Urology,Specialty Care,21,250,21,3.07,0.92,False,True,In-network,369,True,Hospital_26,2.92,East,1,0.99978274
P01127,Provider_1127,City_127,MI,44.6148,-85.3024,General Practice,Pediatrics,Primary Care,13,100,56,2.67,0.03,True,True,In-network,177,False,Hospital_27,3.97,South,1,0.9998615
P01128,Provider_1128,City_128,TX,32.3186,-99.5518,Ophthalmology,Pediatrics,Specialty Care,13,180,32,3.07,0.98,False,False,In-network,294,True,Hospital_28,3.67,North,1,0.9998808
P01129,Provider_1129,City_129,CO,39.9501,-105.3821,Urology,Gastroenterology,Specialty Care,14,380,6,3.57,0.51,True,False,In-network,114,True,Hospital_29,3.08,South,1,0.99988925
P01130,Provider_1130,City_130,MI,44.7648,-85.1524,Pediatrics,Endocrinology,Primary Care,30,150,36,4.46,0.23,False,True,Out-of-network,376,True,Hospital_30,1.2,West,1,0.9994167
P01131,Provider_1131,City_131,GA,32.1656,-82.9001,Urology,Orthopedics,Specialty Care,38,380,17,1.57,0.01,False,False,Out-of-network,190,False,Hospital_31,2.19,East,1,0.99945515
P01132,Provider_1132,City_132,CO,39.6001,-105.7321,Cardiology,ENT,Specialty Care,14,500,29,3.83,0.71,False,True,Out-of-network,235,False,Hospital_32,2.46,South,0,0.0028457039
P01133,Provider_1133,City_133,AZ,34.1489,-110.9937,General Practice,Gastroenterology,Primary Care,27,100,40,1.29,0.76,False,False,In-network,245,True,Hospital_33,3.45,East,1,0.99988866
P01134,Provider_1134,City_134,WA,47.9011,-120.5901,Orthopedics,Cardiology,Surgical,39,400,30,1.23,0.2,False,True,Out-of-network,333,True,Hospital_34,1.24,North,1,0.9994137
P01135,Provider_1135,City_135,OH,40.6173,-82.7071,Gastroenterology,Ophthalmology,Specialty Care,19,420,16,2.86,0.39,False,True,In-network,316,True,Hospital_35,2.58,South,1,0.99960095
P01136,Provider_1136,City_136,WA,48.0011,-120.4901,Gastroenterology,Endocrinology,Specialty Care,39,420,7,2.03,0.02,False,False,In-network,87,True,Hospital_36,1.74,West,1,0.99945515
P01137,Provider_1137,City_137,CA,37.0783,-119.1179,Gastroenterology,Urology,Specialty Care,34,420,8,1.32,0.19,True,True,Out-of-network,351,True,Hospital_37,1.62,South,1,0.9994137
P01138,Provider_1138,City_138,NC,36.1096,-78.6693,Pediatrics,Ophthalmology,Primary Care,37,150,8,2.96,0.34,True,False,In-network,372,False,Hospital_38,1.34,East,1,0.9994137
P01139,Provider_1139,City_139,PA,41.6033,-76.7945,Dermatology,Urology,Specialty Care,12,200,25,3.13,0.54,False,False,In-network,145,True,Hospital_39,4.51,South,1,0.99988925
P01140,Provider_1140,City_140,MI,44.7648,-85.1524,Cardiology,Neurology,Specialty Care,25,500,58,1.79,0.5,False,False,In-network,78,True,Hospital_40,2.36,South,0,0.0028312707
P01141,Provider_1141,City_141,NY,43.2994,-74.2179,Ophthalmology,Ophthalmology,Specialty Care,36,180,23,2.86,1.0,False,True,In-network,329,False,Hospital_41,1.41,South,1,0.99952865
P01142,Provider_1142,City_142,GA,32.2156,-82.8501,ENT,ENT,Specialty Care,39,220,38,3.51,0.01,False,False,Out-of-network,357,True,Hospital_42,4.08,West,1,0.9998517
P01143,Provider_1143,City_143,CO,39.6501,-105.6821,Ophthalmology,Urology,Specialty Care,1,180,9,1.16,0.27,True,True,Out-of-network,229,True,Hospital_43,3.96,North,1,0.9998615
P01144,Provider_1144,City_144,GA,32.3156,-82.7501,Ophthalmology,ENT,Specialty Care,4,180,56,1.33,0.98,False,False,In-network,101,False,Hospital_44,2.78,South,1,0.9997701
P01145,Provider_1145,City_145,MA,42.6072,-71.1824,Pediatrics,Endocrinology,Primary Care,20,150,42,3.69,0.52,False,True,In-network,285,False,Hospital_45,1.96,South,1,0.99953103
P01146,Provider_1146,City_146,CO,39.8001,-105.5321,ENT,General Practice,Specialty Care,33,220,53,3.73,0.92,False,False,In-network,459,False,Hospital_46,1.07,East,1,0.99953103
P01147,Provider_1147,City_147,NY,43.5994,-73.9179,Ophthalmology,Endocrinology,Specialty Care,17,180,36,3.89,0.04,False,False,Out-of-network,188,False,Hospital_47,1.27,North,1,0.999458
P01148,Provider_1148,City_148,MI,44.6648,-85.2524,Ophthalmology,Gastroenterology,Specialty Care,18,180,12,3.51,0.32,True,True,In-network,337,True,Hospital_48,4.75,South,1,0.9998517
P01149,Provider_1149,City_149,PA,41.6033,-76.7945,Dermatology,Neurology,Specialty Care,18,200,27,2.49,0.14,True,False,Out-of-network,106,False,Hospital_49,4.73,West,1,0.9998615
P01150,Provider_1150,City_150,NV,39.2526,-115.9694,Dermatology,Ophthalmology,Specialty Care,8,200,30,1.54,0.39,True,False,In-network,459,True,Hospital_50,3.89,East,1,0.999851
P01151,Provider_1151,City_151,NC,35.7596,-79.0193,Psychiatry,Ophthalmology,Specialty Care,22,250,41,1.03,0.5,True,False,Out-of-network,261,False,Hospital_51,4.13,East,1,0.99988866
P01152,Provider_1152,City_152,NY,43.3494,-74.1679,Pediatrics,General Practice,Primary Care,8,150,49,3.65,0.72,True,True,Out-of-network,380,True,Hospital_52,4.58,North,1,0.9998808
P01153,Provider_1153,City_153,CO,39.6501,-105.6821,Pediatrics,Cardiology,Primary Care,34,150,7,2.67,0.19,False,True,In-network,254,True,Hospital_53,4.68,East,1,0.9998615
P01154,Provider_1154,City_154,MI,44.4648,-85.4524,Orthopedics,Neurology,Surgical,11,400,21,3.06,0.89,False,True,In-network,89,True,Hospital_54,3.78,West,1,0.99988925
P01155,Provider_1155,City_155,TX,32.1686,-99.7018,Neurology,Orthopedics,Specialty Care,6,450,48,1.29,0.6,True,False,In-network,251,False,Hospital_55,1.22,East,0,0.0028312707
P01156,Provider_1156,City_156,WA,48.0011,-120.4901,Endocrinology,Neurology,Specialty Care,2,400,42,3.38,0.91,False,True,Out-of-network,445,True,Hospital_56,2.18,South,1,0.99953103
P01157,Provider_1157,City_157,NC,36.0596,-78.7193,Orthopedics,Cardiology,Surgical,6,400,47,3.26,0.35,False,False,Out-of-network,449,False,Hospital_57,3.03,North,1,0.9998517
P01158,Provider_1158,City_158,FL,28.3444,-81.4103,ENT,ENT,Specialty Care,14,220,23,1.29,0.54,False,False,Out-of-network,347,False,Hospital_58,3.79,West,1,0.9998802
P01159,Provider_1159,City_159,CA,37.1783,-119.0179,Urology,Dermatology,Specialty Care,33,380,53,4.07,0.8,True,False,In-network,394,True,Hospital_59,1.61,East,1,0.99953103
P01160,Provider_1160,City_160,TX,32.4186,-99.4518,Endocrinology,Pediatrics,Specialty Care,30,400,33,2.75,0.69,True,False,Out-of-network,278,True,Hospital_60,1.77,West,1,0.9995629
P01161,Provider_1161,City_161,CA,36.7783,-119.4179,Orthopedics,Pediatrics,Surgical,16,400,48,1.82,0.81,False,True,Out-of-network,435,False,Hospital_61,1.01,North,1,0.99952865
P01162,Provider_1162,City_162,WA,47.8011,-120.6901,Orthopedics,Dermatology,Surgical,32,400,23,1.67,0.69,False,True,In-network,159,True,Hospital_62,1.27,West,1,0.99956197
P01163,Provider_1163,City_163,NY,43.3994,-74.1179,Dermatology,ENT,Specialty Care,25,200,5,3.71,0.88,True,True,In-network,250,True,Hospital_63,4.07,East,1,0.99988925
P01164,Provider_1164,City_164,MI,44.4648,-85.4524,Orthopedics,Gastroenterology,Surgical,17,400,23,4.27,0.37,False,True,Out-of-network,451,False,Hospital_64,2.32,West,1,0.9994167
P01165,Provider_1165,City_165,CO,39.7501,-105.5821,ENT,Dermatology,Specialty Care,20,220,6,4.49,0.38,True,True,Out-of-network,391,True,Hospital_65,1.21,South,1,0.9994167
P01166,Provider_1166,City_166,NV,39.0526,-116.1694,Neurology,Ophthalmology,Specialty Care,8,450,17,3.83,0.76,False,False,Out-of-network,221,True,Hospital_66,1.85,South,0,0.0028457039
P01167,Provider_1167,City_167,CO,39.8501,-105.4821,Dermatology,Endocrinology,Specialty Care,6,200,42,3.02,0.82,False,True,Out-of-network,267,False,Hospital_67,2.89,East,1,0.99980253
P01168,Provider_1168,City_168,WA,48.1011,-120.3901,Pediatrics,Psychiatry,Primary Care,32,150,7,5.0,0.53,True,False,Out-of-network,496,False,Hospital_68,3.32,South,1,0.9998808
P01169,Provider_1169,City_169,MI,44.7148,-85.2024,Neurology,Urology,Specialty Care,19,450,53,2.68,0.37,True,True,Out-of-network,382,True,Hospital_69,2.29,East,0,0.0021167668
P01170,Provider_1170,City_170,CA,37.2283,-118.9679,Urology,Psychiatry,Specialty Care,9,380,57,4.27,0.86,True,False,Out-of-network,157,True,Hospital_70,3.04,North,1,0.99988925
P01171,Provider_1171,City_171,TX,31.9686,-99.9018,Ophthalmology,Urology,Specialty Care,9,180,17,2.33,0.56,False,False,Out-of-network,422,False,Hospital_71,2.3,North,1,0.99952865
P01172,Provider_1172,City_172,NV,38.8526,-116.3694,ENT,General Practice,Specialty Care,37,220,13,2.67,0.38,False,False,Out-of-network,364,False,Hospital_72,2.06,East,1,0.9994137
P01173,Provider_1173,City_173,PA,41.3033,-77.0945,Dermatology,Urology,Specialty Care,28,200,38,4.96,0.1,True,True,Out-of-network,304,False,Hospital_73,4.79,North,1,0.9998517
P01174,Provider_1174,City_174,CA,36.9283,-119.2679,Pediatrics,Pediatrics,Primary Care,6,150,5,2.35,0.37,False,True,In-network,476,False,Hospital_74,1.16,South,1,0.9994137
P01175,Provider_1175,City_175,MI,44.5148,-85.4024,Urology,Endocrinology,Specialty Care,11,380,27,4.14,0.28,True,True,In-network,121,True,Hospital_75,4.69,East,1,0.9998622
P01176,Provider_1176,City_176,AZ,34.2989,-110.8437,ENT,Cardiology,Specialty Care,39,220,8,1.49,0.76,False,False,In-network,328,False,Hospital_76,2.65,North,1,0.9996792
P01177,Provider_1177,City_177,MI,44.6148,-85.3024,Pediatrics,Psychiatry,Primary Care,26,150,10,4.63,0.29,False,True,Out-of-network,235,False,Hospital_77,2.5,East,1,0.999458
P01178,Provider_1178,City_178,IL,40.9831,-89.0485,Ophthalmology,Orthopedics,Specialty Care,40,180,19,2.91,0.42,False,True,In-network,76,True,Hospital_78,2.48,North,1,0.99945515
P01179,Provider_1179,City_179,MI,44.7148,-85.2024,Pediatrics,General Practice,Primary Care,2,150,13,2.36,0.88,True,True,Out-of-network,285,False,Hospital_79,1.05,North,1,0.99952865
P01180,Provider_1180,City_180,WA,48.2011,-120.2901,Dermatology,Psychiatry,Specialty Care,2,200,19,1.83,0.0,False,False,In-network,459,False,Hospital_80,1.97,South,1,0.9994137
P01181,Provider_1181,City_181,OH,40.4173,-82.9071,Neurology,Ophthalmology,Specialty Care,5,450,20,1.38,0.21,False,True,Out-of-network,270,False,Hospital_81,3.21,South,1,0.99892586
P01182,Provider_1182,City_182,NY,43.3494,-74.1679,Pediatrics,Psychiatry,Primary Care,1,150,6,1.94,0.33,False,True,Out-of-network,423,False,Hospital_82,1.63,West,1,0.9994137
P01183,Provider_1183,City_183,PA,41.3033,-77.0945,Endocrinology,General Practice,Specialty Care,28,400,52,3.69,0.23,True,False,Out-of-network,160,False,Hospital_83,3.25,South,1,0.9998622
P01184,Provider_1184,City_184,PA,41.3533,-77.0445,Pediatrics,Neurology,Primary Care,2,150,38,1.93,0.17,False,True,In-network,363,False,Hospital_84,3.68,North,1,0.999851
P01185,Provider_1185,City_185,CA,36.9783,-119.2179,Psychiatry,General Practice,Specialty Care,34,250,45,1.29,0.7,False,True,In-network,255,True,Hospital_85,3.97,East,1,0.99988866
P01186,Provider_1186,City_186,WA,48.0011,-120.4901,General Practice,Endocrinology,Primary Care,6,100,38,1.94,0.84,False,False,Out-of-network,462,True,Hospital_86,3.41,South,1,0.9998802
P01187,Provider_1187,City_187,TX,32.2686,-99.6018,Pediatrics,Neurology,Primary Care,39,150,10,3.99,0.44,False,False,In-network,463,False,Hospital_87,4.05,East,1,0.9998517
P01188,Provider_1188,City_188,FL,28.3444,-81.4103,Dermatology,Pediatrics,Specialty Care,38,200,10,3.29,0.78,False,False,In-network,390,False,Hospital_88,4.18,West,1,0.9998808
P01189,Provider_1189,City_189,TX,32.3686,-99.5018,Urology,Pediatrics,Specialty Care,11,380,58,4.81,0.1,True,False,In-network,477,False,Hospital_89,2.4,North,1,0.9994167
P01190,Provider_1190,City_190,WA,48.2011,-120.2901,Cardiology,Neurology,Specialty Care,12,500,58,2.42,0.65,False,True,Out-of-network,353,False,Hospital_90,2.53,North,0,0.0026315362
P01191,Provider_1191,City_191,TX,31.9686,-99.9018,Orthopedics,Urology,Surgical,11,400,6,1.44,0.49,True,False,Out-of-network,91,True,Hospital_91,2.29,East,1,0.99956197
P01192,Provider_1192,City_192,TX,32.0186,-99.8518,Urology,Endocrinology,Specialty Care,27,380,54,1.65,0.32,False,True,In-network,98,False,Hospital_92,2.86,North,1,0.9997477
P01193,Provider_1193,City_193,MI,44.4148,-85.5024,Pediatrics,Dermatology,Primary Care,17,150,9,4.65,0.09,True,True,In-network,142,False,Hospital_93,2.47,South,1,0.999458
P01194,Provider_1194,City_194,NY,43.4494,-74.0679,Dermatology,ENT,Specialty Care,8,200,17,2.69,0.21,False,False,In-network,250,True,Hospital_94,3.51,South,1,0.9998615
P01195,Provider_1195,City_195,GA,32.3656,-82.7001,Pediatrics,Pediatrics,Primary Care,25,150,46,4.05,0.64,False,True,In-network,73,True,Hospital_95,4.84,West,1,0.99988925
P01196,Provider_1196,City_196,NY,43.5494,-73.9679,Pediatrics,Orthopedics,Primary Care,8,150,23,1.59,0.45,True,True,Out-of-network,230,True,Hospital_96,2.81,West,1,0.9997141
P01197,Provider_1197,City_197,MI,44.6148,-85.3024,Pediatrics,Cardiology,Primary Care,23,150,35,1.36,0.51,False,True,In-network,193,True,Hospital_97,1.78,South,1,0.99956197
P01198,Provider_1198,City_198,NV,39.1526,-116.0694,Pediatrics,ENT,Primary Care,3,150,48,1.09,1.0,False,False,Out-of-network,116,True,Hospital_98,3.63,East,1,0.99988866
P01199,Provider_1199,City_199,AZ,34.4489,-110.6937,Cardiology,General Practice,Specialty Care,8,500,48,2.72,0.99,True,True,Out-of-network,250,True,Hospital_99,1.21,West,0,0.0028312707
P01200,Provider_1200,City_200,GA,32.6156,-82.4501,Urology,General Practice,Specialty Care,8,380,5,4.81,0.95,True,True,In-network,288,True,Hospital_100,1.31,North,1,0.99953103
P01201,Provider_1201,City_1,NV,38.8026,-116.4194,Endocrinology,Cardiology,Specialty Care,27,400,6,1.84,0.59,False,False,In-network,172,False,Hospital_1,2.61,South,1,0.9997018
P01202,Provider_1202,City_2,CO,39.6001,-105.7321,ENT,Pediatrics,Specialty Care,12,220,27,1.76,0.06,False,False,In-network,56,False,Hospital_2,2.86,East,1,0.9997477
P01203,Provider_1203,City_3,FL,28.0944,-81.6603,Orthopedics,Dermatology,Surgical,40,400,41,1.03,0.29,True,False,Out-of-network,206,True,Hospital_3,1.87,West,1,0.99945515
P01204,Provider_1204,City_4,IL,40.7831,-89.2485,Endocrinology,Ophthalmology,Specialty Care,38,400,16,3.61,0.28,True,False,In-network,314,False,Hospital_4,1.54,West,1,0.9994167
P01205,Provider_1205,City_5,TX,32.1686,-99.7018,General Practice,Urology,Primary Care,35,100,29,4.33,0.9,True,True,Out-of-network,229,False,Hospital_5,2.39,West,1,0.9995641
P01206,Provider_1206,City_6,IL,40.8831,-89.1485,Pediatrics,Dermatology,Primary Care,18,150,21,3.04,0.58,False,False,In-network,393,True,Hospital_6,2.34,East,1,0.9995413
P01207,Provider_1207,City_7,AZ,34.3489,-110.7937,Gastroenterology,ENT,Specialty Care,32,420,23,3.19,0.18,False,True,Out-of-network,185,True,Hospital_7,1.89,West,1,0.999458
P01208,Provider_1208,City_8,TX,32.3186,-99.5518,Orthopedics,Cardiology,Surgical,15,400,26,4.52,0.91,True,True,In-network,146,False,Hospital_8,1.67,South,1,0.9995641
P01209,Provider_1209,City_9,MI,44.7148,-85.2024,Orthopedics,ENT,Surgical,40,400,23,1.52,0.11,False,True,In-network,288,True,Hospital_9,3.68,West,1,0.999851
P01210,Provider_1210,City_10,NY,43.7494,-73.7679,Pediatrics,Neurology,Primary Care,40,150,43,1.57,0.34,True,True,Out-of-network,252,True,Hospital_10,1.59,West,1,0.99945515
P01211,Provider_1211,City_11,WA,47.7511,-120.7401,Neurology,Pediatrics,Specialty Care,2,450,27,2.55,0.34,True,False,In-network,474,False,Hospital_11,1.11,South,0,0.0021167668
P01212,Provider_1212,City_12,IL,40.6831,-89.3485,Psychiatry,Pediatrics,Specialty Care,33,250,38,2.94,0.57,False,True,Out-of-network,382,True,Hospital_12,2.05,West,1,0.99952865
P01213,Provider_1213,City_13,NV,38.9026,-116.3194,Urology,Urology,Specialty Care,12,380,24,3.45,0.67,True,False,In-network,310,True,Hospital_13,3.76,South,1,0.9998808
P01214,Provider_1214,City_14,WA,47.9011,-120.5901,Urology,Dermatology,Specialty Care,1,380,6,3.63,0.57,True,True,In-network,372,False,Hospital_14,4.67,East,1,0.9998808
P01215,Provider_1215,City_15,GA,32.3656,-82.7001,General Practice,Pediatrics,Primary Care,11,100,56,1.08,0.81,True,False,Out-of-network,231,True,Hospital_15,3.77,South,1,0.99988866
P01216,Provider_1216,City_16,MA,42.6572,-71.1324,Pediatrics,Neurology,Primary Care,26,150,44,1.39,0.41,False,False,Out-of-network,213,False,Hospital_16,1.05,North,1,0.99945515
P01217,Provider_1217,City_17,GA,32.4656,-82.6001,Gastroenterology,General Practice,Specialty Care,11,420,12,1.71,0.51,False,False,Out-of-network,498,True,Hospital_17,2.02,South,1,0.99952865
P01218,Provider_1218,City_18,FL,28.3444,-81.4103,Cardiology,Dermatology,Specialty Care,22,500,22,3.86,0.05,True,False,Out-of-network,213,False,Hospital_18,1.3,North,0,0.002289136
P01219,Provider_1219,City_19,IL,41.0331,-88.9985,ENT,Orthopedics,Specialty Care,37,220,23,3.84,0.17,False,False,In-network,471,False,Hospital_19,1.94,East,1,0.9994167
P01220,Provider_1220,City_20,PA,41.6533,-76.7445,Pediatrics,Dermatology,Primary Care,2,150,14,2.11,0.43,True,False,In-network,84,True,Hospital_20,2.05,South,1,0.99945515
P01221,Provider_1221,City_21,NY,43.2994,-74.2179,Endocrinology,ENT,Specialty Care,25,400,47,4.79,0.58,True,True,Out-of-network,95,True,Hospital_21,4.88,East,1,0.99988925
P01222,Provider_1222,City_22,PA,41.2533,-77.1445,ENT,Dermatology,Specialty Care,34,220,41,4.02,0.77,False,False,Out-of-network,117,True,Hospital_22,1.54,North,1,0.9995641
P01223,Provider_1223,City_23,FL,28.0944,-81.6603,Endocrinology,Pediatrics,Specialty Care,9,400,12,3.19,0.15,True,True,In-network,253,True,Hospital_23,1.58,East,1,0.999458
P01224,Provider_1224,City_24,PA,41.3533,-77.0445,ENT,Endocrinology,Specialty Care,21,220,42,3.46,0.81,False,False,Out-of-network,465,False,Hospital_24,2.8,East,1,0.9997539
P01225,Provider_1225,City_25,TX,32.1686,-99.7018,Neurology,Cardiology,Specialty Care,7,450,14,3.77,0.54,True,False,Out-of-network,473,True,Hospital_25,2.61,South,0,0.0038818317
P01226,Provider_1226,City_26,IL,40.8831,-89.1485,General Practice,Urology,Primary Care,1,100,16,3.29,0.19,False,True,Out-of-network,293,False,Hospital_26,2.56,East,1,0.999603
P01227,Provider_1227,City_27,NV,39.1026,-116.1194,Dermatology,Psychiatry,Specialty Care,14,200,35,3.91,0.52,False,False,Out-of-network,334,True,Hospital_27,4.19,West,1,0.9998808
P01228,Provider_1228,City_28,WA,48.1011,-120.3901,Dermatology,Urology,Specialty Care,33,200,49,2.45,0.83,True,True,Out-of-network,230,False,Hospital_28,3.01,West,1,0.99988866
P01229,Provider_1229,City_29,MI,44.7148,-85.2024,Urology,Gastroenterology,Specialty Care,9,380,16,3.43,0.26,False,True,In-network,495,True,Hospital_29,4.48,East,1,0.9998517
P01230,Provider_1230,City_30,CO,40.0001,-105.3321,Cardiology,Cardiology,Specialty Care,37,500,47,1.0,0.56,False,True,In-network,66,False,Hospital_30,3.11,East,1,0.9991364
P01231,Provider_1231,City_31,NC,35.7596,-79.0193,General Practice,General Practice,Primary Care,18,100,47,3.76,0.3,True,True,Out-of-network,352,True,Hospital_31,2.68,West,1,0.999603
P01232,Provider_1232,City_32,MI,44.3648,-85.5524,Psychiatry,Psychiatry,Specialty Care,20,250,22,3.11,0.32,False,True,Out-of-network,338,True,Hospital_32,4.81,South,1,0.9998517
P01233,Provider_1233,City_33,TX,32.0686,-99.8018,Pediatrics,Neurology,Primary Care,34,150,60,1.87,0.52,True,True,In-network,156,False,Hospital_33,4.37,South,1,0.99988866
P01234,Provider_1234,City_34,IL,40.7831,-89.2485,Ophthalmology,Ophthalmology,Specialty Care,25,180,15,2.7,0.36,True,True,In-network,88,False,Hospital_34,3.37,South,1,0.9998615
P01235,Provider_1235,City_35,TX,32.1686,-99.7018,Cardiology,Dermatology,Specialty Care,8,500,13,2.62,0.34,True,False,Out-of-network,104,False,Hospital_35,4.54,West,1,0.99892586
P01236,Provider_1236,City_36,WA,48.0011,-120.4901,Psychiatry,Urology,Specialty Care,40,250,24,2.51,0.99,False,True,In-network,304,True,Hospital_36,4.29,North,1,0.9998802
P01237,Provider_1237,City_37,AZ,34.3489,-110.7937,Cardiology,Cardiology,Specialty Care,9,500,20,4.52,0.4,True,True,Out-of-network,404,True,Hospital_37,4.7,North,1,0.9988501
P01238,Provider_1238,City_38,MA,42.7572,-71.0324,Endocrinology,Dermatology,Specialty Care,25,400,57,2.31,0.13,True,True,Out-of-network,367,True,Hospital_38,2.88,South,1,0.9997284
P01239,Provider_1239,City_39,AZ,34.4489,-110.6937,Orthopedics,Ophthalmology,Surgical,15,400,46,1.02,0.28,True,True,In-network,264,False,Hospital_39,1.8,North,1,0.99945515
P01240,Provider_1240,City_40,TX,32.4186,-99.4518,Dermatology,Dermatology,Specialty Care,38,200,17,1.2,0.75,False,False,Out-of-network,463,False,Hospital_40,3.98,East,1,0.9998802
P01241,Provider_1241,City_41,TX,31.9686,-99.9018,Dermatology,Neurology,Specialty Care,31,200,37,1.92,0.1,False,True,In-network,161,False,Hospital_41,1.51,North,1,0.99945515
P01242,Provider_1242,City_42,PA,41.2533,-77.1445,Neurology,Dermatology,Specialty Care,24,450,51,3.76,0.68,True,False,In-network,62,False,Hospital_42,1.83,West,0,0.0028457039
P01243,Provider_1243,City_43,CO,39.6501,-105.6821,Gastroenterology,Neurology,Specialty Care,14,420,9,3.18,0.74,True,True,Out-of-network,146,False,Hospital_43,3.11,East,1,0.99988925
P01244,Provider_1244,City_44,TX,32.1186,-99.7518,Endocrinology,Pediatrics,Specialty Care,13,400,24,1.94,0.49,True,True,In-network,257,False,Hospital_44,4.26,South,1,0.99988866
P01245,Provider_1245,City_45,NY,43.4994,-74.0179,Cardiology,Gastroenterology,Specialty Care,35,500,29,3.46,0.38,True,False,In-network,275,False,Hospital_45,1.82,East,0,0.0022945134
P01246,Provider_1246,City_46,FL,28.2444,-81.5103,General Practice,ENT,Primary Care,35,100,28,3.3,0.5,True,False,Out-of-network,437,False,Hospital_46,3.27,East,1,0.9998808
P01247,Provider_1247,City_47,PA,41.5033,-76.8945,ENT,Cardiology,Specialty Care,18,220,39,1.13,0.87,False,False,Out-of-network,332,True,Hospital_47,4.25,South,1,0.9998802
P01248,Provider_1248,City_48,CO,39.9001,-105.4321,Ophthalmology,Neurology,Specialty Care,24,180,45,4.22,0.65,True,True,In-network,484,False,Hospital_48,2.0,West,1,0.99953103
P01249,Provider_1249,City_49,IL,41.0331,-88.9985,Cardiology,Endocrinology,Specialty Care,2,500,55,3.07,0.08,True,False,In-network,319,True,Hospital_49,3.3,South,1,0.9988501
P01250,Provider_1250,City_50,PA,41.6533,-76.7445,Endocrinology,Urology,Specialty Care,34,400,29,1.27,0.16,False,False,In-network,478,True,Hospital_50,4.45,North,1,0.999851
P01251,Provider_1251,City_51,MA,42.4072,-71.3824,Orthopedics,Neurology,Surgical,26,400,12,1.02,0.93,True,False,In-network,106,False,Hospital_51,1.33,North,1,0.99956197
P01252,Provider_1252,City_52,IL,40.6831,-89.3485,Pediatrics,Ophthalmology,Primary Care,15,150,45,1.6,0.66,True,False,In-network,426,True,Hospital_52,1.83,West,1,0.99952865
P01253,Provider_1253,City_53,PA,41.3033,-77.0945,ENT,Psychiatry,Specialty Care,3,220,32,4.86,0.28,True,False,In-network,347,False,Hospital_53,2.76,East,1,0.9996939
P01254,Provider_1254,City_54,NY,43.4494,-74.0679,Gastroenterology,Urology,Specialty Care,31,420,53,2.77,0.84,False,True,In-network,488,True,Hospital_54,4.45,East,1,0.9998802
P01255,Provider_1255,City_55,CO,39.7501,-105.5821,Neurology,Pediatrics,Specialty Care,17,450,43,3.61,0.32,True,True,In-network,489,False,Hospital_55,2.25,South,0,0.0021275654
P01256,Provider_1256,City_56,OH,40.6673,-82.6571,ENT,Ophthalmology,Specialty Care,18,220,54,2.1,0.08,False,False,Out-of-network,155,True,Hospital_56,2.79,South,1,0.9997141
P01257,Provider_1257,City_57,NY,43.5994,-73.9179,Dermatology,Psychiatry,Specialty Care,5,200,27,4.67,0.11,True,False,In-network,144,False,Hospital_57,3.03,North,1,0.9998622
P01258,Provider_1258,City_58,PA,41.5533,-76.8445,General Practice,General Practice,Primary Care,16,100,19,3.93,0.8,False,False,Out-of-network,283,True,Hospital_58,3.12,North,1,0.9998826
P01259,Provider_1259,City_59,OH,40.8173,-82.5071,Urology,Dermatology,Specialty Care,12,380,21,3.68,0.18,False,False,In-network,493,False,Hospital_59,4.18,South,1,0.9998517
P01260,Provider_1260,City_60,MA,42.8572,-70.9324,Orthopedics,Pediatrics,Surgical,22,400,28,1.17,0.21,True,False,Out-of-network,315,True,Hospital_60,1.97,North,1,0.9994137
P01261,Provider_1261,City_61,TX,31.9686,-99.9018,Endocrinology,Cardiology,Specialty Care,36,400,53,1.06,0.59,False,False,Out-of-network,221,True,Hospital_61,2.3,North,1,0.99956197
P01262,Provider_1262,City_62,GA,32.2156,-82.8501,Neurology,General Practice,Specialty Care,14,450,43,1.27,1.0,True,False,Out-of-network,285,False,Hospital_62,2.46,East,0,0.0026315362
P01263,Provider_1263,City_63,NC,35.8596,-78.9193,Urology,Dermatology,Specialty Care,40,380,12,3.83,0.79,True,True,In-network,85,False,Hospital_63,3.87,West,1,0.99988925
P01264,Provider_1264,City_64,TX,32.1186,-99.7518,Psychiatry,Pediatrics,Specialty Care,28,250,29,4.55,0.54,True,True,Out-of-network,470,True,Hospital_64,4.45,South,1,0.9998808
P01265,Provider_1265,City_65,TX,32.1686,-99.7018,Cardiology,General Practice,Specialty Care,17,500,42,4.79,0.44,True,True,Out-of-network,163,False,Hospital_65,1.88,East,0,0.002289136
P01266,Provider_1266,City_66,NC,36.0096,-78.7693,Dermatology,Endocrinology,Specialty Care,26,200,60,2.47,0.83,True,True,In-network,477,True,Hospital_66,2.07,North,1,0.99952865
P01267,Provider_1267,City_67,TX,32.2686,-99.6018,Gastroenterology,Neurology,Specialty Care,12,420,47,2.02,0.06,False,False,In-network,471,False,Hospital_67,4.79,East,1,0.999851
P01268,Provider_1268,City_68,NC,36.1096,-78.6693,Dermatology,Neurology,Specialty Care,33,200,25,4.43,0.59,False,True,Out-of-network,416,False,Hospital_68,4.95,South,1,0.9998808
P01269,Provider_1269,City_69,CO,39.9501,-105.3821,Ophthalmology,ENT,Specialty Care,1,180,42,4.95,0.25,True,False,Out-of-network,389,False,Hospital_69,2.62,South,1,0.999603
P01270,Provider_1270,City_70,IL,41.0831,-88.9485,Pediatrics,ENT,Primary Care,36,150,6,4.3,0.52,True,False,In-network,50,True,Hospital_70,4.75,East,1,0.99988925
P01271,Provider_1271,City_71,CO,39.5501,-105.7821,Psychiatry,Urology,Specialty Care,12,250,18,1.75,0.48,True,False,Out-of-network,108,True,Hospital_71,2.83,South,1,0.9997701
P01272,Provider_1272,City_72,NV,38.8526,-116.3694,Psychiatry,ENT,Specialty Care,22,250,23,1.75,0.22,False,False,Out-of-network,60,True,Hospital_72,1.24,North,1,0.99945515
P01273,Provider_1273,City_73,MA,42.5072,-71.2824,Neurology,Orthopedics,Specialty Care,10,450,51,2.61,0.1,False,True,Out-of-network,61,True,Hospital_73,3.09,North,1,0.99892586
P01274,Provider_1274,City_74,CO,39.7001,-105.6321,Urology,Neurology,Specialty Care,19,380,16,2.46,0.66,True,False,In-network,285,False,Hospital_74,3.31,West,1,0.9998802
P01275,Provider_1275,City_75,PA,41.4033,-76.9945,Orthopedics,Dermatology,Surgical,24,400,50,1.85,0.87,False,True,In-network,217,False,Hospital_75,3.62,East,1,0.99988866
P01276,Provider_1276,City_76,CO,39.8001,-105.5321,Endocrinology,Gastroenterology,Specialty Care,14,400,48,4.59,0.15,False,True,In-network,419,False,Hospital_76,2.4,South,1,0.9994167
P01277,Provider_1277,City_77,OH,40.7173,-82.6071,Dermatology,Ophthalmology,Specialty Care,21,200,27,4.49,0.22,True,False,In-network,376,True,Hospital_77,5.0,West,1,0.9998517
P01278,Provider_1278,City_78,TX,32.3186,-99.5518,Endocrinology,Cardiology,Specialty Care,16,400,36,1.22,0.97,True,True,Out-of-network,182,True,Hospital_78,4.72,East,1,0.99988866
P01279,Provider_1279,City_79,NY,43.6994,-73.8179,ENT,Orthopedics,Specialty Care,18,220,42,1.26,0.31,False,True,In-network,294,True,Hospital_79,2.16,South,1,0.9994137
P01280,Provider_1280,City_80,NV,39.2526,-115.9694,General Practice,Ophthalmology,Primary Care,23,100,48,3.75,0.73,False,False,In-network,441,False,Hospital_80,2.88,East,1,0.99978274
P01281,Provider_1281,City_81,IL,40.6331,-89.3985,Urology,Dermatology,Specialty Care,8,380,50,1.64,0.61,True,False,Out-of-network,87,True,Hospital_81,4.64,South,1,0.99988866
P01282,Provider_1282,City_82,IL,40.6831,-89.3485,Gastroenterology,Pediatrics,Specialty Care,28,420,29,3.09,0.23,True,False,In-network,358,True,Hospital_82,2.18,East,1,0.9994167
P01283,Provider_1283,City_83,NC,35.8596,-78.9193,Urology,Gastroenterology,Specialty Care,23,380,39,4.43,0.39,True,True,In-network,227,True,Hospital_83,3.5,North,1,0.9998622
P01284,Provider_1284,City_84,CO,39.7001,-105.6321,ENT,Urology,Specialty Care,14,220,51,2.78,0.93,True,False,Out-of-network,63,False,Hospital_84,3.92,West,1,0.99988866
P01285,Provider_1285,City_85,MA,42.6072,-71.1824,Urology,Neurology,Specialty Care,35,380,6,2.41,0.15,True,True,Out-of-network,353,True,Hospital_85,1.63,East,1,0.9994137
P01286,Provider_1286,City_86,AZ,34.2989,-110.8437,Cardiology,General Practice,Specialty Care,34,500,26,3.28,0.16,False,False,Out-of-network,96,False,Hospital_86,1.61,East,0,0.002289136
P01287,Provider_1287,City_87,NY,43.5994,-73.9179,Gastroenterology,Pediatrics,Specialty Care,28,420,48,1.12,0.35,True,False,In-network,105,True,Hospital_87,4.94,West,1,0.9998615
P01288,Provider_1288,City_88,AZ,34.3989,-110.7437,Cardiology,General Practice,Specialty Care,11,500,46,1.09,0.32,True,False,In-network,337,False,Hospital_88,1.04,South,0,0.0021167668
P01289,Provider_1289,City_89,IL,41.0331,-88.9985,Endocrinology,Cardiology,Specialty Care,27,400,39,4.8,0.39,True,False,Out-of-network,241,False,Hospital_89,3.81,South,1,0.9998622
P01290,Provider_1290,City_90,GA,32.6156,-82.4501,Ophthalmology,ENT,Specialty Care,33,180,43,1.92,0.74,False,True,Out-of-network,57,False,Hospital_90,4.7,East,1,0.99988866
P01291,Provider_1291,City_91,NV,38.8026,-116.4194,Gastroenterology,Endocrinology,Specialty Care,5,420,31,4.76,0.97,True,True,Out-of-network,76,False,Hospital_91,3.14,South,1,0.99988925
P01292,Provider_1292,City_92,CO,39.6001,-105.7321,Psychiatry,ENT,Specialty Care,39,250,26,1.2,0.04,False,True,Out-of-network,203,True,Hospital_92,3.22,South,1,0.9998615
P01293,Provider_1293,City_93,TX,32.0686,-99.8018,Endocrinology,Gastroenterology,Specialty Care,39,400,24,1.97,0.11,False,False,Out-of-network,380,True,Hospital_93,4.98,West,1,0.999851
P01294,Provider_1294,City_94,NV,38.9526,-116.2694,Endocrinology,Endocrinology,Specialty Care,17,400,48,1.73,0.05,False,False,Out-of-network,50,False,Hospital_94,2.2,South,1,0.99945515
P01295,Provider_1295,City_95,TX,32.1686,-99.7018,Urology,Pediatrics,Specialty Care,24,380,49,3.4,0.19,False,False,Out-of-network,125,True,Hospital_95,2.91,South,1,0.9997489
P01296,Provider_1296,City_96,OH,40.6673,-82.6571,Gastroenterology,Urology,Specialty Care,1,420,8,4.52,0.43,False,False,Out-of-network,114,True,Hospital_96,2.51,North,1,0.999458
P01297,Provider_1297,City_97,AZ,34.3489,-110.7937,Urology,Psychiatry,Specialty Care,21,380,41,4.41,0.67,True,False,Out-of-network,388,True,Hospital_97,1.04,South,1,0.99953103
P01298,Provider_1298,City_98,OH,40.7673,-82.5571,General Practice,ENT,Primary Care,7,100,51,4.44,0.94,True,False,Out-of-network,113,True,Hospital_98,1.59,South,1,0.9995641
P01299,Provider_1299,City_99,PA,41.6033,-76.7945,Psychiatry,Urology,Specialty Care,8,250,8,1.53,0.95,False,True,In-network,304,False,Hospital_99,3.89,North,1,0.9998802
P01300,Provider_1300,City_100,IL,41.0831,-88.9485,Urology,Gastroenterology,Specialty Care,10,380,54,4.59,0.06,False,True,Out-of-network,154,False,Hospital_100,4.87,East,1,0.9998622
P01301,Provider_1301,City_101,IL,40.6331,-89.3985,Pediatrics,Dermatology,Primary Care,4,150,51,3.66,0.41,False,False,In-network,242,True,Hospital_1,1.86,West,1,0.999458
P01302,Provider_1302,City_102,OH,40.4673,-82.8571,General Practice,Gastroenterology,Primary Care,19,100,30,1.33,0.72,True,False,In-network,90,False,Hospital_2,4.6,East,1,0.99988866
P01303,Provider_1303,City_103,NY,43.3994,-74.1179,ENT,ENT,Specialty Care,17,220,53,2.47,0.5,True,True,Out-of-network,288,False,Hospital_3,2.69,West,1,0.9997013
P01304,Provider_1304,City_104,FL,28.1444,-81.6103,Pediatrics,General Practice,Primary Care,19,150,48,3.34,0.26,False,False,Out-of-network,384,True,Hospital_4,3.51,North,1,0.9998517
P01305,Provider_1305,City_105,NC,35.9596,-78.8193,Cardiology,Neurology,Specialty Care,36,500,47,1.11,0.71,False,True,Out-of-network,278,True,Hospital_5,4.55,South,1,0.99913836
P01306,Provider_1306,City_106,IL,40.8831,-89.1485,Gastroenterology,Psychiatry,Specialty Care,12,420,53,3.46,0.15,True,True,In-network,406,False,Hospital_6,4.18,East,1,0.9998517
P01307,Provider_1307,City_107,NV,39.1026,-116.1194,Gastroenterology,Gastroenterology,Specialty Care,33,420,39,3.09,0.94,False,False,Out-of-network,486,True,Hospital_7,3.44,North,1,0.9998808
P01308,Provider_1308,City_108,NV,39.1526,-116.0694,Urology,Gastroenterology,Specialty Care,21,380,33,4.77,0.65,True,True,Out-of-network,200,True,Hospital_8,2.62,West,1,0.99970335
P01309,Provider_1309,City_109,TX,32.3686,-99.5018,Ophthalmology,Gastroenterology,Specialty Care,11,180,39,2.64,0.39,True,True,Out-of-network,365,True,Hospital_9,2.23,East,1,0.9994137
P01310,Provider_1310,City_110,NY,43.7494,-73.7679,General Practice,Endocrinology,Primary Care,9,100,39,3.65,0.7,False,True,In-network,236,True,Hospital_10,1.26,North,1,0.9995641
P01311,Provider_1311,City_111,NC,35.7596,-79.0193,General Practice,Dermatology,Primary Care,25,100,38,3.71,0.8,False,False,Out-of-network,215,True,Hospital_11,1.82,East,1,0.9995641
P01312,Provider_1312,City_112,MI,44.3648,-85.5524,Cardiology,ENT,Specialty Care,8,500,33,1.83,0.58,False,False,In-network,129,True,Hospital_12,1.64,South,0,0.0028312707
P01313,Provider_1313,City_113,TX,32.0686,-99.8018,Neurology,ENT,Specialty Care,14,450,36,2.17,0.65,False,True,In-network,136,False,Hospital_13,4.62,East,1,0.9991364
P01314,Provider_1314,City_114,MA,42.5572,-71.2324,ENT,Endocrinology,Specialty Care,38,220,18,1.34,0.43,False,True,Out-of-network,467,False,Hospital_14,2.03,South,1,0.9994137
P01315,Provider_1315,City_115,MI,44.5148,-85.4024,Neurology,ENT,Specialty Care,24,450,43,3.8,0.94,True,True,Out-of-network,183,False,Hospital_15,1.52,West,0,0.0028457039
P01316,Provider_1316,City_116,MA,42.6572,-71.1324,Urology,Cardiology,Specialty Care,37,380,45,1.58,0.94,False,True,Out-of-network,297,False,Hospital_16,2.96,North,1,0.99981457
P01317,Provider_1317,City_117,TX,32.2686,-99.6018,Urology,Endocrinology,Specialty Care,8,380,24,1.24,0.95,True,True,In-network,345,True,Hospital_17,1.19,East,1,0.99952865
P01318,Provider_1318,City_118,GA,32.5156,-82.5501,General Practice,Pediatrics,Primary Care,12,100,13,2.13,0.4,True,False,In-network,487,True,Hospital_18,2.72,West,1,0.99962854
P01319,Provider_1319,City_119,CO,39.9501,-105.3821,General Practice,Orthopedics,Primary Care,16,100,48,1.1,0.58,True,False,Out-of-network,486,False,Hospital_19,2.88,East,1,0.99978167
P01320,Provider_1320,City_120,CA,37.2283,-118.9679,Orthopedics,Cardiology,Surgical,24,400,10,3.91,0.76,False,False,In-network,353,False,Hospital_20,3.47,West,1,0.9998808
P01321,Provider_1321,City_121,CO,39.5501,-105.7821,Gastroenterology,Ophthalmology,Specialty Care,22,420,10,3.49,0.66,False,False,In-network,70,True,Hospital_21,4.96,West,1,0.99988925
P01322,Provider_1322,City_122,MA,42.4572,-71.3324,Orthopedics,Urology,Surgical,12,400,23,4.23,0.15,False,False,Out-of-network,341,False,Hospital_22,3.06,East,1,0.9998517
P01323,Provider_1323,City_123,MI,44.4148,-85.5024,General Practice,Ophthalmology,Primary Care,29,100,35,3.15,1.0,False,False,Out-of-network,282,False,Hospital_23,3.04,North,1,0.9998895
P01324,Provider_1324,City_124,PA,41.3533,-77.0445,Psychiatry,Endocrinology,Specialty Care,28,250,49,1.87,0.7,True,True,Out-of-network,232,True,Hospital_24,3.4,East,1,0.99988866
P01325,Provider_1325,City_125,CA,36.9783,-119.2179,ENT,ENT,Specialty Care,28,220,17,2.42,0.54,True,True,Out-of-network,289,False,Hospital_25,4.29,North,1,0.9998802
P01326,Provider_1326,City_126,CA,37.0283,-119.1679,ENT,Gastroenterology,Specialty Care,23,220,9,4.07,0.52,True,False,In-network,313,False,Hospital_26,2.99,West,1,0.9998808
P01327,Provider_1327,City_127,CA,37.0783,-119.1179,Pediatrics,Urology,Primary Care,31,150,49,2.73,0.91,False,False,In-network,135,False,Hospital_27,1.98,West,1,0.99956197
P01328,Provider_1328,City_128,IL,40.9831,-89.0485,Cardiology,Urology,Specialty Care,33,500,10,4.03,0.77,False,True,In-network,364,True,Hospital_28,3.0,West,1,0.9990753
P01329,Provider_1329,City_129,NV,39.2026,-116.0194,General Practice,Endocrinology,Primary Care,40,100,53,2.51,0.33,True,False,In-network,196,True,Hospital_29,2.11,North,1,0.99945515
P01330,Provider_1330,City_130,FL,28.4444,-81.3103,Gastroenterology,Endocrinology,Specialty Care,15,420,47,3.75,0.81,False,False,Out-of-network,219,True,Hospital_30,1.09,North,1,0.9995641
P01331,Provider_1331,City_131,CO,39.5501,-105.7821,Cardiology,Pediatrics,Specialty Care,14,500,5,2.12,0.51,False,False,In-network,483,True,Hospital_31,3.37,South,1,0.9990707
P01332,Provider_1332,City_132,MI,44.3648,-85.5524,Pediatrics,ENT,Primary Care,15,150,6,1.04,0.48,False,False,In-network,58,True,Hospital_32,1.88,West,1,0.99956197
P01333,Provider_1333,City_133,NV,38.9026,-116.3194,ENT,ENT,Specialty Care,18,220,40,4.87,0.6,False,True,Out-of-network,214,False,Hospital_33,1.92,South,1,0.9995641
P01334,Provider_1334,City_134,TX,32.1186,-99.7518,Neurology,Cardiology,Specialty Care,22,450,34,4.22,0.08,True,False,In-network,332,True,Hospital_34,4.04,East,1,0.9988501
P01335,Provider_1335,City_135,PA,41.4033,-76.9945,Orthopedics,Orthopedics,Surgical,22,400,55,1.15,0.71,True,False,In-network,356,False,Hospital_35,4.96,East,1,0.9998802
P01336,Provider_1336,City_136,NV,39.0526,-116.1694,Neurology,Endocrinology,Specialty Care,32,450,38,3.03,0.55,False,True,In-network,268,False,Hospital_36,4.78,West,1,0.99915946
P01337,Provider_1337,City_137,IL,40.9331,-89.0985,Urology,Orthopedics,Specialty Care,11,380,22,4.01,0.3,True,True,In-network,80,False,Hospital_37,4.57,North,1,0.9998622
P01338,Provider_1338,City_138,CA,37.1283,-119.0679,Urology,Cardiology,Specialty Care,39,380,32,2.97,0.69,True,False,In-network,186,True,Hospital_38,2.71,South,1,0.9997224
P01339,Provider_1339,City_139,CO,39.9501,-105.3821,Dermatology,Dermatology,Specialty Care,11,200,30,1.49,0.68,False,False,Out-of-network,219,False,Hospital_39,2.69,East,1,0.9997224
P01340,Provider_1340,City_140,IL,41.0831,-88.9485,Urology,Gastroenterology,Specialty Care,4,380,29,1.82,0.65,True,True,In-network,161,False,Hospital_40,4.75,East,1,0.99988866
P01341,Provider_1341,City_141,OH,40.4173,-82.9071,Neurology,ENT,Specialty Care,10,450,46,3.87,0.64,False,True,In-network,178,False,Hospital_41,1.08,East,0,0.0028457039
P01342,Provider_1342,City_142,NY,43.3494,-74.1679,General Practice,Gastroenterology,Primary Care,10,100,8,2.44,0.35,True,False,In-network,266,False,Hospital_42,3.85,South,1,0.9998615
P01343,Provider_1343,City_143,MA,42.5072,-71.2824,ENT,Neurology,Specialty Care,14,220,6,2.2,0.51,True,True,Out-of-network,498,False,Hospital_43,1.65,West,1,0.99952865
P01344,Provider_1344,City_144,NY,43.4494,-74.0679,General Practice,Ophthalmology,Primary Care,22,100,27,3.61,0.48,False,True,In-network,71,False,Hospital_44,4.15,North,1,0.99988925
P01345,Provider_1345,City_145,MA,42.6072,-71.1824,Dermatology,General Practice,Specialty Care,7,200,47,1.11,0.63,False,False,Out-of-network,388,False,Hospital_45,2.14,North,1,0.99952865
P01346,Provider_1346,City_146,CO,39.8001,-105.5321,Endocrinology,Psychiatry,Specialty Care,35,400,18,4.29,0.16,True,True,In-network,149,False,Hospital_46,2.85,South,1,0.9997155
P01347,Provider_1347,City_147,PA,41.5033,-76.8945,Endocrinology,Psychiatry,Specialty Care,27,400,30,2.37,0.12,True,True,In-network,245,False,Hospital_47,4.56,South,1,0.9998615
P01348,Provider_1348,City_148,PA,41.5533,-76.8445,Urology,Psychiatry,Specialty Care,25,380,50,1.42,0.52,True,False,Out-of-network,201,True,Hospital_48,2.73,South,1,0.9997224
P01349,Provider_1349,City_149,NY,43.6994,-73.8179,Dermatology,Urology,Specialty Care,1,200,39,4.67,0.72,False,True,In-network,454,False,Hospital_49,2.47,South,1,0.99953103
P01350,Provider_1350,City_150,NV,39.2526,-115.9694,Orthopedics,Neurology,Surgical,26,400,29,1.51,0.2,True,True,Out-of-network,255,True,Hospital_50,1.08,West,1,0.99945515
P01351,Provider_1351,City_151,NV,38.8026,-116.4194,Gastroenterology,Gastroenterology,Specialty Care,34,420,34,4.41,0.6,False,True,Out-of-network,251,True,Hospital_51,1.61,North,1,0.9995641
P01352,Provider_1352,City_152,NC,35.8096,-78.9693,General Practice,Orthopedics,Primary Care,38,100,8,4.38,0.6,False,False,In-network,72,True,Hospital_52,2.52,North,1,0.9995641
P01353,Provider_1353,City_153,AZ,34.1489,-110.9937,Cardiology,Cardiology,Specialty Care,24,500,54,4.29,0.6,False,False,In-network,86,True,Hospital_53,1.39,South,0,0.0028457039
P01354,Provider_1354,City_154,NC,35.9096,-78.8693,Orthopedics,General Practice,Surgical,29,400,57,3.22,0.26,True,False,Out-of-network,249,False,Hospital_54,2.6,West,1,0.99963105
P01355,Provider_1355,City_155,IL,40.8331,-89.1985,Orthopedics,General Practice,Surgical,2,400,44,2.75,0.74,False,False,Out-of-network,262,False,Hospital_55,1.79,South,1,0.99956197
P01356,Provider_1356,City_156,GA,32.4156,-82.6501,Pediatrics,Neurology,Primary Care,5,150,20,3.72,0.93,False,False,In-network,258,False,Hospital_56,1.32,North,1,0.9995641
P01357,Provider_1357,City_157,GA,32.4656,-82.6001,Neurology,Neurology,Specialty Care,31,450,54,4.03,0.09,True,True,Out-of-network,108,False,Hospital_57,1.97,East,0,0.002289136
P01358,Provider_1358,City_158,WA,48.1011,-120.3901,Gastroenterology,Orthopedics,Specialty Care,25,420,44,1.33,0.76,False,True,In-network,315,False,Hospital_58,2.21,South,1,0.99952865
P01359,Provider_1359,City_159,CA,37.1783,-119.0179,Cardiology,ENT,Specialty Care,26,500,15,3.42,0.39,True,True,Out-of-network,195,True,Hospital_59,4.81,South,1,0.99893135
P01360,Provider_1360,City_160,NV,39.2526,-115.9694,Psychiatry,Gastroenterology,Specialty Care,2,250,21,3.47,0.35,False,False,In-network,139,True,Hospital_60,4.95,West,1,0.9998622
P01361,Provider_1361,City_161,IL,40.6331,-89.3985,Ophthalmology,Orthopedics,Specialty Care,37,180,59,4.87,0.76,False,True,In-network,87,False,Hospital_61,4.11,East,1,0.99988925
P01362,Provider_1362,City_162,TX,32.0186,-99.8518,Endocrinology,Orthopedics,Specialty Care,8,400,43,5.0,0.29,True,True,Out-of-network,89,False,Hospital_62,4.53,East,1,0.9998622
P01363,Provider_1363,City_163,NC,35.8596,-78.9193,Endocrinology,Endocrinology,Specialty Care,9,400,36,4.42,0.96,True,False,Out-of-network,59,True,Hospital_63,2.97,North,1,0.99982846
P01364,Provider_1364,City_164,CO,39.7001,-105.6321,Gastroenterology,Dermatology,Specialty Care,29,420,51,3.44,0.31,True,False,Out-of-network,431,True,Hospital_64,2.95,South,1,0.99977046
P01365,Provider_1365,City_165,MI,44.5148,-85.4024,Urology,General Practice,Specialty Care,26,380,27,2.69,0.47,True,True,In-network,374,False,Hospital_65,4.57,South,1,0.999851
P01366,Provider_1366,City_166,IL,40.8831,-89.1485,Ophthalmology,ENT,Specialty Care,4,180,26,1.89,0.65,False,True,Out-of-network,367,False,Hospital_66,2.63,West,1,0.9996792
P01367,Provider_1367,City_167,FL,28.2944,-81.4603,Urology,Endocrinology,Specialty Care,31,380,25,3.63,0.6,True,True,Out-of-network,258,True,Hospital_67,5.0,South,1,0.99988925
P01368,Provider_1368,City_168,TX,32.3186,-99.5518,Cardiology,ENT,Specialty Care,32,500,5,3.85,0.09,False,True,Out-of-network,53,True,Hospital_68,1.26,North,0,0.002289136
P01369,Provider_1369,City_169,MA,42.8072,-70.9824,Cardiology,Dermatology,Specialty Care,6,500,52,3.59,0.78,False,True,In-network,167,False,Hospital_69,4.55,South,1,0.9991406
P01370,Provider_1370,City_170,TX,32.4186,-99.4518,Cardiology,Dermatology,Specialty Care,37,500,32,2.05,0.92,False,False,In-network,297,False,Hospital_70,2.62,East,0,0.0038621638
P01371,Provider_1371,City_171,GA,32.1656,-82.9001,Psychiatry,General Practice,Specialty Care,12,250,39,2.27,0.67,False,True,Out-of-network,238,True,Hospital_71,3.19,East,1,0.99988866
P01372,Provider_1372,City_172,NY,43.3494,-74.1679,Neurology,Urology,Specialty Care,34,450,57,4.02,0.76,True,True,Out-of-network,91,False,Hospital_72,3.57,West,1,0.9991406
P01373,Provider_1373,City_173,FL,28.0944,-81.6603,ENT,Psychiatry,Specialty Care,12,220,34,3.35,0.89,True,True,Out-of-network,467,False,Hospital_73,2.58,South,1,0.99968076
P01374,Provider_1374,City_174,NC,35.9096,-78.8693,Urology,Orthopedics,Specialty Care,18,380,8,4.46,0.14,False,False,Out-of-network,381,True,Hospital_74,1.0,South,1,0.9994167
P01375,Provider_1375,City_175,NY,43.4994,-74.0179,Psychiatry,Cardiology,Specialty Care,35,250,28,4.81,0.03,True,True,In-network,477,False,Hospital_75,4.37,North,1,0.9998517
P01376,Provider_1376,City_176,NC,36.0096,-78.7693,Psychiatry,Psychiatry,Specialty Care,6,250,40,1.56,0.55,False,False,In-network,202,True,Hospital_76,3.16,North,1,0.99988866
P01377,Provider_1377,City_177,NC,36.0596,-78.7193,Ophthalmology,Pediatrics,Specialty Care,25,180,28,4.74,0.41,True,True,In-network,214,True,Hospital_77,3.4,North,1,0.9998622
P01378,Provider_1378,City_178,WA,48.1011,-120.3901,Psychiatry,Cardiology,Specialty Care,31,250,42,1.89,0.92,True,True,In-network,362,False,Hospital_78,2.66,South,1,0.9996792
P01379,Provider_1379,City_179,FL,28.3944,-81.3603,Dermatology,Psychiatry,Specialty Care,40,200,35,1.27,0.13,False,False,In-network,388,False,Hospital_79,2.15,South,1,0.9994137
P01380,Provider_1380,City_180,FL,28.4444,-81.3103,Cardiology,Cardiology,Specialty Care,5,500,25,3.26,0.18,True,False,Out-of-network,70,False,Hospital_80,3.51,West,1,0.99893135
P01381,Provider_1381,City_181,GA,32.1656,-82.9001,Urology,Endocrinology,Specialty Care,8,380,50,4.13,0.48,False,False,Out-of-network,457,True,Hospital_81,3.89,West,1,0.9998808
P01382,Provider_1382,City_182,CA,36.8283,-119.3679,Psychiatry,Pediatrics,Specialty Care,28,250,21,3.03,0.63,False,True,In-network,237,False,Hospital_82,1.99,East,1,0.99957377
P01383,Provider_1383,City_183,MI,44.4148,-85.5024,Ophthalmology,Cardiology,Specialty Care,38,180,35,4.18,0.91,True,True,In-network,238,False,Hospital_83,2.46,South,1,0.9995641
P01384,Provider_1384,City_184,FL,28.1444,-81.6103,Orthopedics,Ophthalmology,Surgical,30,400,26,1.79,0.81,False,True,Out-of-network,287,False,Hospital_84,1.58,North,1,0.99952865
P01385,Provider_1385,City_185,IL,40.8331,-89.1985,Urology,Neurology,Specialty Care,37,380,6,4.24,0.84,False,True,In-network,239,True,Hospital_85,3.09,West,1,0.99988925
P01386,Provider_1386,City_186,NV,39.0526,-116.1694,Psychiatry,Neurology,Specialty Care,7,250,10,1.05,0.28,True,True,Out-of-network,98,True,Hospital_86,2.26,West,1,0.99945515
P01387,Provider_1387,City_187,FL,28.2944,-81.4603,Orthopedics,General Practice,Surgical,37,400,5,4.36,0.99,False,False,In-network,85,False,Hospital_87,2.21,West,1,0.9995641
P01388,Provider_1388,City_188,NY,43.6494,-73.8679,Endocrinology,Gastroenterology,Specialty Care,22,400,5,3.96,0.12,False,False,Out-of-network,115,False,Hospital_88,4.44,North,1,0.9998622
P01389,Provider_1389,City_189,NV,39.2026,-116.0194,Neurology,Ophthalmology,Specialty Care,38,450,31,4.8,0.92,True,True,Out-of-network,426,False,Hospital_89,1.58,South,0,0.002644954
P01390,Provider_1390,City_190,CA,37.2283,-118.9679,Orthopedics,Urology,Surgical,8,400,60,3.73,0.48,True,False,In-network,445,False,Hospital_90,4.34,North,1,0.9998808
P01391,Provider_1391,City_191,NV,38.8026,-116.4194,Urology,Ophthalmology,Specialty Care,3,380,31,2.2,0.61,False,True,Out-of-network,196,True,Hospital_91,4.09,North,1,0.99988866
P01392,Provider_1392,City_192,OH,40.4673,-82.8571,Gastroenterology,General Practice,Specialty Care,35,420,14,3.75,0.16,True,True,Out-of-network,264,True,Hospital_92,2.86,West,1,0.9997489
P01393,Provider_1393,City_193,OH,40.5173,-82.8071,Ophthalmology,Ophthalmology,Specialty Care,34,180,16,1.17,0.08,False,False,In-network,486,True,Hospital_93,3.2,South,1,0.999851
P01394,Provider_1394,City_194,WA,47.9011,-120.5901,Gastroenterology,Neurology,Specialty Care,19,420,33,1.73,0.97,True,False,In-network,195,False,Hospital_94,1.07,North,1,0.99956197
P01395,Provider_1395,City_195,NV,39.0026,-116.2194,Cardiology,Orthopedics,Specialty Care,38,500,58,2.38,0.26,True,False,Out-of-network,497,True,Hospital_95,2.28,North,0,0.0021167668
P01396,Provider_1396,City_196,TX,32.2186,-99.6518,Dermatology,Cardiology,Specialty Care,28,200,58,1.77,0.73,True,True,Out-of-network,500,False,Hospital_96,1.44,West,1,0.99952865
P01397,Provider_1397,City_197,OH,40.7173,-82.6071,Dermatology,Pediatrics,Specialty Care,31,200,56,2.26,0.86,True,True,Out-of-network,415,True,Hospital_97,1.61,North,1,0.99952865
P01398,Provider_1398,City_198,OH,40.7673,-82.5571,Gastroenterology,Ophthalmology,Specialty Care,37,420,9,1.89,0.6,False,True,Out-of-network,147,False,Hospital_98,1.07,North,1,0.99956197
P01399,Provider_1399,City_199,NV,39.2026,-116.0194,Urology,Orthopedics,Specialty Care,18,380,8,3.25,0.36,True,True,In-network,381,True,Hospital_99,1.45,South,1,0.9994167
P01400,Provider_1400,City_200,NC,36.2096,-78.5693,General Practice,Dermatology,Primary Care,32,100,52,3.81,0.42,True,True,In-network,195,True,Hospital_100,3.61,East,1,0.9998622
P01401,Provider_1401,City_1,TX,31.9686,-99.9018,Urology,Ophthalmology,Specialty Care,19,380,60,5.0,0.82,False,True,Out-of-network,268,False,Hospital_1,4.03,West,1,0.99988925
P01402,Provider_1402,City_2,AZ,34.0989,-111.0437,Ophthalmology,Gastroenterology,Specialty Care,32,180,57,4.91,0.24,True,True,In-network,96,False,Hospital_2,2.67,North,1,0.99963105
P01403,Provider_1403,City_3,FL,28.0944,-81.6603,Pediatrics,Gastroenterology,Primary Care,2,150,47,2.48,0.44,True,False,In-network,300,False,Hospital_3,2.72,West,1,0.99962854
P01404,Provider_1404,City_4,MA,42.5572,-71.2324,Neurology,Psychiatry,Specialty Care,26,450,58,1.72,0.34,False,False,Out-of-network,463,False,Hospital_4,4.52,South,1,0.99884427
P01405,Provider_1405,City_5,CA,36.9783,-119.2179,Psychiatry,Endocrinology,Specialty Care,19,250,29,1.78,0.93,True,False,Out-of-network,359,True,Hospital_5,4.39,East,1,0.9998802
P01406,Provider_1406,City_6,OH,40.6673,-82.6571,Endocrinology,Dermatology,Specialty Care,30,400,53,3.51,0.42,True,False,Out-of-network,318,True,Hospital_6,3.81,South,1,0.9998517
P01407,Provider_1407,City_7,NY,43.5994,-73.9179,Psychiatry,Pediatrics,Specialty Care,31,250,40,3.51,0.39,False,True,Out-of-network,205,False,Hospital_7,1.38,North,1,0.999458
P01408,Provider_1408,City_8,MI,44.6648,-85.2524,Gastroenterology,Psychiatry,Specialty Care,18,420,6,1.66,0.38,True,True,Out-of-network,104,False,Hospital_8,4.33,East,1,0.9998615
P01409,Provider_1409,City_9,GA,32.5656,-82.5001,Pediatrics,Endocrinology,Primary Care,19,150,22,4.52,0.63,True,False,In-network,338,True,Hospital_9,4.8,North,1,0.9998808
P01410,Provider_1410,City_10,MI,44.7648,-85.1524,Dermatology,Urology,Specialty Care,18,200,58,1.96,0.79,False,True,In-network,187,True,Hospital_10,1.97,East,1,0.99956197
P01411,Provider_1411,City_11,TX,31.9686,-99.9018,Endocrinology,Cardiology,Specialty Care,8,400,23,3.11,0.77,False,False,Out-of-network,445,False,Hospital_11,3.76,East,1,0.9998808
P01412,Provider_1412,City_12,MI,44.3648,-85.5524,Psychiatry,Ophthalmology,Specialty Care,30,250,56,4.0,0.44,False,False,Out-of-network,85,True,Hospital_12,3.47,South,1,0.9998622
P01413,Provider_1413,City_13,WA,47.8511,-120.6401,Cardiology,Dermatology,Specialty Care,26,500,42,1.78,0.91,True,False,Out-of-network,181,False,Hospital_13,2.0,East,0,0.0028312707
P01414,Provider_1414,City_14,WA,47.9011,-120.5901,Orthopedics,Cardiology,Surgical,5,400,18,3.32,0.66,False,False,In-network,170,True,Hospital_14,2.85,South,1,0.9997713
P01415,Provider_1415,City_15,CA,36.9783,-119.2179,Cardiology,General Practice,Specialty Care,11,500,35,2.41,0.62,False,True,In-network,172,True,Hospital_15,1.79,South,0,0.0028312707
P01416,Provider_1416,City_16,CA,37.0283,-119.1679,Ophthalmology,Pediatrics,Specialty Care,6,180,50,1.64,0.25,False,False,In-network,498,False,Hospital_16,1.6,East,1,0.9994137
P01417,Provider_1417,City_17,TX,32.2686,-99.6018,General Practice,Urology,Primary Care,29,100,15,4.77,0.66,False,True,Out-of-network,470,False,Hospital_17,1.8,West,1,0.99953103
P01418,Provider_1418,City_18,IL,40.9831,-89.0485,Gastroenterology,ENT,Specialty Care,37,420,22,3.04,0.18,True,True,In-network,266,False,Hospital_18,2.5,South,1,0.9994698
P01419,Provider_1419,City_19,PA,41.6033,-76.7945,Psychiatry,General Practice,Specialty Care,19,250,24,2.17,0.55,False,False,Out-of-network,334,False,Hospital_19,4.38,North,1,0.9998802
P01420,Provider_1420,City_20,OH,40.8673,-82.4571,Dermatology,Urology,Specialty Care,12,200,8,2.06,0.97,False,False,In-network,83,False,Hospital_20,3.35,West,1,0.99988866
P01421,Provider_1421,City_21,CO,39.5501,-105.7821,Neurology,General Practice,Specialty Care,4,450,49,4.39,0.33,False,False,Out-of-network,463,True,Hospital_21,1.68,South,0,0.0021275654
P01422,Provider_1422,City_22,MA,42.4572,-71.3324,Neurology,Psychiatry,Specialty Care,21,450,44,4.25,0.51,True,False,In-network,219,True,Hospital_22,3.93,North,1,0.9991406
P01423,Provider_1423,City_23,NC,35.8596,-78.9193,Cardiology,Pediatrics,Specialty Care,25,500,29,3.89,0.15,True,False,In-network,246,False,Hospital_23,4.55,West,1,0.99893135
P01424,Provider_1424,City_24,TX,32.1186,-99.7518,ENT,Ophthalmology,Specialty Care,14,220,38,1.96,0.03,True,True,Out-of-network,125,True,Hospital_24,2.41,East,1,0.99945515
P01425,Provider_1425,City_25,WA,47.9511,-120.5401,Urology,Dermatology,Specialty Care,18,380,8,1.17,0.32,False,False,Out-of-network,389,True,Hospital_25,1.73,East,1,0.9994137
P01426,Provider_1426,City_26,PA,41.4533,-76.9445,Psychiatry,Orthopedics,Specialty Care,40,250,27,3.47,0.6,True,False,Out-of-network,253,True,Hospital_26,2.98,East,1,0.99982846
P01427,Provider_1427,City_27,CA,37.0783,-119.1179,Endocrinology,Cardiology,Specialty Care,25,400,47,3.82,0.89,True,True,Out-of-network,303,True,Hospital_27,4.1,West,1,0.9998808
P01428,Provider_1428,City_28,FL,28.3444,-81.4103,Endocrinology,Orthopedics,Specialty Care,30,400,48,1.62,0.1,False,True,In-network,162,False,Hospital_28,4.56,North,1,0.9998615
P01429,Provider_1429,City_29,NC,36.1596,-78.6193,General Practice,Urology,Primary Care,21,100,8,2.68,0.37,True,False,Out-of-network,457,True,Hospital_29,3.66,West,1,0.999851
P01430,Provider_1430,City_30,WA,48.2011,-120.2901,Psychiatry,Urology,Specialty Care,11,250,50,4.28,0.41,False,False,Out-of-network,108,False,Hospital_30,4.88,North,1,0.9998622
P01431,Provider_1431,City_31,CO,39.5501,-105.7821,Cardiology,Gastroenterology,Specialty Care,29,500,42,1.5,0.33,False,True,In-network,327,False,Hospital_31,1.01,West,0,0.0021167668
P01432,Provider_1432,City_32,IL,40.6831,-89.3485,ENT,Ophthalmology,Specialty Care,19,220,29,4.69,0.12,False,True,In-network,332,True,Hospital_32,3.51,East,1,0.9998517
P01433,Provider_1433,City_33,AZ,34.1489,-110.9937,Gastroenterology,Cardiology,Specialty Care,21,420,40,2.13,0.09,True,True,Out-of-network,288,True,Hospital_33,3.73,North,1,0.999851
P01434,Provider_1434,City_34,NY,43.4494,-74.0679,ENT,ENT,Specialty Care,25,220,15,3.51,0.74,False,False,In-network,61,True,Hospital_34,2.34,West,1,0.9995641
P01435,Provider_1435,City_35,TX,32.1686,-99.7018,Ophthalmology,Orthopedics,Specialty Care,20,180,48,4.51,0.46,True,False,In-network,287,True,Hospital_35,4.84,West,1,0.9998517
P01436,Provider_1436,City_36,GA,32.4156,-82.6501,Neurology,Dermatology,Specialty Care,36,450,19,4.06,0.38,True,True,In-network,356,False,Hospital_36,3.74,East,1,0.9988501
P01437,Provider_1437,City_37,CA,37.0783,-119.1179,Endocrinology,Dermatology,Specialty Care,14,400,23,4.38,0.1,True,False,In-network,359,False,Hospital_37,1.54,South,1,0.9994167
P01438,Provider_1438,City_38,FL,28.3444,-81.4103,Dermatology,ENT,Specialty Care,37,200,40,1.3,0.43,True,False,In-network,125,False,Hospital_38,3.31,North,1,0.9998615
P01439,Provider_1439,City_39,AZ,34.4489,-110.6937,Orthopedics,Endocrinology,Surgical,22,400,34,3.5,0.11,False,True,Out-of-network,296,True,Hospital_39,1.81,East,1,0.9994167
P01440,Provider_1440,City_40,WA,48.2011,-120.2901,Orthopedics,Gastroenterology,Surgical,32,400,13,3.89,0.14,True,True,In-network,349,True,Hospital_40,3.41,North,1,0.9998517
P01441,Provider_1441,City_41,IL,40.6331,-89.3985,Orthopedics,Cardiology,Surgical,21,400,26,3.36,0.14,True,True,Out-of-network,295,False,Hospital_41,3.55,South,1,0.9998517
P01442,Provider_1442,City_42,MI,44.3648,-85.5524,Endocrinology,Cardiology,Specialty Care,22,400,35,2.97,0.23,True,False,Out-of-network,463,False,Hospital_42,3.51,North,1,0.999851
P01443,Provider_1443,City_43,MI,44.4148,-85.5024,Orthopedics,Psychiatry,Surgical,11,400,41,5.0,0.08,True,False,In-network,403,True,Hospital_43,2.39,West,1,0.9994167
P01444,Provider_1444,City_44,NY,43.4494,-74.0679,General Practice,Neurology,Primary Care,11,100,47,2.81,0.77,True,False,In-network,394,False,Hospital_44,4.88,North,1,0.9998802
P01445,Provider_1445,City_45,NV,39.0026,-116.2194,Cardiology,Endocrinology,Specialty Care,35,500,32,2.25,0.42,False,False,In-network,96,True,Hospital_45,3.34,North,1,0.99892586
P01446,Provider_1446,City_46,NY,43.5494,-73.9679,Urology,Gastroenterology,Specialty Care,27,380,36,2.77,0.52,False,True,Out-of-network,173,True,Hospital_46,4.83,West,1,0.99988866
P01447,Provider_1447,City_47,CO,39.8501,-105.4821,Cardiology,Gastroenterology,Specialty Care,37,500,31,4.96,0.05,False,True,In-network,316,True,Hospital_47,3.55,East,1,0.9988501
P01448,Provider_1448,City_48,PA,41.5533,-76.8445,Gastroenterology,Endocrinology,Specialty Care,27,420,46,2.91,0.27,True,True,Out-of-network,324,False,Hospital_48,1.41,South,1,0.9994137
P01449,Provider_1449,City_49,MI,44.7148,-85.2024,Orthopedics,Gastroenterology,Surgical,24,400,34,3.05,0.23,True,True,In-network,106,True,Hospital_49,2.26,East,1,0.9994698
P01450,Provider_1450,City_50,GA,32.6156,-82.4501,General Practice,Ophthalmology,Primary Care,20,100,47,3.34,0.03,False,True,In-network,267,False,Hospital_50,2.85,East,1,0.9997155
P01451,Provider_1451,City_51,FL,27.9944,-81.7603,Gastroenterology,Cardiology,Specialty Care,34,420,58,4.94,0.21,True,False,Out-of-network,188,False,Hospital_51,2.85,East,1,0.9997155
P01452,Provider_1452,City_52,NY,43.3494,-74.1679,Gastroenterology,Endocrinology,Specialty Care,36,420,60,3.23,0.64,False,True,In-network,347,True,Hospital_52,1.09,West,1,0.99953103
P01453,Provider_1453,City_53,CO,39.6501,-105.6821,General Practice,General Practice,Primary Care,40,100,25,2.22,0.13,False,True,In-network,238,True,Hospital_53,2.72,West,1,0.99965477
P01454,Provider_1454,City_54,NY,43.4494,-74.0679,Endocrinology,Orthopedics,Specialty Care,37,400,8,3.12,0.7,True,False,In-network,471,False,Hospital_54,4.31,South,1,0.9998808
P01455,Provider_1455,City_55,GA,32.3656,-82.7001,Urology,Endocrinology,Specialty Care,9,380,53,4.21,0.74,False,False,Out-of-network,305,True,Hospital_55,3.53,East,1,0.9998808
P01456,Provider_1456,City_56,FL,28.2444,-81.5103,Gastroenterology,Urology,Specialty Care,28,420,16,4.07,0.86,False,False,Out-of-network,199,True,Hospital_56,3.18,East,1,0.99988925
P01457,Provider_1457,City_57,AZ,34.3489,-110.7937,Neurology,Endocrinology,Specialty Care,9,450,52,3.81,0.13,True,True,In-network,303,True,Hospital_57,1.01,East,0,0.0021275654
P01458,Provider_1458,City_58,IL,40.9831,-89.0485,Orthopedics,ENT,Surgical,28,400,36,3.06,0.63,True,False,In-network,279,False,Hospital_58,1.66,North,1,0.9995652
P01459,Provider_1459,City_59,NC,36.1596,-78.6193,Psychiatry,Urology,Specialty Care,21,250,22,2.62,0.87,False,False,In-network,96,True,Hospital_59,3.9,West,1,0.99988866
P01460,Provider_1460,City_60,PA,41.6533,-76.7445,Cardiology,Pediatrics,Specialty Care,24,500,46,1.86,0.26,False,True,Out-of-network,312,False,Hospital_60,1.02,North,0,0.0021167668
P01461,Provider_1461,City_61,TX,31.9686,-99.9018,ENT,Neurology,Specialty Care,35,220,48,4.67,0.34,False,True,In-network,466,False,Hospital_61,3.83,South,1,0.9998517
P01462,Provider_1462,City_62,OH,40.4673,-82.8571,Urology,Neurology,Specialty Care,39,380,24,2.96,0.55,False,True,In-network,107,False,Hospital_62,4.62,East,1,0.99988866
P01463,Provider_1463,City_63,CA,36.8783,-119.3179,Psychiatry,Dermatology,Specialty Care,25,250,16,1.18,0.17,True,True,Out-of-network,375,False,Hospital_63,4.12,North,1,0.999851
P01464,Provider_1464,City_64,FL,28.1444,-81.6103,Endocrinology,Urology,Specialty Care,6,400,45,3.68,0.82,True,True,Out-of-network,132,True,Hospital_64,4.16,North,1,0.99988925
P01465,Provider_1465,City_65,IL,40.8331,-89.1985,Orthopedics,Orthopedics,Surgical,6,400,30,3.17,0.82,True,False,In-network,240,True,Hospital_65,2.53,West,1,0.9995641
P01466,Provider_1466,City_66,NC,36.0096,-78.7693,Psychiatry,Neurology,Specialty Care,34,250,47,1.79,0.36,True,True,Out-of-network,178,False,Hospital_66,4.02,East,1,0.9998615
P01467,Provider_1467,City_67,NY,43.5994,-73.9179,Dermatology,Gastroenterology,Specialty Care,36,200,24,3.42,0.39,False,False,Out-of-network,461,False,Hospital_67,4.74,South,1,0.9998517
P01468,Provider_1468,City_68,MI,44.6648,-85.2524,ENT,Urology,Specialty Care,22,220,15,3.6,0.47,True,True,In-network,365,True,Hospital_68,1.48,West,1,0.9994167
P01469,Provider_1469,City_69,CA,37.1783,-119.0179,Urology,Psychiatry,Specialty Care,7,380,6,4.24,0.76,False,True,In-network,351,False,Hospital_69,4.55,West,1,0.9998808
P01470,Provider_1470,City_70,TX,32.4186,-99.4518,Pediatrics,Neurology,Primary Care,9,150,20,1.75,0.63,False,False,In-network,275,False,Hospital_70,3.32,East,1,0.9998889
P01471,Provider_1471,City_71,MA,42.4072,-71.3824,Urology,ENT,Specialty Care,7,380,50,4.86,0.17,False,False,In-network,269,True,Hospital_71,2.51,North,1,0.999458
P01472,Provider_1472,City_72,AZ,34.0989,-111.0437,ENT,Endocrinology,Specialty Care,31,220,53,4.31,0.95,True,False,Out-of-network,78,False,Hospital_72,4.63,West,1,0.99988925
P01473,Provider_1473,City_73,NV,38.9026,-116.3194,Dermatology,Cardiology,Specialty Care,26,200,32,3.03,0.35,False,False,Out-of-network,419,True,Hospital_73,1.91,North,1,0.9994295
P01474,Provider_1474,City_74,MA,42.5572,-71.2324,ENT,General Practice,Specialty Care,1,220,44,4.21,0.29,False,True,Out-of-network,347,True,Hospital_74,3.15,East,1,0.9998517
P01475,Provider_1475,City_75,OH,40.6173,-82.7071,Urology,Dermatology,Specialty Care,18,380,47,2.49,0.57,False,True,In-network,345,True,Hospital_75,4.08,East,1,0.9998802
P01476,Provider_1476,City_76,CA,37.0283,-119.1679,ENT,Dermatology,Specialty Care,12,220,19,1.26,0.71,True,True,Out-of-network,211,False,Hospital_76,3.98,North,1,0.99988866
P01477,Provider_1477,City_77,MI,44.6148,-85.3024,Orthopedics,Ophthalmology,Surgical,5,400,18,3.5,0.28,True,False,In-network,181,True,Hospital_77,3.83,West,1,0.9998622
P01478,Provider_1478,City_78,WA,48.1011,-120.3901,Ophthalmology,Gastroenterology,Specialty Care,10,180,50,2.53,0.18,True,False,Out-of-network,249,False,Hospital_78,1.85,North,1,0.99945515
P01479,Provider_1479,City_79,WA,48.1511,-120.3401,Neurology,Urology,Specialty Care,6,450,53,2.02,0.1,True,True,Out-of-network,58,False,Hospital_79,2.25,South,0,0.002277519
P01480,Provider_1480,City_80,PA,41.6533,-76.7445,Ophthalmology,ENT,Specialty Care,10,180,29,1.29,0.54,True,False,Out-of-network,210,False,Hospital_80,2.4,North,1,0.99956197
P01481,Provider_1481,City_81,NY,43.2994,-74.2179,Neurology,ENT,Specialty Care,10,450,7,4.3,0.79,False,True,In-network,55,True,Hospital_81,1.05,East,0,0.0028457039
P01482,Provider_1482,City_82,AZ,34.0989,-111.0437,Psychiatry,Pediatrics,Specialty Care,27,250,19,2.01,0.88,True,True,Out-of-network,442,True,Hospital_82,3.07,North,1,0.9998802
P01483,Provider_1483,City_83,TX,32.0686,-99.8018,Ophthalmology,General Practice,Specialty Care,30,180,40,3.08,0.18,True,False,Out-of-network,294,False,Hospital_83,3.43,North,1,0.9998517
P01484,Provider_1484,City_84,MI,44.4648,-85.4524,General Practice,Psychiatry,Primary Care,18,100,10,4.42,0.19,False,True,In-network,150,True,Hospital_84,2.02,North,1,0.999458
P01485,Provider_1485,City_85,GA,32.3656,-82.7001,Urology,Urology,Specialty Care,31,380,37,2.14,0.85,True,False,In-network,284,True,Hospital_85,3.34,North,1,0.9998802
P01486,Provider_1486,City_86,NY,43.5494,-73.9679,General Practice,Dermatology,Primary Care,28,100,59,2.25,0.97,True,False,Out-of-network,199,True,Hospital_86,2.27,West,1,0.99956197
P01487,Provider_1487,City_87,PA,41.5033,-76.8945,Gastroenterology,Psychiatry,Specialty Care,10,420,10,4.28,0.2,False,False,Out-of-network,233,True,Hospital_87,1.87,North,1,0.999458
P01488,Provider_1488,City_88,TX,32.3186,-99.5518,General Practice,Neurology,Primary Care,38,100,30,4.48,0.33,False,True,Out-of-network,71,True,Hospital_88,1.72,East,1,0.999458
P01489,Provider_1489,City_89,MI,44.7148,-85.2024,Pediatrics,Neurology,Primary Care,38,150,26,2.32,0.96,True,True,Out-of-network,328,True,Hospital_89,4.53,North,1,0.9998802
P01490,Provider_1490,City_90,CA,37.2283,-118.9679,Gastroenterology,Neurology,Specialty Care,24,420,38,3.59,0.72,False,False,Out-of-network,366,True,Hospital_90,4.58,South,1,0.9998808
P01491,Provider_1491,City_91,MI,44.3148,-85.6024,Urology,Orthopedics,Specialty Care,33,380,51,4.54,0.27,True,False,Out-of-network,198,True,Hospital_91,2.03,South,1,0.999458
P01492,Provider_1492,City_92,CA,36.8283,-119.3679,Urology,Cardiology,Specialty Care,40,380,20,4.13,0.62,True,True,In-network,99,False,Hospital_92,1.82,East,1,0.9995641
P01493,Provider_1493,City_93,OH,40.5173,-82.8071,Psychiatry,Ophthalmology,Specialty Care,25,250,44,3.32,0.65,False,True,Out-of-network,474,False,Hospital_93,3.94,North,1,0.9998808
P01494,Provider_1494,City_94,PA,41.3533,-77.0445,Dermatology,General Practice,Specialty Care,16,200,50,1.97,0.41,False,True,Out-of-network,208,True,Hospital_94,1.08,East,1,0.99945515
P01495,Provider_1495,City_95,FL,28.1944,-81.5603,Gastroenterology,Neurology,Specialty Care,28,420,48,4.29,0.74,True,False,Out-of-network,103,True,Hospital_95,4.47,North,1,0.99988925
P01496,Provider_1496,City_96,NY,43.5494,-73.9679,General Practice,Pediatrics,Primary Care,28,100,14,2.64,0.68,True,True,Out-of-network,337,False,Hospital_96,1.0,East,1,0.99952865
P01497,Provider_1497,City_97,MI,44.6148,-85.3024,General Practice,General Practice,Primary Care,15,100,59,4.98,0.32,True,False,Out-of-network,415,False,Hospital_97,4.44,North,1,0.9998517
P01498,Provider_1498,City_98,CO,39.9001,-105.4321,Ophthalmology,Pediatrics,Specialty Care,40,180,24,4.54,0.48,False,False,In-network,92,True,Hospital_98,4.08,West,1,0.99988925
P01499,Provider_1499,City_99,CA,37.1783,-119.0179,Psychiatry,Pediatrics,Specialty Care,2,250,23,3.44,0.95,False,True,Out-of-network,487,False,Hospital_99,1.08,South,1,0.99953103
P01500,Provider_1500,City_100,PA,41.6533,-76.7445,Urology,Dermatology,Specialty Care,5,380,57,4.3,0.45,False,True,In-network,244,True,Hospital_100,2.21,South,1,0.999458
P01501,Provider_1501,City_101,MA,42.4072,-71.3824,Urology,Cardiology,Specialty Care,21,380,29,1.65,0.36,False,True,In-network,72,False,Hospital_1,2.15,East,1,0.99945515
P01502,Provider_1502,City_102,WA,47.8011,-120.6901,Gastroenterology,Urology,Specialty Care,35,420,24,4.65,0.63,True,True,Out-of-network,285,True,Hospital_2,4.82,North,1,0.9998808
P01503,Provider_1503,City_103,WA,47.8511,-120.6401,ENT,Psychiatry,Specialty Care,38,220,37,1.4,0.04,False,True,Out-of-network,410,False,Hospital_3,2.93,West,1,0.9997284
P01504,Provider_1504,City_104,WA,47.9011,-120.5901,Psychiatry,Dermatology,Specialty Care,23,250,56,1.99,0.0,True,False,Out-of-network,423,False,Hospital_4,1.09,South,1,0.9994137
P01505,Provider_1505,City_105,AZ,34.2489,-110.8937,Gastroenterology,General Practice,Specialty Care,5,420,27,1.54,0.53,False,True,Out-of-network,371,True,Hospital_5,1.26,East,1,0.99952865
P01506,Provider_1506,City_106,GA,32.4156,-82.6501,Gastroenterology,Pediatrics,Specialty Care,14,420,22,3.89,0.93,True,True,Out-of-network,256,False,Hospital_6,4.37,South,1,0.99988925
P01507,Provider_1507,City_107,IL,40.9331,-89.0985,Ophthalmology,Orthopedics,Specialty Care,5,180,29,1.4,0.16,False,True,Out-of-network,417,True,Hospital_7,3.36,North,1,0.999851
P01508,Provider_1508,City_108,NY,43.6494,-73.8679,ENT,Neurology,Specialty Care,27,220,58,4.8,0.88,False,False,Out-of-network,462,True,Hospital_8,3.46,North,1,0.9998808
P01509,Provider_1509,City_109,NC,36.1596,-78.6193,Psychiatry,Endocrinology,Specialty Care,21,250,24,3.43,0.56,True,True,Out-of-network,92,True,Hospital_9,4.92,East,1,0.99988925
P01510,Provider_1510,City_110,NC,36.2096,-78.5693,Cardiology,Neurology,Specialty Care,8,500,11,1.36,0.76,True,False,Out-of-network,203,False,Hospital_10,2.99,North,1,0.9991364
P01511,Provider_1511,City_111,IL,40.6331,-89.3985,Ophthalmology,Psychiatry,Specialty Care,26,180,59,2.68,0.52,True,True,In-network,395,False,Hospital_11,1.56,South,1,0.99952865
P01512,Provider_1512,City_112,IL,40.6831,-89.3485,Cardiology,Endocrinology,Specialty Care,3,500,23,4.93,0.98,True,False,Out-of-network,228,True,Hospital_12,1.14,South,0,0.0028457039
P01513,Provider_1513,City_113,TX,32.0686,-99.8018,ENT,Psychiatry,Specialty Care,12,220,55,3.62,0.11,False,False,Out-of-network,443,True,Hospital_13,4.51,North,1,0.9998517
P01514,Provider_1514,City_114,CO,39.7001,-105.6321,Cardiology,Ophthalmology,Specialty Care,27,500,26,3.73,0.32,False,False,Out-of-network,292,False,Hospital_14,1.56,South,0,0.0021275654
P01515,Provider_1515,City_115,MA,42.6072,-71.1824,Psychiatry,Dermatology,Specialty Care,12,250,18,2.18,0.51,False,False,Out-of-network,349,False,Hospital_15,3.35,North,1,0.9998802
P01516,Provider_1516,City_116,CO,39.8001,-105.5321,Psychiatry,Psychiatry,Specialty Care,17,250,39,5.0,0.41,True,False,In-network,195,False,Hospital_16,1.18,West,1,0.999458
P01517,Provider_1517,City_117,AZ,34.3489,-110.7937,ENT,Ophthalmology,Specialty Care,21,220,53,3.28,0.17,False,True,In-network,179,False,Hospital_17,3.39,South,1,0.9998622
P01518,Provider_1518,City_118,CA,37.1283,-119.0679,Psychiatry,Pediatrics,Specialty Care,21,250,39,1.32,0.11,True,False,Out-of-network,428,True,Hospital_18,4.22,South,1,0.999851
P01519,Provider_1519,City_119,PA,41.6033,-76.7945,Dermatology,Urology,Specialty Care,18,200,56,4.21,0.34,False,False,In-network,245,True,Hospital_19,1.3,East,1,0.999458
P01520,Provider_1520,City_120,CA,37.2283,-118.9679,Endocrinology,Gastroenterology,Specialty Care,5,400,46,2.89,0.64,False,True,In-network,209,True,Hospital_20,1.28,South,1,0.99956197
P01521,Provider_1521,City_121,TX,31.9686,-99.9018,Gastroenterology,Gastroenterology,Specialty Care,23,420,30,3.25,0.63,True,False,In-network,476,True,Hospital_21,3.52,West,1,0.9998808
P01522,Provider_1522,City_122,MA,42.4572,-71.3324,Dermatology,Orthopedics,Specialty Care,31,200,17,1.41,0.72,True,True,Out-of-network,431,False,Hospital_22,3.31,South,1,0.9998802
P01523,Provider_1523,City_123,NY,43.3994,-74.1179,General Practice,Orthopedics,Primary Care,7,100,22,3.92,0.33,True,False,In-network,297,True,Hospital_23,3.93,South,1,0.9998517
P01524,Provider_1524,City_124,NV,38.9526,-116.2694,Ophthalmology,Pediatrics,Specialty Care,12,180,53,1.28,0.01,True,True,In-network,231,False,Hospital_24,2.5,East,1,0.99945515
P01525,Provider_1525,City_125,CO,39.7501,-105.5821,Dermatology,Neurology,Specialty Care,14,200,37,2.72,0.49,False,True,In-network,206,False,Hospital_25,1.77,South,1,0.99956197
P01526,Provider_1526,City_126,MI,44.5648,-85.3524,Endocrinology,Psychiatry,Specialty Care,33,400,42,1.48,0.3,True,False,Out-of-network,184,True,Hospital_26,1.56,South,1,0.99945515
P01527,Provider_1527,City_127,GA,32.4656,-82.6001,Psychiatry,Neurology,Specialty Care,30,250,6,1.86,0.63,False,False,In-network,259,True,Hospital_27,4.47,South,1,0.99988866
P01528,Provider_1528,City_128,NV,39.1526,-116.0694,Endocrinology,Pediatrics,Specialty Care,13,400,33,4.15,0.36,True,False,In-network,349,False,Hospital_28,1.85,North,1,0.9994167
P01529,Provider_1529,City_129,AZ,34.4489,-110.6937,General Practice,Gastroenterology,Primary Care,18,100,41,1.96,0.6,True,True,Out-of-network,419,True,Hospital_29,2.59,South,1,0.9996792
P01530,Provider_1530,City_130,FL,28.4444,-81.3103,Endocrinology,Neurology,Specialty Care,2,400,46,2.76,1.0,True,False,Out-of-network,203,True,Hospital_30,1.01,West,1,0.99956197
P01531,Provider_1531,City_131,NY,43.2994,-74.2179,Cardiology,Psychiatry,Specialty Care,39,500,33,4.43,0.9,False,True,Out-of-network,139,True,Hospital_31,1.41,East,0,0.0028457039
P01532,Provider_1532,City_132,TX,32.0186,-99.8518,Pediatrics,Endocrinology,Primary Care,16,150,33,4.89,0.73,False,True,In-network,385,True,Hospital_32,4.24,East,1,0.9998808
P01533,Provider_1533,City_133,MA,42.5072,-71.2824,Dermatology,Gastroenterology,Specialty Care,22,200,37,1.07,0.45,False,True,In-network,278,False,Hospital_33,1.82,East,1,0.99945647
P01534,Provider_1534,City_134,IL,40.7831,-89.2485,Pediatrics,General Practice,Primary Care,13,150,39,2.39,0.28,False,False,Out-of-network,289,True,Hospital_34,4.61,East,1,0.999851
P01535,Provider_1535,City_135,CA,36.9783,-119.2179,Orthopedics,General Practice,Surgical,18,400,47,2.06,0.46,True,True,In-network,373,True,Hospital_35,3.25,North,1,0.999851
P01536,Provider_1536,City_136,NC,36.0096,-78.7693,ENT,Gastroenterology,Specialty Care,30,220,17,3.53,0.31,True,True,Out-of-network,412,True,Hospital_36,4.82,South,1,0.9998517
P01537,Provider_1537,City_137,NY,43.5994,-73.9179,Pediatrics,General Practice,Primary Care,40,150,41,2.13,0.03,False,True,In-network,205,False,Hospital_37,1.16,South,1,0.99945515
P01538,Provider_1538,City_138,GA,32.5156,-82.5501,Ophthalmology,Cardiology,Specialty Care,19,180,9,3.04,0.32,False,False,Out-of-network,97,False,Hospital_38,3.22,West,1,0.9998652
P01539,Provider_1539,City_139,FL,28.3944,-81.3603,ENT,Endocrinology,Specialty Care,19,220,60,1.24,0.8,True,False,Out-of-network,262,True,Hospital_39,4.51,East,1,0.99988866
P01540,Provider_1540,City_140,NV,39.2526,-115.9694,ENT,Cardiology,Specialty Care,28,220,36,3.98,0.21,False,False,Out-of-network,442,False,Hospital_40,2.62,West,1,0.999603
P01541,Provider_1541,City_141,GA,32.1656,-82.9001,Gastroenterology,Cardiology,Specialty Care,32,420,42,2.37,0.63,True,False,Out-of-network,362,False,Hospital_41,3.06,West,1,0.9998802
P01542,Provider_1542,City_142,MI,44.3648,-85.5524,Ophthalmology,Ophthalmology,Specialty Care,20,180,13,3.98,0.59,False,True,In-network,323,True,Hospital_42,4.38,South,1,0.9998808
P01543,Provider_1543,City_143,CA,36.8783,-119.3179,Orthopedics,General Practice,Surgical,16,400,19,2.11,0.54,True,False,In-network,51,False,Hospital_43,1.0,West,1,0.99956197
P01544,Provider_1544,City_144,TX,32.1186,-99.7518,Neurology,Endocrinology,Specialty Care,6,450,40,2.86,0.83,True,False,In-network,84,False,Hospital_44,3.28,West,1,0.9991364
P01545,Provider_1545,City_145,NV,39.0026,-116.2194,Neurology,General Practice,Specialty Care,21,450,6,2.6,0.33,False,False,In-network,193,False,Hospital_45,4.47,West,1,0.99892586
P01546,Provider_1546,City_146,PA,41.4533,-76.9445,Pediatrics,ENT,Primary Care,31,150,45,2.1,0.46,True,False,In-network,384,False,Hospital_46,1.79,North,1,0.9994137
P01547,Provider_1547,City_147,IL,40.9331,-89.0985,Cardiology,Neurology,Specialty Care,35,500,26,4.9,0.06,False,True,In-network,269,False,Hospital_47,2.22,South,0,0.002289136
P01548,Provider_1548,City_148,MA,42.7572,-71.0324,Gastroenterology,Dermatology,Specialty Care,23,420,29,1.1,0.95,True,True,Out-of-network,54,True,Hospital_48,2.53,East,1,0.99956197
P01549,Provider_1549,City_149,OH,40.8173,-82.5071,Neurology,Neurology,Specialty Care,19,450,41,3.49,0.64,False,False,In-network,212,False,Hospital_49,1.01,North,0,0.0028457039
P01550,Provider_1550,City_150,AZ,34.4989,-110.6437,Pediatrics,Psychiatry,Primary Care,18,150,49,1.35,0.15,False,True,In-network,304,True,Hospital_50,2.09,South,1,0.9994137
P01551,Provider_1551,City_151,GA,32.1656,-82.9001,Dermatology,Neurology,Specialty Care,36,200,59,3.06,0.21,False,True,In-network,58,False,Hospital_51,3.31,East,1,0.9998622
P01552,Provider_1552,City_152,NV,38.8526,-116.3694,Ophthalmology,Neurology,Specialty Care,25,180,15,4.0,0.37,False,False,Out-of-network,169,True,Hospital_52,2.29,East,1,0.999458
P01553,Provider_1553,City_153,NY,43.3994,-74.1179,Endocrinology,Psychiatry,Specialty Care,12,400,56,3.37,0.33,False,False,Out-of-network,327,True,Hospital_53,2.74,East,1,0.9996611
P01554,Provider_1554,City_154,GA,32.3156,-82.7501,Urology,General Practice,Specialty Care,17,380,18,2.18,0.69,True,False,In-network,90,False,Hospital_54,2.01,East,1,0.99956197
P01555,Provider_1555,City_155,AZ,34.2489,-110.8937,Gastroenterology,Pediatrics,Specialty Care,10,420,6,3.89,0.68,True,False,Out-of-network,70,True,Hospital_55,2.45,South,1,0.9995641
P01556,Provider_1556,City_156,WA,48.0011,-120.4901,Urology,General Practice,Specialty Care,28,380,8,4.53,0.62,False,True,In-network,258,False,Hospital_56,3.93,North,1,0.99988925
P01557,Provider_1557,City_157,AZ,34.3489,-110.7937,Gastroenterology,Neurology,Specialty Care,38,420,16,3.11,1.0,False,True,Out-of-network,305,True,Hospital_57,1.04,South,1,0.99953103
P01558,Provider_1558,City_158,WA,48.1011,-120.3901,Psychiatry,Pediatrics,Specialty Care,23,250,47,3.3,0.93,False,True,In-network,145,False,Hospital_58,4.82,South,1,0.99988925
P01559,Provider_1559,City_159,NV,39.2026,-116.0194,Endocrinology,Pediatrics,Specialty Care,18,400,11,3.88,0.83,True,False,Out-of-network,486,False,Hospital_59,4.56,North,1,0.9998808
P01560,Provider_1560,City_160,AZ,34.4989,-110.6437,Urology,ENT,Specialty Care,13,380,31,4.6,0.81,False,True,In-network,101,True,Hospital_60,3.24,East,1,0.99988925
P01561,Provider_1561,City_161,NY,43.2994,-74.2179,Dermatology,Urology,Specialty Care,29,200,25,2.93,0.25,False,False,Out-of-network,498,False,Hospital_61,2.08,West,1,0.9994137
P01562,Provider_1562,City_162,PA,41.2533,-77.1445,Neurology,Neurology,Specialty Care,28,450,28,1.96,0.75,False,True,Out-of-network,213,False,Hospital_62,4.63,North,1,0.9991364
P01563,Provider_1563,City_163,MI,44.4148,-85.5024,Ophthalmology,Cardiology,Specialty Care,32,180,60,2.05,0.24,True,False,Out-of-network,417,False,Hospital_63,4.05,West,1,0.999851
P01564,Provider_1564,City_164,WA,47.9011,-120.5901,Dermatology,ENT,Specialty Care,19,200,54,4.37,0.26,True,False,In-network,85,False,Hospital_64,3.27,North,1,0.9998622
P01565,Provider_1565,City_165,TX,32.1686,-99.7018,Orthopedics,Psychiatry,Surgical,8,400,35,4.25,0.71,True,True,In-network,255,False,Hospital_65,2.61,North,1,0.99970335
P01566,Provider_1566,City_166,CA,37.0283,-119.1679,Dermatology,Neurology,Specialty Care,38,200,17,4.03,0.93,False,True,In-network,116,False,Hospital_66,3.86,North,1,0.99988925
P01567,Provider_1567,City_167,CA,37.0783,-119.1179,Gastroenterology,Pediatrics,Specialty Care,19,420,17,2.03,0.94,False,False,Out-of-network,370,False,Hospital_67,4.92,South,1,0.9998802
P01568,Provider_1568,City_168,MI,44.6648,-85.2524,Gastroenterology,Neurology,Specialty Care,2,420,15,4.74,0.64,False,True,Out-of-network,444,True,Hospital_68,1.52,South,1,0.99953103
P01569,Provider_1569,City_169,OH,40.8173,-82.5071,Neurology,Endocrinology,Specialty Care,14,450,53,3.18,0.37,True,False,Out-of-network,197,False,Hospital_69,2.68,West,0,0.004106367
P01570,Provider_1570,City_170,NC,36.2096,-78.5693,Neurology,Psychiatry,Specialty Care,21,450,24,3.15,0.11,True,True,In-network,341,True,Hospital_70,1.83,East,0,0.0021275654
P01571,Provider_1571,City_171,TX,31.9686,-99.9018,General Practice,General Practice,Primary Care,28,100,12,3.03,0.55,True,False,Out-of-network,108,True,Hospital_71,3.5,West,1,0.99989164
P01572,Provider_1572,City_172,AZ,34.0989,-111.0437,Orthopedics,Orthopedics,Surgical,22,400,8,3.74,0.33,False,False,Out-of-network,63,False,Hospital_72,2.4,North,1,0.999458
P01573,Provider_1573,City_173,NV,38.9026,-116.3194,ENT,Urology,Specialty Care,11,220,34,4.36,0.83,True,True,In-network,366,True,Hospital_73,2.29,East,1,0.99953103
P01574,Provider_1574,City_174,FL,28.1444,-81.6103,General Practice,ENT,Primary Care,13,100,8,4.31,0.04,False,False,In-network,282,False,Hospital_74,3.78,North,1,0.99986255
P01575,Provider_1575,City_175,GA,32.3656,-82.7001,Urology,General Practice,Specialty Care,9,380,39,3.57,0.48,False,False,Out-of-network,82,False,Hospital_75,3.46,South,1,0.99988925
P01576,Provider_1576,City_176,NY,43.5494,-73.9679,Pediatrics,Urology,Primary Care,26,150,27,3.8,0.09,False,False,Out-of-network,131,False,Hospital_76,1.31,East,1,0.999458
P01577,Provider_1577,City_177,NV,39.1026,-116.1194,Cardiology,Pediatrics,Specialty Care,8,500,44,2.53,0.84,True,True,In-network,102,True,Hospital_77,4.22,East,1,0.9991364
P01578,Provider_1578,City_178,NV,39.1526,-116.0694,Endocrinology,Orthopedics,Specialty Care,27,400,7,3.06,0.25,False,False,In-network,212,True,Hospital_78,1.27,East,1,0.999458
P01579,Provider_1579,City_179,IL,41.0331,-88.9985,Endocrinology,ENT,Specialty Care,21,400,40,3.08,0.03,True,False,Out-of-network,246,True,Hospital_79,3.9,South,1,0.9998622
P01580,Provider_1580,City_180,FL,28.4444,-81.3103,ENT,Psychiatry,Specialty Care,9,220,22,4.58,0.48,False,True,In-network,345,True,Hospital_80,3.98,West,1,0.9998808
P01581,Provider_1581,City_181,TX,31.9686,-99.9018,Urology,Psychiatry,Specialty Care,28,380,19,2.35,0.5,False,True,In-network,288,True,Hospital_81,3.88,East,1,0.9998802
P01582,Provider_1582,City_182,NC,35.8096,-78.9693,Dermatology,Psychiatry,Specialty Care,3,200,43,2.41,0.33,False,False,Out-of-network,70,False,Hospital_82,1.12,East,1,0.99945515
P01583,Provider_1583,City_183,FL,28.0944,-81.6603,ENT,Psychiatry,Specialty Care,38,220,26,2.78,0.21,True,False,Out-of-network,435,True,Hospital_83,2.86,North,1,0.9997284
P01584,Provider_1584,City_184,IL,40.7831,-89.2485,Pediatrics,Pediatrics,Primary Care,9,150,14,2.72,0.4,False,True,Out-of-network,368,True,Hospital_84,3.95,East,1,0.999851
P01585,Provider_1585,City_185,CA,36.9783,-119.2179,ENT,Orthopedics,Specialty Care,20,220,44,4.03,0.46,False,True,In-network,170,True,Hospital_85,1.35,South,1,0.999458
P01586,Provider_1586,City_186,MI,44.5648,-85.3524,Urology,Endocrinology,Specialty Care,24,380,22,1.31,0.67,True,True,In-network,466,False,Hospital_86,1.57,South,1,0.99952865
P01587,Provider_1587,City_187,PA,41.5033,-76.8945,ENT,Ophthalmology,Specialty Care,31,220,54,3.03,0.9,True,False,In-network,277,True,Hospital_87,1.47,North,1,0.9995747
P01588,Provider_1588,City_188,NC,36.1096,-78.6693,Orthopedics,Dermatology,Surgical,34,400,29,1.71,0.33,True,True,Out-of-network,201,False,Hospital_88,2.99,North,1,0.9998615
P01589,Provider_1589,City_189,CA,37.1783,-119.0179,General Practice,Pediatrics,Primary Care,38,100,24,4.52,0.83,True,True,In-network,331,False,Hospital_89,4.63,North,1,0.9998808
P01590,Provider_1590,City_190,CA,37.2283,-118.9679,Ophthalmology,Neurology,Specialty Care,31,180,20,4.07,0.93,False,False,Out-of-network,109,False,Hospital_90,1.2,South,1,0.9995641
P01591,Provider_1591,City_191,MI,44.3148,-85.6024,Neurology,Pediatrics,Specialty Care,19,450,33,4.08,0.44,False,True,In-network,217,True,Hospital_91,2.15,West,0,0.002289136
P01592,Provider_1592,City_192,MA,42.4572,-71.3324,Orthopedics,General Practice,Surgical,12,400,13,2.05,0.77,True,True,Out-of-network,86,False,Hospital_92,3.58,East,1,0.99988866
P01593,Provider_1593,City_193,NC,35.8596,-78.9193,Psychiatry,Pediatrics,Specialty Care,1,250,10,4.84,0.22,True,True,In-network,119,False,Hospital_93,2.32,North,1,0.999458
P01594,Provider_1594,City_194,PA,41.3533,-77.0445,Gastroenterology,Gastroenterology,Specialty Care,31,420,41,3.03,0.84,True,True,In-network,445,False,Hospital_94,2.7,West,1,0.9997093
P01595,Provider_1595,City_195,IL,40.8331,-89.1985,Cardiology,Ophthalmology,Specialty Care,14,500,45,5.0,0.91,True,False,Out-of-network,143,True,Hospital_95,3.96,East,1,0.9991406
P01596,Provider_1596,City_196,FL,28.2444,-81.5103,General Practice,Endocrinology,Primary Care,20,100,37,3.74,0.47,True,True,In-network,413,False,Hospital_96,3.09,West,1,0.9998517
P01597,Provider_1597,City_197,PA,41.5033,-76.8945,Neurology,ENT,Specialty Care,34,450,53,2.99,0.08,False,True,Out-of-network,467,True,Hospital_97,2.68,East,0,0.0037976834
P01598,Provider_1598,City_198,NY,43.6494,-73.8679,General Practice,Cardiology,Primary Care,40,100,44,3.89,0.17,True,False,In-network,490,False,Hospital_98,1.0,West,1,0.9994167
P01599,Provider_1599,City_199,WA,48.1511,-120.3401,Urology,General Practice,Specialty Care,17,380,35,2.0,0.54,True,True,Out-of-network,340,False,Hospital_99,2.58,South,1,0.9996792
P01600,Provider_1600,City_200,GA,32.6156,-82.4501,Ophthalmology,Urology,Specialty Care,21,180,48,4.37,0.19,True,False,Out-of-network,454,False,Hospital_100,3.22,South,1,0.9998517
P01601,Provider_1601,City_1,TX,31.9686,-99.9018,Cardiology,Orthopedics,Specialty Care,35,500,11,2.38,0.27,False,True,Out-of-network,475,False,Hospital_1,1.31,East,0,0.0021167668
P01602,Provider_1602,City_2,TX,32.0186,-99.8518,Endocrinology,Neurology,Specialty Care,16,400,8,4.76,0.56,True,True,Out-of-network,97,False,Hospital_2,2.7,West,1,0.99972385
P01603,Provider_1603,City_3,PA,41.3033,-77.0945,Ophthalmology,ENT,Specialty Care,24,180,33,1.86,0.38,True,True,Out-of-network,500,False,Hospital_3,1.66,South,1,0.9994137
P01604,Provider_1604,City_4,FL,28.1444,-81.6103,Endocrinology,Endocrinology,Specialty Care,31,400,8,1.77,0.67,True,False,In-network,437,True,Hospital_4,1.71,West,1,0.99952865
P01605,Provider_1605,City_5,OH,40.6173,-82.7071,ENT,Endocrinology,Specialty Care,16,220,22,4.49,0.84,False,True,In-network,355,True,Hospital_5,2.14,South,1,0.99953103
P01606,Provider_1606,City_6,MA,42.6572,-71.1324,ENT,General Practice,Specialty Care,10,220,8,1.59,0.35,True,True,In-network,148,True,Hospital_6,1.85,West,1,0.99945515
P01607,Provider_1607,City_7,PA,41.5033,-76.8945,Cardiology,Cardiology,Specialty Care,29,500,54,4.32,0.31,False,False,Out-of-network,482,True,Hospital_7,1.68,South,0,0.0021275654
P01608,Provider_1608,City_8,GA,32.5156,-82.5501,Dermatology,Dermatology,Specialty Care,15,200,5,1.34,0.85,True,True,In-network,77,False,Hospital_8,3.41,East,1,0.99988866
P01609,Provider_1609,City_9,PA,41.6033,-76.7945,Gastroenterology,Gastroenterology,Specialty Care,6,420,54,1.7,0.09,True,True,Out-of-network,264,True,Hospital_9,3.23,West,1,0.9998615
P01610,Provider_1610,City_10,NY,43.7494,-73.7679,Psychiatry,Pediatrics,Specialty Care,27,250,53,4.67,0.67,False,False,In-network,189,True,Hospital_10,4.0,North,1,0.99988925
P01611,Provider_1611,City_11,GA,32.1656,-82.9001,General Practice,Cardiology,Primary Care,21,100,54,3.88,0.86,True,False,In-network,475,True,Hospital_11,4.11,North,1,0.9998808
P01612,Provider_1612,City_12,MI,44.3648,-85.5524,Orthopedics,Orthopedics,Surgical,2,400,19,2.02,0.52,True,True,In-network,55,True,Hospital_12,2.21,North,1,0.99956197
P01613,Provider_1613,City_13,TX,32.0686,-99.8018,Gastroenterology,Gastroenterology,Specialty Care,11,420,26,3.55,0.64,False,True,Out-of-network,63,False,Hospital_13,2.28,North,1,0.9995641
P01614,Provider_1614,City_14,MI,44.4648,-85.4524,Dermatology,Endocrinology,Specialty Care,12,200,53,3.57,0.02,False,False,Out-of-network,67,True,Hospital_14,1.5,West,1,0.999458
P01615,Provider_1615,City_15,FL,28.1944,-81.5603,Dermatology,Endocrinology,Specialty Care,24,200,54,2.83,0.02,True,False,In-network,441,True,Hospital_15,3.57,West,1,0.999851
P01616,Provider_1616,City_16,OH,40.6673,-82.6571,Ophthalmology,Cardiology,Specialty Care,13,180,53,2.21,0.89,True,True,Out-of-network,116,True,Hospital_16,2.78,East,1,0.9997701
P01617,Provider_1617,City_17,IL,40.9331,-89.0985,Pediatrics,ENT,Primary Care,31,150,11,2.93,0.08,True,False,In-network,314,True,Hospital_17,1.01,East,1,0.9994137
P01618,Provider_1618,City_18,AZ,34.3989,-110.7437,Dermatology,Psychiatry,Specialty Care,17,200,32,3.03,0.83,False,False,In-network,357,True,Hospital_18,4.64,West,1,0.9998834
P01619,Provider_1619,City_19,NV,39.2026,-116.0194,Psychiatry,Endocrinology,Specialty Care,37,250,45,3.82,0.03,False,False,In-network,344,True,Hospital_19,4.12,South,1,0.9998517
P01620,Provider_1620,City_20,TX,32.4186,-99.4518,ENT,Orthopedics,Specialty Care,32,220,32,3.8,0.29,True,True,Out-of-network,497,False,Hospital_20,1.69,South,1,0.9994167
P01621,Provider_1621,City_21,TX,31.9686,-99.9018,General Practice,Endocrinology,Primary Care,39,100,48,2.12,0.13,False,False,Out-of-network,257,False,Hospital_21,4.26,South,1,0.9998615
P01622,Provider_1622,City_22,TX,32.0186,-99.8518,Gastroenterology,Urology,Specialty Care,32,420,51,1.36,0.72,True,False,Out-of-network,420,True,Hospital_22,2.77,North,1,0.9997526
P01623,Provider_1623,City_23,MA,42.5072,-71.2824,ENT,Gastroenterology,Specialty Care,32,220,12,2.06,0.88,True,False,In-network,378,True,Hospital_23,2.02,West,1,0.99952865
P01624,Provider_1624,City_24,GA,32.3156,-82.7501,Pediatrics,General Practice,Primary Care,34,150,14,2.44,0.96,False,False,Out-of-network,65,True,Hospital_24,3.77,East,1,0.99988866
P01625,Provider_1625,City_25,WA,47.9511,-120.5401,Pediatrics,Gastroenterology,Primary Care,7,150,57,2.63,0.25,True,False,In-network,306,True,Hospital_25,2.07,West,1,0.9994137
P01626,Provider_1626,City_26,PA,41.4533,-76.9445,Orthopedics,Ophthalmology,Surgical,14,400,10,3.16,0.53,False,False,Out-of-network,361,True,Hospital_26,1.81,West,1,0.99953103
P01627,Provider_1627,City_27,TX,32.2686,-99.6018,Ophthalmology,Endocrinology,Specialty Care,24,180,41,1.21,0.62,True,False,Out-of-network,141,False,Hospital_27,3.04,West,1,0.99988866
P01628,Provider_1628,City_28,GA,32.5156,-82.5501,Ophthalmology,Urology,Specialty Care,32,180,42,4.42,0.45,False,False,In-network,478,True,Hospital_28,1.08,West,1,0.9994167
P01629,Provider_1629,City_29,GA,32.5656,-82.5001,ENT,Endocrinology,Specialty Care,13,220,19,3.71,1.0,True,False,Out-of-network,229,False,Hospital_29,3.81,South,1,0.99988925
P01630,Provider_1630,City_30,NV,39.2526,-115.9694,Gastroenterology,ENT,Specialty Care,32,420,36,2.6,0.81,False,True,Out-of-network,466,True,Hospital_30,2.78,North,1,0.9997526
P01631,Provider_1631,City_31,CO,39.5501,-105.7821,Cardiology,Endocrinology,Specialty Care,20,500,49,2.47,0.9,False,False,In-network,119,False,Hospital_31,2.86,North,0,0.01213029
P01632,Provider_1632,City_32,NY,43.3494,-74.1679,Orthopedics,Pediatrics,Surgical,34,400,43,2.56,0.49,True,False,In-network,468,False,Hospital_32,1.81,North,1,0.99952865
P01633,Provider_1633,City_33,IL,40.7331,-89.2985,Psychiatry,Orthopedics,Specialty Care,18,250,45,1.31,0.23,True,False,Out-of-network,161,True,Hospital_33,1.19,South,1,0.99945515
P01634,Provider_1634,City_34,AZ,34.1989,-110.9437,Dermatology,Gastroenterology,Specialty Care,6,200,10,4.32,0.49,False,False,Out-of-network,343,True,Hospital_34,1.45,North,1,0.99953103
P01635,Provider_1635,City_35,AZ,34.2489,-110.8937,Gastroenterology,Ophthalmology,Specialty Care,11,420,30,2.92,0.62,True,True,In-network,465,False,Hospital_35,1.91,South,1,0.99952865
P01636,Provider_1636,City_36,CA,37.0283,-119.1679,Gastroenterology,General Practice,Specialty Care,22,420,28,2.47,0.31,True,False,In-network,347,False,Hospital_36,2.62,East,1,0.99960095
P01637,Provider_1637,City_37,TX,32.2686,-99.6018,Orthopedics,Endocrinology,Surgical,7,400,6,3.85,0.15,False,False,In-network,129,False,Hospital_37,3.11,North,1,0.9998622
P01638,Provider_1638,City_38,NY,43.6494,-73.8679,Ophthalmology,Pediatrics,Specialty Care,19,180,16,1.98,0.45,False,True,In-network,125,True,Hospital_38,1.66,North,1,0.99945515
P01639,Provider_1639,City_39,MI,44.7148,-85.2024,Pediatrics,Pediatrics,Primary Care,9,150,36,2.32,0.28,True,True,Out-of-network,269,True,Hospital_39,3.68,North,1,0.9998615
P01640,Provider_1640,City_40,IL,41.0831,-88.9485,Pediatrics,Orthopedics,Primary Care,33,150,14,4.4,0.57,True,False,In-network,104,True,Hospital_40,2.35,East,1,0.9995641
P01641,Provider_1641,City_41,OH,40.4173,-82.9071,Pediatrics,Psychiatry,Primary Care,22,150,11,3.64,0.77,False,True,Out-of-network,215,False,Hospital_41,4.89,North,1,0.99988925
P01642,Provider_1642,City_42,NY,43.3494,-74.1679,Ophthalmology,Urology,Specialty Care,18,180,19,3.14,0.36,False,True,Out-of-network,182,False,Hospital_42,4.81,North,1,0.9998622
P01643,Provider_1643,City_43,NV,38.9026,-116.3194,Neurology,Neurology,Specialty Care,37,450,20,4.71,0.68,True,True,In-network,353,True,Hospital_43,3.47,North,1,0.9990753
P01644,Provider_1644,City_44,TX,32.1186,-99.7518,Orthopedics,General Practice,Surgical,14,400,36,2.2,0.57,False,True,In-network,219,False,Hospital_44,3.45,North,1,0.99988866
P01645,Provider_1645,City_45,NY,43.4994,-74.0179,General Practice,Gastroenterology,Primary Care,19,100,42,2.15,0.4,True,False,Out-of-network,200,True,Hospital_45,2.4,East,1,0.99945515
P01646,Provider_1646,City_46,PA,41.4533,-76.9445,Pediatrics,Gastroenterology,Primary Care,22,150,54,3.79,0.1,True,True,Out-of-network,471,False,Hospital_46,4.26,East,1,0.9998517
P01647,Provider_1647,City_47,OH,40.7173,-82.6071,Ophthalmology,Cardiology,Specialty Care,33,180,53,1.75,0.63,True,True,In-network,93,False,Hospital_47,3.44,West,1,0.99988866
P01648,Provider_1648,City_48,OH,40.7673,-82.5571,Urology,Endocrinology,Specialty Care,37,380,44,2.64,1.0,False,True,Out-of-network,284,True,Hospital_48,4.18,South,1,0.9998802
P01649,Provider_1649,City_49,WA,48.1511,-120.3401,Dermatology,Neurology,Specialty Care,2,200,24,3.38,0.68,False,True,In-network,447,False,Hospital_49,3.54,West,1,0.9998808
P01650,Provider_1650,City_50,WA,48.2011,-120.2901,General Practice,Ophthalmology,Primary Care,17,100,51,4.55,0.1,True,False,In-network,137,True,Hospital_50,3.16,West,1,0.9998622
P01651,Provider_1651,City_51,OH,40.4173,-82.9071,Urology,Ophthalmology,Specialty Care,28,380,50,3.2,0.83,True,False,Out-of-network,125,True,Hospital_51,2.33,North,1,0.9995641
P01652,Provider_1652,City_52,CA,36.8283,-119.3679,Psychiatry,ENT,Specialty Care,24,250,17,3.58,0.84,True,False,In-network,82,True,Hospital_52,2.47,West,1,0.9995641
P01653,Provider_1653,City_53,GA,32.2656,-82.8001,Endocrinology,Urology,Specialty Care,30,400,51,1.72,0.29,False,False,In-network,481,False,Hospital_53,2.03,South,1,0.9994137
P01654,Provider_1654,City_54,IL,40.7831,-89.2485,Orthopedics,Psychiatry,Surgical,14,400,60,2.83,0.34,False,False,Out-of-network,320,False,Hospital_54,1.03,West,1,0.9994137
P01655,Provider_1655,City_55,NY,43.4994,-74.0179,Orthopedics,Endocrinology,Surgical,5,400,51,1.86,0.71,False,True,Out-of-network,152,True,Hospital_55,2.83,West,1,0.9997701
P01656,Provider_1656,City_56,NY,43.5494,-73.9679,Neurology,Pediatrics,Specialty Care,40,450,50,1.89,0.12,True,True,Out-of-network,373,False,Hospital_56,3.84,East,1,0.99884427
P01657,Provider_1657,City_57,NY,43.5994,-73.9179,Pediatrics,Psychiatry,Primary Care,40,150,19,3.17,0.62,True,True,Out-of-network,183,True,Hospital_57,2.7,West,1,0.99972385
P01658,Provider_1658,City_58,WA,48.1011,-120.3901,Urology,Neurology,Specialty Care,5,380,6,4.57,0.38,True,True,Out-of-network,213,True,Hospital_58,1.79,West,1,0.999458
P01659,Provider_1659,City_59,WA,48.1511,-120.3401,Psychiatry,General Practice,Specialty Care,19,250,52,1.35,0.86,False,False,Out-of-network,97,False,Hospital_59,4.49,West,1,0.99988866
P01660,Provider_1660,City_60,GA,32.6156,-82.4501,Endocrinology,Psychiatry,Specialty Care,34,400,47,2.58,0.38,False,False,Out-of-network,226,True,Hospital_60,1.62,South,1,0.99945515
P01661,Provider_1661,City_61,NV,38.8026,-116.4194,General Practice,General Practice,Primary Care,29,100,46,3.84,0.76,False,False,Out-of-network,98,False,Hospital_61,1.73,East,1,0.9995641
P01662,Provider_1662,City_62,OH,40.4673,-82.8571,Ophthalmology,Urology,Specialty Care,20,180,53,1.66,0.03,True,True,Out-of-network,100,True,Hospital_62,1.11,West,1,0.99945515
P01663,Provider_1663,City_63,WA,47.8511,-120.6401,Endocrinology,Gastroenterology,Specialty Care,25,400,33,3.59,0.86,False,False,In-network,375,True,Hospital_63,2.15,North,1,0.99953103
P01664,Provider_1664,City_64,IL,40.7831,-89.2485,General Practice,Endocrinology,Primary Care,29,100,28,3.95,0.88,False,True,Out-of-network,486,False,Hospital_64,3.07,West,1,0.9998808
P01665,Provider_1665,City_65,TX,32.1686,-99.7018,Psychiatry,Pediatrics,Specialty Care,11,250,59,2.33,0.52,True,True,Out-of-network,316,False,Hospital_65,2.24,North,1,0.99952865
P01666,Provider_1666,City_66,IL,40.8831,-89.1485,Ophthalmology,Urology,Specialty Care,23,180,53,2.31,0.09,True,True,Out-of-network,183,True,Hospital_66,1.63,East,1,0.99945515
P01667,Provider_1667,City_67,MI,44.6148,-85.3024,General Practice,ENT,Primary Care,37,100,12,1.11,0.11,True,True,In-network,75,False,Hospital_67,2.97,East,1,0.9997856
P01668,Provider_1668,City_68,MA,42.7572,-71.0324,Neurology,Orthopedics,Specialty Care,25,450,35,3.06,0.52,True,False,In-network,405,False,Hospital_68,3.89,South,1,0.9990753
P01669,Provider_1669,City_69,FL,28.3944,-81.3603,Neurology,Ophthalmology,Specialty Care,29,450,14,1.36,0.46,False,False,Out-of-network,354,True,Hospital_69,4.5,South,1,0.99884427
P01670,Provider_1670,City_70,MA,42.8572,-70.9324,Neurology,Dermatology,Specialty Care,14,450,60,1.69,0.9,True,False,Out-of-network,218,True,Hospital_70,2.1,North,0,0.0028312707
P01671,Provider_1671,City_71,MA,42.4072,-71.3824,Neurology,Ophthalmology,Specialty Care,16,450,43,2.96,0.89,False,False,Out-of-network,294,False,Hospital_71,1.21,East,0,0.0026315362
P01672,Provider_1672,City_72,WA,47.8011,-120.6901,Orthopedics,Gastroenterology,Surgical,30,400,15,3.88,0.13,False,True,In-network,124,True,Hospital_72,3.68,North,1,0.9998622
P01673,Provider_1673,City_73,AZ,34.1489,-110.9937,Neurology,ENT,Specialty Care,14,450,34,1.24,0.66,False,True,In-network,235,False,Hospital_73,1.57,East,0,0.0028312707
P01674,Provider_1674,City_74,IL,40.7831,-89.2485,Cardiology,Neurology,Specialty Care,1,500,15,4.83,0.87,False,True,In-network,284,True,Hospital_74,4.95,South,1,0.9990753
P01675,Provider_1675,City_75,MI,44.5148,-85.4024,Cardiology,Pediatrics,Specialty Care,1,500,14,1.55,0.29,True,False,In-network,252,False,Hospital_75,1.99,West,0,0.002277519
P01676,Provider_1676,City_76,PA,41.4533,-76.9445,Gastroenterology,ENT,Specialty Care,5,420,38,1.67,0.5,False,True,Out-of-network,397,False,Hospital_76,4.99,East,1,0.9998802
P01677,Provider_1677,City_77,MI,44.6148,-85.3024,Cardiology,Gastroenterology,Specialty Care,11,500,5,2.94,0.59,True,True,Out-of-network,96,True,Hospital_77,3.2,East,1,0.9991364
P01678,Provider_1678,City_78,CA,37.1283,-119.0679,Endocrinology,Pediatrics,Specialty Care,40,400,27,4.93,0.43,False,False,Out-of-network,323,False,Hospital_78,1.09,West,1,0.9994167
P01679,Provider_1679,City_79,CO,39.9501,-105.3821,General Practice,Urology,Primary Care,3,100,59,3.05,0.45,True,True,In-network,64,False,Hospital_79,2.07,North,1,0.9994698
P01680,Provider_1680,City_80,NY,43.7494,-73.7679,General Practice,Dermatology,Primary Care,4,100,33,4.19,0.53,False,False,Out-of-network,306,False,Hospital_80,4.42,North,1,0.9998808
P01681,Provider_1681,City_81,TX,31.9686,-99.9018,Dermatology,Gastroenterology,Specialty Care,13,200,9,2.45,0.88,True,False,In-network,74,False,Hospital_81,3.12,West,1,0.99988866
P01682,Provider_1682,City_82,NV,38.8526,-116.3694,Psychiatry,Ophthalmology,Specialty Care,17,250,15,3.23,0.6,False,False,In-network,483,True,Hospital_82,1.87,North,1,0.99953103
P01683,Provider_1683,City_83,GA,32.2656,-82.8001,Pediatrics,ENT,Primary Care,17,150,6,3.89,0.63,False,True,In-network,144,False,Hospital_83,1.91,North,1,0.9995641
P01684,Provider_1684,City_84,CO,39.7001,-105.6321,Cardiology,Psychiatry,Specialty Care,32,500,49,2.96,0.42,False,False,Out-of-network,263,True,Hospital_84,1.46,West,0,0.002277519
P01685,Provider_1685,City_85,NV,39.0026,-116.2194,Dermatology,Gastroenterology,Specialty Care,38,200,46,1.7,0.44,True,False,Out-of-network,383,True,Hospital_85,2.1,South,1,0.9994137
P01686,Provider_1686,City_86,MA,42.6572,-71.1324,Neurology,Neurology,Specialty Care,11,450,57,4.47,0.3,False,True,Out-of-network,205,False,Hospital_86,1.6,North,0,0.002289136
P01687,Provider_1687,City_87,AZ,34.3489,-110.7937,Neurology,General Practice,Specialty Care,17,450,10,2.75,0.5,True,True,In-network,480,False,Hospital_87,3.71,North,1,0.9990707
P01688,Provider_1688,City_88,MI,44.6648,-85.2524,Neurology,Orthopedics,Specialty Care,31,450,58,4.27,0.2,False,True,Out-of-network,123,True,Hospital_88,4.58,West,1,0.99893135
P01689,Provider_1689,City_89,PA,41.6033,-76.7945,Gastroenterology,Neurology,Specialty Care,15,420,55,1.11,0.94,True,False,In-network,203,True,Hospital_89,2.7,South,1,0.9997224
P01690,Provider_1690,City_90,AZ,34.4989,-110.6437,Ophthalmology,Endocrinology,Specialty Care,27,180,47,3.5,0.79,False,True,Out-of-network,208,True,Hospital_90,2.27,West,1,0.9995641
P01691,Provider_1691,City_91,NV,38.8026,-116.4194,Urology,Psychiatry,Specialty Care,30,380,8,3.19,0.28,True,False,Out-of-network,296,True,Hospital_91,2.11,West,1,0.9994167
P01692,Provider_1692,City_92,CA,36.8283,-119.3679,General Practice,Gastroenterology,Primary Care,2,100,32,4.4,0.2,False,False,In-network,317,True,Hospital_92,1.7,North,1,0.9994167
P01693,Provider_1693,City_93,NY,43.3994,-74.1179,Neurology,Orthopedics,Specialty Care,5,450,16,2.68,0.72,True,False,Out-of-network,431,True,Hospital_93,2.36,West,0,0.0026315362
P01694,Provider_1694,City_94,GA,32.3156,-82.7501,Dermatology,Cardiology,Specialty Care,24,200,28,4.65,0.65,True,False,Out-of-network,165,False,Hospital_94,1.74,West,1,0.9995641
P01695,Provider_1695,City_95,PA,41.4033,-76.9945,Endocrinology,Cardiology,Specialty Care,35,400,15,2.67,0.16,True,False,In-network,398,False,Hospital_95,1.99,South,1,0.9994137
P01696,Provider_1696,City_96,NC,36.0096,-78.7693,Orthopedics,General Practice,Surgical,40,400,9,2.93,0.44,False,False,In-network,332,True,Hospital_96,3.25,West,1,0.999851
P01697,Provider_1697,City_97,TX,32.2686,-99.6018,Psychiatry,Dermatology,Specialty Care,18,250,46,3.84,0.96,False,True,Out-of-network,95,True,Hospital_97,2.42,South,1,0.9995641
P01698,Provider_1698,City_98,TX,32.3186,-99.5518,Ophthalmology,ENT,Specialty Care,15,180,32,3.95,0.83,False,False,Out-of-network,299,False,Hospital_98,4.55,North,1,0.9998808
P01699,Provider_1699,City_99,NV,39.2026,-116.0194,Neurology,Cardiology,Specialty Care,39,450,17,2.23,0.01,True,True,Out-of-network,474,False,Hospital_99,2.25,West,0,0.0021167668
P01700,Provider_1700,City_100,CA,37.2283,-118.9679,ENT,Urology,Specialty Care,16,220,57,4.66,0.86,True,True,Out-of-network,157,True,Hospital_100,3.77,East,1,0.99988925
P01701,Provider_1701,City_101,NV,38.8026,-116.4194,Endocrinology,General Practice,Specialty Care,39,400,28,3.21,0.19,True,True,Out-of-network,78,True,Hospital_1,2.61,East,1,0.99963105
P01702,Provider_1702,City_102,NC,35.8096,-78.9693,Ophthalmology,Gastroenterology,Specialty Care,32,180,60,2.0,0.98,False,True,In-network,270,True,Hospital_2,3.1,South,1,0.99988866
P01703,Provider_1703,City_103,NC,35.8596,-78.9193,Urology,Dermatology,Specialty Care,33,380,51,3.91,0.25,False,True,Out-of-network,370,False,Hospital_3,1.48,South,1,0.9994167
P01704,Provider_1704,City_104,PA,41.3533,-77.0445,Urology,Gastroenterology,Specialty Care,27,380,22,1.46,0.42,False,False,In-network,177,False,Hospital_4,3.87,South,1,0.9998615
P01705,Provider_1705,City_105,AZ,34.2489,-110.8937,Orthopedics,Dermatology,Surgical,4,400,60,1.24,0.37,False,False,In-network,395,False,Hospital_5,4.79,West,1,0.999851
P01706,Provider_1706,City_106,GA,32.4156,-82.6501,Dermatology,Orthopedics,Specialty Care,35,200,31,4.14,0.17,True,False,Out-of-network,484,False,Hospital_6,3.32,South,1,0.9998517
P01707,Provider_1707,City_107,MI,44.6148,-85.3024,Ophthalmology,Dermatology,Specialty Care,35,180,47,2.67,0.35,False,False,Out-of-network,295,False,Hospital_7,3.16,West,1,0.999851
P01708,Provider_1708,City_108,NC,36.1096,-78.6693,Gastroenterology,Gastroenterology,Specialty Care,1,420,43,3.85,0.15,False,False,In-network,254,True,Hospital_8,4.38,North,1,0.9998622
P01709,Provider_1709,City_109,CA,37.1783,-119.0179,ENT,Endocrinology,Specialty Care,8,220,35,1.73,0.63,False,True,In-network,123,True,Hospital_9,2.3,East,1,0.99956197
P01710,Provider_1710,City_110,TX,32.4186,-99.4518,Pediatrics,Psychiatry,Primary Care,12,150,31,1.16,1.0,True,False,Out-of-network,349,True,Hospital_10,2.12,North,1,0.99952865
P01711,Provider_1711,City_111,CA,36.7783,-119.4179,Ophthalmology,Urology,Specialty Care,33,180,57,3.15,0.82,True,False,Out-of-network,494,True,Hospital_11,2.02,North,1,0.99953103
P01712,Provider_1712,City_112,TX,32.0186,-99.8518,Dermatology,General Practice,Specialty Care,9,200,32,4.27,0.23,False,False,Out-of-network,400,True,Hospital_12,4.63,South,1,0.9998517
P01713,Provider_1713,City_113,TX,32.0686,-99.8018,Urology,ENT,Specialty Care,39,380,58,2.7,0.77,False,False,Out-of-network,78,True,Hospital_13,1.85,East,1,0.99956197
P01714,Provider_1714,City_114,NV,38.9526,-116.2694,Cardiology,Pediatrics,Specialty Care,37,500,38,4.08,0.47,False,True,Out-of-network,360,False,Hospital_14,4.13,East,1,0.9988501
P01715,Provider_1715,City_115,NC,35.9596,-78.8193,Cardiology,Pediatrics,Specialty Care,23,500,58,1.37,0.71,True,False,Out-of-network,240,True,Hospital_15,2.26,East,0,0.0028312707
P01716,Provider_1716,City_116,IL,40.8831,-89.1485,Endocrinology,Pediatrics,Specialty Care,36,400,49,3.42,0.72,True,False,In-network,296,False,Hospital_16,2.36,East,1,0.99953103
P01717,Provider_1717,City_117,GA,32.4656,-82.6001,Cardiology,Neurology,Specialty Care,6,500,36,3.74,0.28,False,True,Out-of-network,402,False,Hospital_17,1.48,West,0,0.0021275654
P01718,Provider_1718,City_118,MI,44.6648,-85.2524,Cardiology,Cardiology,Specialty Care,13,500,29,3.14,0.24,True,False,Out-of-network,377,True,Hospital_18,1.48,East,0,0.0021275654
P01719,Provider_1719,City_119,NV,39.2026,-116.0194,Urology,Gastroenterology,Specialty Care,34,380,19,1.08,0.85,False,True,In-network,280,False,Hospital_19,2.59,East,1,0.9997025
P01720,Provider_1720,City_120,WA,48.2011,-120.2901,Orthopedics,ENT,Surgical,9,400,44,1.57,0.86,True,True,In-network,448,False,Hospital_20,3.74,South,1,0.9998802
P01721,Provider_1721,City_121,GA,32.1656,-82.9001,Psychiatry,Dermatology,Specialty Care,23,250,39,1.96,0.68,True,False,In-network,233,True,Hospital_21,3.27,South,1,0.99988866
P01722,Provider_1722,City_122,OH,40.4673,-82.8571,Gastroenterology,Cardiology,Specialty Care,10,420,6,4.35,0.01,False,False,Out-of-network,176,True,Hospital_22,3.2,South,1,0.9998622
P01723,Provider_1723,City_123,OH,40.5173,-82.8071,Cardiology,Cardiology,Specialty Care,28,500,44,2.75,0.88,True,True,In-network,408,True,Hospital_23,4.51,North,1,0.9990707
P01724,Provider_1724,City_124,CA,36.9283,-119.2679,Orthopedics,Gastroenterology,Surgical,36,400,36,3.9,0.18,False,True,Out-of-network,160,False,Hospital_24,4.37,North,1,0.9998622
P01725,Provider_1725,City_125,MA,42.6072,-71.1824,Cardiology,Endocrinology,Specialty Care,28,500,58,3.66,0.04,True,False,In-network,281,False,Hospital_25,4.95,South,1,0.99893385
P01726,Provider_1726,City_126,CA,37.0283,-119.1679,Gastroenterology,Endocrinology,Specialty Care,23,420,12,2.92,0.84,False,True,In-network,105,False,Hospital_26,3.89,West,1,0.99988866
P01727,Provider_1727,City_127,NY,43.5994,-73.9179,Ophthalmology,Psychiatry,Specialty Care,9,180,45,2.56,0.6,False,True,In-network,416,False,Hospital_27,2.36,West,1,0.99952865
P01728,Provider_1728,City_128,IL,40.9831,-89.0485,Neurology,General Practice,Specialty Care,28,450,33,1.51,0.84,True,False,Out-of-network,438,True,Hospital_28,2.23,North,0,0.0026315362
P01729,Provider_1729,City_129,CO,39.9501,-105.3821,General Practice,Dermatology,Primary Care,15,100,31,2.77,0.22,True,False,Out-of-network,344,False,Hospital_29,1.32,East,1,0.9994137
P01730,Provider_1730,City_130,NY,43.7494,-73.7679,ENT,Ophthalmology,Specialty Care,39,220,17,3.9,0.09,True,True,Out-of-network,371,True,Hospital_30,4.65,West,1,0.9998517
P01731,Provider_1731,City_131,AZ,34.0489,-111.0937,Urology,General Practice,Specialty Care,9,380,35,4.21,0.42,False,True,In-network,244,True,Hospital_31,3.64,West,1,0.9998622
P01732,Provider_1732,City_132,IL,40.6831,-89.3485,Pediatrics,Endocrinology,Primary Care,5,150,59,4.55,0.26,False,False,In-network,217,False,Hospital_32,3.51,East,1,0.9998622
P01733,Provider_1733,City_133,PA,41.3033,-77.0945,Dermatology,Urology,Specialty Care,8,200,31,3.02,0.94,False,False,Out-of-network,181,True,Hospital_33,3.9,South,1,0.99989164
P01734,Provider_1734,City_134,NV,38.9526,-116.2694,Dermatology,Urology,Specialty Care,35,200,18,4.74,0.48,False,False,In-network,447,True,Hospital_34,2.13,West,1,0.99953103
P01735,Provider_1735,City_135,WA,47.9511,-120.5401,ENT,Endocrinology,Specialty Care,13,220,14,2.01,0.92,False,False,In-network,498,False,Hospital_35,3.54,South,1,0.9998802
P01736,Provider_1736,City_136,FL,28.2444,-81.5103,ENT,Psychiatry,Specialty Care,34,220,51,3.94,0.03,False,False,Out-of-network,71,True,Hospital_36,3.46,South,1,0.9998622
P01737,Provider_1737,City_137,WA,48.0511,-120.4401,ENT,Pediatrics,Specialty Care,26,220,15,2.09,0.9,False,False,In-network,259,True,Hospital_37,1.83,West,1,0.99956197
P01738,Provider_1738,City_138,IL,40.9831,-89.0485,Ophthalmology,Orthopedics,Specialty Care,2,180,22,4.17,0.04,False,False,In-network,359,True,Hospital_38,2.26,South,1,0.9994167
P01739,Provider_1739,City_139,GA,32.5656,-82.5001,Endocrinology,General Practice,Specialty Care,27,400,21,1.56,0.49,False,False,In-network,145,False,Hospital_39,1.26,West,1,0.99956197
P01740,Provider_1740,City_140,TX,32.4186,-99.4518,Neurology,Orthopedics,Specialty Care,19,450,19,1.45,0.06,True,False,Out-of-network,390,True,Hospital_40,2.43,East,0,0.0021167668
P01741,Provider_1741,City_141,AZ,34.0489,-111.0937,Dermatology,Ophthalmology,Specialty Care,9,200,22,3.3,0.02,False,False,Out-of-network,193,False,Hospital_41,4.91,South,1,0.9998622
P01742,Provider_1742,City_142,OH,40.4673,-82.8571,Cardiology,Endocrinology,Specialty Care,19,500,18,1.13,0.8,True,True,Out-of-network,382,False,Hospital_42,1.96,North,0,0.0026315362
P01743,Provider_1743,City_143,NV,38.9026,-116.3194,Endocrinology,Pediatrics,Specialty Care,18,400,7,2.65,0.02,True,True,In-network,285,False,Hospital_43,1.35,North,1,0.9994137
P01744,Provider_1744,City_144,MA,42.5572,-71.2324,Endocrinology,Dermatology,Specialty Care,34,400,22,1.47,0.82,True,False,In-network,448,True,Hospital_44,2.62,South,1,0.9996792
P01745,Provider_1745,City_145,PA,41.4033,-76.9945,General Practice,ENT,Primary Care,35,100,53,3.54,0.22,False,True,In-network,123,False,Hospital_45,3.07,East,1,0.9998622
P01746,Provider_1746,City_146,NC,36.0096,-78.7693,Dermatology,Endocrinology,Specialty Care,21,200,12,2.07,0.41,False,False,In-network,349,True,Hospital_46,2.7,North,1,0.99962854
P01747,Provider_1747,City_147,FL,28.2944,-81.4603,Orthopedics,General Practice,Surgical,26,400,41,3.66,0.35,True,True,In-network,413,True,Hospital_47,3.49,South,1,0.9998517
P01748,Provider_1748,City_148,TX,32.3186,-99.5518,Ophthalmology,Urology,Specialty Care,30,180,51,4.5,0.39,False,True,Out-of-network,291,False,Hospital_48,3.02,East,1,0.9998517
P01749,Provider_1749,City_149,NY,43.6994,-73.8179,Gastroenterology,Pediatrics,Specialty Care,10,420,6,3.17,0.26,True,True,Out-of-network,422,False,Hospital_49,4.22,North,1,0.9998517
P01750,Provider_1750,City_150,AZ,34.4989,-110.6437,Endocrinology,ENT,Specialty Care,13,400,8,3.23,0.59,True,True,In-network,454,False,Hospital_50,3.64,East,1,0.9998808
P01751,Provider_1751,City_151,FL,27.9944,-81.7603,Dermatology,Endocrinology,Specialty Care,6,200,51,1.29,0.73,False,False,In-network,365,True,Hospital_51,2.75,South,1,0.9997261
P01752,Provider_1752,City_152,NC,35.8096,-78.9693,General Practice,Gastroenterology,Primary Care,35,100,21,4.73,0.11,False,True,Out-of-network,327,False,Hospital_52,1.94,West,1,0.9994167
P01753,Provider_1753,City_153,NC,35.8596,-78.9193,General Practice,Dermatology,Primary Care,21,100,13,4.0,0.09,False,True,In-network,171,True,Hospital_53,4.19,East,1,0.9998622
P01754,Provider_1754,City_154,NY,43.4494,-74.0679,Gastroenterology,Orthopedics,Specialty Care,32,420,51,3.77,0.92,False,False,Out-of-network,249,True,Hospital_54,2.95,South,1,0.99982846
P01755,Provider_1755,City_155,TX,32.1686,-99.7018,Psychiatry,ENT,Specialty Care,14,250,49,4.11,0.43,False,True,Out-of-network,354,False,Hospital_55,1.27,West,1,0.9994167
P01756,Provider_1756,City_156,IL,40.8831,-89.1485,Urology,Orthopedics,Specialty Care,2,380,25,2.18,0.66,False,False,In-network,394,True,Hospital_56,1.96,West,1,0.99952865
P01757,Provider_1757,City_157,CA,37.0783,-119.1179,Endocrinology,Urology,Specialty Care,24,400,57,3.63,0.38,True,False,In-network,166,False,Hospital_57,2.62,South,1,0.99963105
P01758,Provider_1758,City_158,MA,42.7572,-71.0324,Neurology,Endocrinology,Specialty Care,9,450,45,3.64,0.18,False,False,In-network,472,True,Hospital_58,1.42,East,0,0.0021275654
P01759,Provider_1759,City_159,NV,39.2026,-116.0194,Psychiatry,Neurology,Specialty Care,1,250,43,4.36,0.07,True,False,Out-of-network,119,True,Hospital_59,2.34,South,1,0.999458
P01760,Provider_1760,City_160,TX,32.4186,-99.4518,Gastroenterology,Psychiatry,Specialty Care,11,420,22,4.68,0.19,False,True,Out-of-network,273,True,Hospital_60,1.14,West,1,0.9994592
P01761,Provider_1761,City_161,NC,35.7596,-79.0193,Dermatology,Psychiatry,Specialty Care,19,200,38,2.6,0.91,True,True,Out-of-network,104,False,Hospital_61,2.01,South,1,0.99956197
P01762,Provider_1762,City_162,WA,47.8011,-120.6901,Neurology,Orthopedics,Specialty Care,16,450,37,4.51,0.2,True,True,Out-of-network,195,True,Hospital_62,2.7,East,0,0.0055400305
P01763,Provider_1763,City_163,CO,39.6501,-105.6821,Orthopedics,Dermatology,Surgical,11,400,49,3.34,0.19,True,True,Out-of-network,170,True,Hospital_63,4.45,East,1,0.9998622
P01764,Provider_1764,City_164,OH,40.5673,-82.7571,Urology,General Practice,Specialty Care,39,380,42,1.98,0.23,True,False,Out-of-network,383,False,Hospital_64,4.56,South,1,0.999851
P01765,Provider_1765,City_165,PA,41.4033,-76.9945,Dermatology,Pediatrics,Specialty Care,15,200,51,2.56,0.99,True,False,In-network,185,False,Hospital_65,1.68,West,1,0.99956197
P01766,Provider_1766,City_166,IL,40.8831,-89.1485,Gastroenterology,Psychiatry,Specialty Care,6,420,26,2.07,0.11,False,True,In-network,99,True,Hospital_66,1.68,East,1,0.99945515
P01767,Provider_1767,City_167,FL,28.2944,-81.4603,Neurology,Dermatology,Specialty Care,30,450,56,2.09,0.58,False,False,In-network,179,True,Hospital_67,1.08,North,0,0.0028312707
P01768,Provider_1768,City_168,MA,42.7572,-71.0324,Endocrinology,Neurology,Specialty Care,31,400,22,4.2,0.99,False,False,Out-of-network,52,True,Hospital_68,1.51,North,1,0.9995641
P01769,Provider_1769,City_169,MI,44.7148,-85.2024,Cardiology,General Practice,Specialty Care,16,500,23,1.55,0.76,False,True,In-network,98,False,Hospital_69,3.85,East,1,0.9991364
P01770,Provider_1770,City_170,MA,42.8572,-70.9324,Gastroenterology,Pediatrics,Specialty Care,23,420,41,4.62,0.29,False,False,Out-of-network,186,False,Hospital_70,2.82,North,1,0.9997155
P01771,Provider_1771,City_171,NV,38.8026,-116.4194,Dermatology,Neurology,Specialty Care,22,200,27,3.82,0.33,False,True,Out-of-network,223,False,Hospital_71,2.86,North,1,0.9997489
P01772,Provider_1772,City_172,PA,41.2533,-77.1445,Gastroenterology,General Practice,Specialty Care,12,420,55,1.2,0.8,True,True,Out-of-network,101,False,Hospital_72,1.99,South,1,0.99956197
P01773,Provider_1773,City_173,PA,41.3033,-77.0945,Gastroenterology,Gastroenterology,Specialty Care,31,420,35,4.57,0.21,False,False,In-network,359,False,Hospital_73,4.38,West,1,0.9998517
P01774,Provider_1774,City_174,AZ,34.1989,-110.9437,Psychiatry,General Practice,Specialty Care,39,250,54,1.59,0.76,False,True,Out-of-network,460,False,Hospital_74,2.02,West,1,0.99952865
P01775,Provider_1775,City_175,NV,39.0026,-116.2194,Urology,Psychiatry,Specialty Care,40,380,49,4.69,1.0,False,True,In-network,428,False,Hospital_75,3.5,West,1,0.9998808
P01776,Provider_1776,City_176,NC,36.0096,-78.7693,General Practice,ENT,Primary Care,8,100,41,2.16,0.74,True,False,Out-of-network,102,False,Hospital_76,4.27,East,1,0.99988866
P01777,Provider_1777,City_177,GA,32.4656,-82.6001,Neurology,Orthopedics,Specialty Care,31,450,8,3.24,0.35,True,True,Out-of-network,241,True,Hospital_77,2.49,North,0,0.002289136
P01778,Provider_1778,City_178,TX,32.3186,-99.5518,General Practice,Dermatology,Primary Care,18,100,48,4.06,0.25,True,True,Out-of-network,67,False,Hospital_78,4.65,South,1,0.9998622
P01779,Provider_1779,City_179,FL,28.3944,-81.3603,Gastroenterology,Endocrinology,Specialty Care,12,420,31,4.95,0.34,False,False,In-network,395,False,Hospital_79,3.33,South,1,0.9998517
P01780,Provider_1780,City_180,MA,42.8572,-70.9324,Ophthalmology,Orthopedics,Specialty Care,29,180,17,1.27,0.28,False,True,In-network,142,True,Hospital_80,2.07,South,1,0.99945515
P01781,Provider_1781,City_181,MA,42.4072,-71.3824,Pediatrics,Cardiology,Primary Care,32,150,51,4.35,0.81,True,True,Out-of-network,341,True,Hospital_81,2.85,East,1,0.9997539
P01782,Provider_1782,City_182,WA,47.8011,-120.6901,Psychiatry,Urology,Specialty Care,9,250,8,3.1,0.88,False,True,In-network,162,False,Hospital_82,4.15,South,1,0.99988925
P01783,Provider_1783,City_183,PA,41.3033,-77.0945,Psychiatry,Psychiatry,Specialty Care,10,250,43,3.25,0.55,False,True,In-network,166,True,Hospital_83,2.49,North,1,0.9995641
P01784,Provider_1784,City_184,WA,47.9011,-120.5901,Urology,Orthopedics,Specialty Care,21,380,34,1.28,0.4,False,True,Out-of-network,235,False,Hospital_84,3.07,North,1,0.9998615
P01785,Provider_1785,City_185,NV,39.0026,-116.2194,General Practice,Ophthalmology,Primary Care,9,100,30,2.34,0.81,True,True,Out-of-network,397,True,Hospital_85,3.4,East,1,0.9998802
P01786,Provider_1786,City_186,WA,48.0011,-120.4901,Neurology,Psychiatry,Specialty Care,37,450,38,4.25,0.18,True,False,Out-of-network,400,True,Hospital_86,3.81,East,1,0.9988501
P01787,Provider_1787,City_187,CO,39.8501,-105.4821,General Practice,ENT,Primary Care,31,100,37,3.64,0.35,False,False,In-network,86,False,Hospital_87,4.56,West,1,0.9998622
P01788,Provider_1788,City_188,GA,32.5156,-82.5501,Pediatrics,Orthopedics,Primary Care,40,150,60,2.24,0.08,False,True,In-network,175,False,Hospital_88,1.03,North,1,0.99945515
P01789,Provider_1789,City_189,TX,32.3686,-99.5018,Orthopedics,Urology,Surgical,6,400,16,1.26,0.09,True,False,Out-of-network,493,False,Hospital_89,4.74,South,1,0.999851
P01790,Provider_1790,City_190,NC,36.2096,-78.5693,Pediatrics,Pediatrics,Primary Care,19,150,41,4.4,0.91,True,True,In-network,474,False,Hospital_90,4.76,North,1,0.9998808
P01791,Provider_1791,City_191,WA,47.7511,-120.7401,General Practice,Endocrinology,Primary Care,32,100,33,2.96,0.93,True,True,In-network,309,True,Hospital_91,1.91,South,1,0.99952865
P01792,Provider_1792,City_192,CO,39.6001,-105.7321,Gastroenterology,Gastroenterology,Specialty Care,25,420,23,1.21,0.03,True,False,Out-of-network,190,True,Hospital_92,1.36,East,1,0.99945515
P01793,Provider_1793,City_193,PA,41.3033,-77.0945,Gastroenterology,Psychiatry,Specialty Care,22,420,39,4.82,0.42,True,False,Out-of-network,180,False,Hospital_93,3.92,North,1,0.9998622
P01794,Provider_1794,City_194,AZ,34.1989,-110.9437,Endocrinology,Psychiatry,Specialty Care,7,400,15,2.37,0.09,True,True,In-network,261,True,Hospital_94,1.53,South,1,0.99945515
P01795,Provider_1795,City_195,NV,39.0026,-116.2194,Ophthalmology,Endocrinology,Specialty Care,33,180,21,1.4,0.28,False,False,Out-of-network,50,True,Hospital_95,3.73,West,1,0.9998615
P01796,Provider_1796,City_196,NV,39.0526,-116.1694,ENT,Cardiology,Specialty Care,22,220,19,1.77,0.63,True,False,Out-of-network,481,False,Hospital_96,4.24,North,1,0.9998802
P01797,Provider_1797,City_197,NY,43.5994,-73.9179,Psychiatry,Pediatrics,Specialty Care,40,250,41,4.13,0.03,True,False,Out-of-network,491,False,Hospital_97,2.68,South,1,0.999603
P01798,Provider_1798,City_198,FL,28.3444,-81.4103,Neurology,Endocrinology,Specialty Care,14,450,45,3.16,0.31,False,False,In-network,245,False,Hospital_98,1.61,North,0,0.002289136
P01799,Provider_1799,City_199,TX,32.3686,-99.5018,Neurology,Orthopedics,Specialty Care,7,450,11,1.23,0.22,False,False,In-network,59,False,Hospital_99,1.26,West,0,0.002277519
P01800,Provider_1800,City_200,NY,43.7494,-73.7679,ENT,Endocrinology,Specialty Care,9,220,57,2.21,0.17,False,False,Out-of-network,191,True,Hospital_100,4.11,West,1,0.9998615
P01801,Provider_1801,City_1,TX,31.9686,-99.9018,ENT,Orthopedics,Specialty Care,3,220,38,4.85,0.44,False,False,In-network,108,True,Hospital_1,3.46,South,1,0.9998622
P01802,Provider_1802,City_2,MA,42.4572,-71.3324,Cardiology,Orthopedics,Specialty Care,12,500,45,2.72,0.31,False,True,Out-of-network,147,True,Hospital_2,2.15,East,0,0.002277519
P01803,Provider_1803,City_3,PA,41.3033,-77.0945,Ophthalmology,ENT,Specialty Care,34,180,45,3.83,0.46,True,True,In-network,465,False,Hospital_3,2.33,South,1,0.9994167
P01804,Provider_1804,City_4,NY,43.4494,-74.0679,Orthopedics,Psychiatry,Surgical,30,400,39,4.66,0.01,True,False,Out-of-network,201,True,Hospital_4,2.85,South,1,0.9997155
P01805,Provider_1805,City_5,WA,47.9511,-120.5401,ENT,Ophthalmology,Specialty Care,33,220,44,4.22,0.82,False,True,Out-of-network,179,False,Hospital_5,2.8,South,1,0.9997713
P01806,Provider_1806,City_6,PA,41.4533,-76.9445,Neurology,Psychiatry,Specialty Care,22,450,28,1.71,0.92,True,True,Out-of-network,276,True,Hospital_6,1.91,West,0,0.002837918
P01807,Provider_1807,City_7,CA,37.0783,-119.1179,Endocrinology,Neurology,Specialty Care,19,400,15,1.18,0.1,True,True,Out-of-network,154,True,Hospital_7,2.51,East,1,0.99945515
P01808,Provider_1808,City_8,MI,44.6648,-85.2524,Psychiatry,Gastroenterology,Specialty Care,29,250,15,4.82,0.04,True,True,In-network,277,False,Hospital_8,2.62,South,1,0.9996319
P01809,Provider_1809,City_9,MI,44.7148,-85.2024,Cardiology,Pediatrics,Specialty Care,25,500,55,2.77,0.81,False,True,Out-of-network,319,True,Hospital_9,2.36,West,0,0.0026315362
P01810,Provider_1810,City_10,NY,43.7494,-73.7679,Dermatology,Orthopedics,Specialty Care,20,200,38,4.33,0.12,True,True,Out-of-network,306,True,Hospital_10,3.95,South,1,0.9998517
P01811,Provider_1811,City_11,NC,35.7596,-79.0193,Gastroenterology,ENT,Specialty Care,39,420,19,1.81,0.03,False,False,In-network,88,False,Hospital_11,1.89,East,1,0.99945515
P01812,Provider_1812,City_12,TX,32.0186,-99.8518,General Practice,Ophthalmology,Primary Care,33,100,16,4.6,0.94,True,True,In-network,438,True,Hospital_12,4.99,North,1,0.9998808
P01813,Provider_1813,City_13,IL,40.7331,-89.2985,Gastroenterology,Orthopedics,Specialty Care,37,420,8,1.73,0.7,True,False,Out-of-network,334,True,Hospital_13,4.11,North,1,0.9998802
P01814,Provider_1814,City_14,MI,44.4648,-85.4524,Endocrinology,Gastroenterology,Specialty Care,4,400,23,3.97,0.41,False,False,Out-of-network,129,False,Hospital_14,2.54,North,1,0.999458
P01815,Provider_1815,City_15,CO,39.7501,-105.5821,ENT,Urology,Specialty Care,10,220,55,1.17,0.87,False,False,In-network,82,False,Hospital_15,1.33,East,1,0.99956197
P01816,Provider_1816,City_16,AZ,34.2989,-110.8437,Gastroenterology,Urology,Specialty Care,11,420,27,3.42,0.75,False,False,Out-of-network,467,True,Hospital_16,3.27,North,1,0.9998808
P01817,Provider_1817,City_17,MI,44.6148,-85.3024,Orthopedics,Cardiology,Surgical,6,400,10,2.1,0.7,True,False,Out-of-network,162,True,Hospital_17,3.7,North,1,0.99988866
P01818,Provider_1818,City_18,WA,48.1011,-120.3901,Urology,Neurology,Specialty Care,26,380,39,4.68,0.3,False,False,Out-of-network,226,True,Hospital_18,3.67,North,1,0.9998622
P01819,Provider_1819,City_19,MA,42.8072,-70.9824,Neurology,Pediatrics,Specialty Care,6,450,28,2.23,0.44,False,True,Out-of-network,325,True,Hospital_19,4.89,North,1,0.99884427
P01820,Provider_1820,City_20,AZ,34.4989,-110.6437,Cardiology,Gastroenterology,Specialty Care,4,500,22,4.55,0.72,False,False,In-network,184,True,Hospital_20,2.64,East,0,0.0041760663
P01821,Provider_1821,City_21,OH,40.4173,-82.9071,General Practice,Endocrinology,Primary Care,27,100,8,4.08,0.99,True,False,In-network,158,False,Hospital_21,2.04,South,1,0.9995641
P01822,Provider_1822,City_22,MA,42.4572,-71.3324,Neurology,Urology,Specialty Care,14,450,30,1.57,0.53,False,True,In-network,236,True,Hospital_22,1.46,South,0,0.0028312707
P01823,Provider_1823,City_23,TX,32.0686,-99.8018,Pediatrics,Neurology,Primary Care,4,150,9,3.55,0.73,True,False,Out-of-network,147,False,Hospital_23,3.86,East,1,0.99988925
P01824,Provider_1824,City_24,WA,47.9011,-120.5901,Endocrinology,Psychiatry,Specialty Care,39,400,40,3.75,0.3,True,False,In-network,221,False,Hospital_24,2.44,South,1,0.999458
P01825,Provider_1825,City_25,OH,40.6173,-82.7071,Psychiatry,Pediatrics,Specialty Care,39,250,41,1.35,0.93,False,True,Out-of-network,371,True,Hospital_25,2.29,East,1,0.99952865
P01826,Provider_1826,City_26,AZ,34.2989,-110.8437,Ophthalmology,Endocrinology,Specialty Care,40,180,11,2.13,0.57,False,True,In-network,169,True,Hospital_26,3.03,South,1,0.99988866
P01827,Provider_1827,City_27,NC,36.0596,-78.7193,Orthopedics,Endocrinology,Surgical,37,400,20,2.42,0.77,False,True,Out-of-network,377,True,Hospital_27,2.52,East,1,0.99952865
P01828,Provider_1828,City_28,NY,43.6494,-73.8679,Gastroenterology,Gastroenterology,Specialty Care,23,420,40,2.86,0.18,True,False,Out-of-network,205,False,Hospital_28,4.47,North,1,0.9998615
P01829,Provider_1829,City_29,OH,40.8173,-82.5071,Endocrinology,Pediatrics,Specialty Care,36,400,44,2.38,0.94,True,True,Out-of-network,75,True,Hospital_29,1.71,South,1,0.99956197
P01830,Provider_1830,City_30,NV,39.2526,-115.9694,Pediatrics,General Practice,Primary Care,1,150,49,1.23,0.6,False,False,Out-of-network,232,False,Hospital_30,4.61,West,1,0.99988866
P01831,Provider_1831,City_31,WA,47.7511,-120.7401,Ophthalmology,Urology,Specialty Care,1,180,50,1.23,0.7,False,True,Out-of-network,125,True,Hospital_31,3.1,North,1,0.99988866
P01832,Provider_1832,City_32,IL,40.6831,-89.3485,General Practice,Orthopedics,Primary Care,6,100,48,3.46,0.98,False,True,Out-of-network,374,False,Hospital_32,2.53,West,1,0.99953103
P01833,Provider_1833,City_33,MA,42.5072,-71.2824,Orthopedics,Neurology,Surgical,18,400,23,4.32,0.63,True,False,Out-of-network,116,True,Hospital_33,1.15,North,1,0.9995641
P01834,Provider_1834,City_34,WA,47.9011,-120.5901,Neurology,Endocrinology,Specialty Care,20,450,55,4.71,0.97,False,True,In-network,114,False,Hospital_34,2.2,South,0,0.0028457039
P01835,Provider_1835,City_35,PA,41.4033,-76.9945,Pediatrics,General Practice,Primary Care,31,150,46,3.31,0.79,False,False,In-network,209,False,Hospital_35,4.16,North,1,0.99988925
P01836,Provider_1836,City_36,CA,37.0283,-119.1679,Cardiology,Psychiatry,Specialty Care,4,500,13,2.5,0.43,True,True,In-network,262,True,Hospital_36,4.36,East,1,0.99892586
P01837,Provider_1837,City_37,OH,40.7173,-82.6071,Orthopedics,Urology,Surgical,28,400,44,1.06,0.47,True,False,In-network,475,False,Hospital_37,3.33,North,1,0.999851
P01838,Provider_1838,City_38,NC,36.1096,-78.6693,Cardiology,Orthopedics,Specialty Care,24,500,60,1.85,0.04,False,True,In-network,119,True,Hospital_38,2.87,East,0,0.009775628
P01839,Provider_1839,City_39,NC,36.1596,-78.6193,General Practice,Gastroenterology,Primary Care,35,100,28,1.86,0.25,False,True,Out-of-network,101,False,Hospital_39,2.23,South,1,0.99945515
P01840,Provider_1840,City_40,WA,48.2011,-120.2901,General Practice,ENT,Primary Care,8,100,56,2.95,0.41,False,False,Out-of-network,317,False,Hospital_40,4.68,East,1,0.999851
P01841,Provider_1841,City_41,NY,43.2994,-74.2179,Psychiatry,Neurology,Specialty Care,16,250,19,1.87,0.6,False,True,Out-of-network,104,True,Hospital_41,4.45,East,1,0.99988866
P01842,Provider_1842,City_42,NV,38.8526,-116.3694,Cardiology,Gastroenterology,Specialty Care,7,500,11,2.42,0.74,False,False,Out-of-network,466,True,Hospital_42,4.17,West,1,0.9990707
P01843,Provider_1843,City_43,NY,43.3994,-74.1179,General Practice,Endocrinology,Primary Care,30,100,14,2.71,0.58,True,False,Out-of-network,402,False,Hospital_43,3.68,West,1,0.9998802
P01844,Provider_1844,City_44,MI,44.4648,-85.4524,Ophthalmology,Orthopedics,Specialty Care,2,180,27,1.19,0.95,True,True,Out-of-network,207,True,Hospital_44,4.67,North,1,0.99988866
P01845,Provider_1845,City_45,AZ,34.2489,-110.8937,General Practice,Dermatology,Primary Care,36,100,30,4.29,0.73,False,False,Out-of-network,232,False,Hospital_45,3.8,East,1,0.99988925
P01846,Provider_1846,City_46,MA,42.6572,-71.1324,General Practice,Urology,Primary Care,21,100,13,2.36,0.12,True,True,In-network,297,False,Hospital_46,3.75,North,1,0.999851
P01847,Provider_1847,City_47,MI,44.6148,-85.3024,Psychiatry,Cardiology,Specialty Care,20,250,48,3.46,0.42,True,False,Out-of-network,137,False,Hospital_47,1.79,South,1,0.999458
P01848,Provider_1848,City_48,FL,28.3444,-81.4103,Urology,Pediatrics,Specialty Care,10,380,7,4.29,0.85,False,False,Out-of-network,325,False,Hospital_48,4.78,West,1,0.9998808
P01849,Provider_1849,City_49,TX,32.3686,-99.5018,Orthopedics,Neurology,Surgical,15,400,18,3.51,0.62,True,True,In-network,416,False,Hospital_49,4.64,North,1,0.9998808
P01850,Provider_1850,City_50,NC,36.2096,-78.5693,Psychiatry,Endocrinology,Specialty Care,17,250,37,4.58,0.37,True,False,In-network,473,False,Hospital_50,3.83,North,1,0.9998517
P01851,Provider_1851,City_51,MI,44.3148,-85.6024,Dermatology,Pediatrics,Specialty Care,2,200,34,2.97,0.79,False,False,Out-of-network,393,False,Hospital_51,1.02,East,1,0.99952865
P01852,Provider_1852,City_52,WA,47.8011,-120.6901,General Practice,Neurology,Primary Care,11,100,30,1.46,0.18,False,False,Out-of-network,177,False,Hospital_52,2.71,South,1,0.99965477
P01853,Provider_1853,City_53,NY,43.3994,-74.1179,Cardiology,Ophthalmology,Specialty Care,13,500,55,1.23,0.96,True,False,Out-of-network,366,False,Hospital_53,2.91,West,0,0.015301101
P01854,Provider_1854,City_54,MI,44.4648,-85.4524,Ophthalmology,Cardiology,Specialty Care,28,180,24,1.92,1.0,True,False,In-network,375,True,Hospital_54,4.3,East,1,0.9998802
P01855,Provider_1855,City_55,NC,35.9596,-78.8193,Endocrinology,Cardiology,Specialty Care,20,400,46,3.42,0.46,True,False,In-network,462,True,Hospital_55,1.61,South,1,0.9994167
P01856,Provider_1856,City_56,NC,36.0096,-78.7693,Urology,General Practice,Specialty Care,37,380,52,4.74,0.38,False,True,In-network,179,False,Hospital_56,2.08,South,1,0.999458
P01857,Provider_1857,City_57,OH,40.7173,-82.6071,Cardiology,Orthopedics,Specialty Care,39,500,56,2.21,0.16,True,True,In-network,285,False,Hospital_57,3.13,North,1,0.99884427
P01858,Provider_1858,City_58,FL,28.3444,-81.4103,Pediatrics,General Practice,Primary Care,18,150,35,2.67,0.72,True,False,Out-of-network,286,False,Hospital_58,1.35,East,1,0.99952865
P01859,Provider_1859,City_59,WA,48.1511,-120.3401,Dermatology,Ophthalmology,Specialty Care,31,200,49,4.28,0.51,False,True,Out-of-network,133,False,Hospital_59,2.53,West,1,0.9995641
P01860,Provider_1860,City_60,CA,37.2283,-118.9679,Pediatrics,General Practice,Primary Care,2,150,31,1.12,0.83,False,True,Out-of-network,203,True,Hospital_60,1.42,North,1,0.99956197
P01861,Provider_1861,City_61,CA,36.7783,-119.4179,Neurology,Orthopedics,Specialty Care,13,450,58,3.5,0.79,True,True,In-network,188,True,Hospital_61,4.53,North,1,0.9991406
P01862,Provider_1862,City_62,TX,32.0186,-99.8518,General Practice,Orthopedics,Primary Care,35,100,41,3.03,0.35,True,True,Out-of-network,441,False,Hospital_62,2.97,South,1,0.99977547
P01863,Provider_1863,City_63,CO,39.6501,-105.6821,Orthopedics,Endocrinology,Surgical,26,400,51,2.55,0.3,True,True,In-network,291,False,Hospital_63,3.44,North,1,0.999851
P01864,Provider_1864,City_64,MI,44.4648,-85.4524,Neurology,Urology,Specialty Care,2,450,48,3.51,0.12,True,True,In-network,353,True,Hospital_64,2.95,South,0,0.014566095
P01865,Provider_1865,City_65,IL,40.8331,-89.1985,ENT,Pediatrics,Specialty Care,29,220,21,4.43,0.19,True,False,Out-of-network,60,False,Hospital_65,4.38,West,1,0.9998622
P01866,Provider_1866,City_66,MI,44.5648,-85.3524,Ophthalmology,Psychiatry,Specialty Care,13,180,27,1.32,0.53,True,True,Out-of-network,408,False,Hospital_66,1.41,North,1,0.99952865
P01867,Provider_1867,City_67,CA,37.0783,-119.1179,Ophthalmology,Endocrinology,Specialty Care,18,180,21,4.58,0.23,True,False,In-network,468,False,Hospital_67,3.67,West,1,0.9998517
P01868,Provider_1868,City_68,OH,40.7673,-82.5571,Neurology,Orthopedics,Specialty Care,9,450,57,1.2,0.96,True,True,Out-of-network,160,False,Hospital_68,2.82,West,0,0.010719541
P01869,Provider_1869,City_69,MA,42.8072,-70.9824,Pediatrics,Endocrinology,Primary Care,26,150,25,4.8,0.21,True,True,In-network,220,True,Hospital_69,3.32,North,1,0.9998622
P01870,Provider_1870,City_70,WA,48.2011,-120.2901,ENT,Neurology,Specialty Care,15,220,32,3.81,0.75,False,False,In-network,331,True,Hospital_70,3.7,North,1,0.9998808
P01871,Provider_1871,City_71,NC,35.7596,-79.0193,Gastroenterology,Orthopedics,Specialty Care,40,420,52,2.19,0.42,True,True,Out-of-network,374,False,Hospital_71,2.54,South,1,0.9994137
P01872,Provider_1872,City_72,NC,35.8096,-78.9693,ENT,ENT,Specialty Care,4,220,25,1.04,0.14,False,True,In-network,482,True,Hospital_72,4.08,North,1,0.999851
P01873,Provider_1873,City_73,TX,32.0686,-99.8018,Pediatrics,General Practice,Primary Care,26,150,46,3.37,0.47,True,False,Out-of-network,196,True,Hospital_73,4.43,West,1,0.9998622
P01874,Provider_1874,City_74,PA,41.3533,-77.0445,Pediatrics,Urology,Primary Care,8,150,15,1.14,0.51,True,False,In-network,427,True,Hospital_74,1.44,West,1,0.99952865
P01875,Provider_1875,City_75,NY,43.4994,-74.0179,Ophthalmology,Neurology,Specialty Care,36,180,57,3.67,0.58,True,True,Out-of-network,348,True,Hospital_75,4.05,North,1,0.9998808
P01876,Provider_1876,City_76,IL,40.8831,-89.1485,Urology,Ophthalmology,Specialty Care,13,380,57,4.81,0.25,False,False,In-network,405,True,Hospital_76,3.96,South,1,0.9998517
P01877,Provider_1877,City_77,CO,39.8501,-105.4821,Endocrinology,Pediatrics,Specialty Care,34,400,29,4.65,0.3,True,True,Out-of-network,453,True,Hospital_77,4.08,East,1,0.9998517
P01878,Provider_1878,City_78,CA,37.1283,-119.0679,Psychiatry,Urology,Specialty Care,32,250,6,5.0,0.49,True,False,In-network,156,False,Hospital_78,3.83,East,1,0.99988925
P01879,Provider_1879,City_79,NY,43.6994,-73.8179,Endocrinology,Urology,Specialty Care,20,400,18,2.25,0.45,True,True,Out-of-network,196,True,Hospital_79,4.58,West,1,0.9998615
P01880,Provider_1880,City_80,AZ,34.4989,-110.6437,Dermatology,Gastroenterology,Specialty Care,28,200,30,3.7,0.14,True,False,Out-of-network,400,False,Hospital_80,2.08,North,1,0.9994167
P01881,Provider_1881,City_81,NC,35.7596,-79.0193,Urology,ENT,Specialty Care,31,380,41,3.21,0.05,False,False,In-network,70,True,Hospital_81,3.37,North,1,0.9998622
P01882,Provider_1882,City_82,OH,40.4673,-82.8571,Psychiatry,Dermatology,Specialty Care,10,250,19,3.34,0.9,True,True,Out-of-network,151,False,Hospital_82,4.45,South,1,0.99988925
P01883,Provider_1883,City_83,GA,32.2656,-82.8001,Dermatology,Urology,Specialty Care,5,200,38,2.73,0.45,False,True,Out-of-network,349,True,Hospital_83,2.77,East,1,0.9996923
P01884,Provider_1884,City_84,CO,39.7001,-105.6321,General Practice,Ophthalmology,Primary Care,30,100,28,1.94,0.04,True,False,In-network,387,False,Hospital_84,1.75,West,1,0.9994137
P01885,Provider_1885,City_85,OH,40.6173,-82.7071,Endocrinology,Gastroenterology,Specialty Care,32,400,16,4.2,0.17,False,True,Out-of-network,408,False,Hospital_85,4.54,West,1,0.9998517
P01886,Provider_1886,City_86,IL,40.8831,-89.1485,Endocrinology,ENT,Specialty Care,11,400,21,3.94,0.01,True,True,In-network,371,True,Hospital_86,1.21,North,1,0.9994167
P01887,Provider_1887,City_87,GA,32.4656,-82.6001,Endocrinology,Cardiology,Specialty Care,3,400,17,4.18,0.38,False,False,In-network,256,True,Hospital_87,2.44,North,1,0.999458
P01888,Provider_1888,City_88,CA,37.1283,-119.0679,Pediatrics,Neurology,Primary Care,13,150,30,4.5,0.82,False,True,Out-of-network,137,False,Hospital_88,3.41,East,1,0.99988925
P01889,Provider_1889,City_89,MA,42.8072,-70.9824,Cardiology,Cardiology,Specialty Care,17,500,10,4.31,0.42,False,False,In-network,458,True,Hospital_89,2.63,North,0,0.0031232508
P01890,Provider_1890,City_90,IL,41.0831,-88.9485,Neurology,Pediatrics,Specialty Care,17,450,41,4.47,0.1,True,False,Out-of-network,292,False,Hospital_90,3.81,West,1,0.9988501
P01891,Provider_1891,City_91,OH,40.4173,-82.9071,Ophthalmology,Ophthalmology,Specialty Care,21,180,59,3.38,0.4,True,True,Out-of-network,114,False,Hospital_91,1.69,West,1,0.999458
P01892,Provider_1892,City_92,CO,39.6001,-105.7321,Cardiology,General Practice,Specialty Care,4,500,26,2.43,0.66,True,True,Out-of-network,454,False,Hospital_92,2.03,South,0,0.0026315362
P01893,Provider_1893,City_93,MA,42.5072,-71.2824,General Practice,Dermatology,Primary Care,36,100,5,4.48,0.27,False,True,In-network,195,False,Hospital_93,1.2,North,1,0.999458
P01894,Provider_1894,City_94,MA,42.5572,-71.2324,Dermatology,Pediatrics,Specialty Care,12,200,57,3.1,0.68,True,False,Out-of-network,436,False,Hospital_94,3.61,East,1,0.9998808
P01895,Provider_1895,City_95,NV,39.0026,-116.2194,Urology,Urology,Specialty Care,7,380,51,4.67,0.85,False,False,In-network,319,True,Hospital_95,4.61,East,1,0.9998808
P01896,Provider_1896,City_96,MA,42.6572,-71.1324,Ophthalmology,Dermatology,Specialty Care,39,180,23,2.38,0.64,False,True,Out-of-network,416,False,Hospital_96,3.26,North,1,0.9998802
P01897,Provider_1897,City_97,TX,32.2686,-99.6018,Ophthalmology,Ophthalmology,Specialty Care,16,180,37,2.9,0.74,False,True,In-network,216,False,Hospital_97,3.37,West,1,0.99988866
P01898,Provider_1898,City_98,NV,39.1526,-116.0694,Gastroenterology,Gastroenterology,Specialty Care,27,420,48,4.4,0.34,False,False,In-network,460,True,Hospital_98,4.79,North,1,0.9998517
P01899,Provider_1899,City_99,PA,41.6033,-76.7945,Orthopedics,Endocrinology,Surgical,22,400,49,1.41,0.2,False,True,Out-of-network,78,False,Hospital_99,2.51,West,1,0.99945515
P01900,Provider_1900,City_100,FL,28.4444,-81.3103,Ophthalmology,Orthopedics,Specialty Care,2,180,44,3.18,0.46,False,False,Out-of-network,162,True,Hospital_100,3.12,East,1,0.9998622
P01901,Provider_1901,City_101,CO,39.5501,-105.7821,Urology,Orthopedics,Specialty Care,17,380,44,3.44,0.73,False,True,Out-of-network,109,True,Hospital_1,3.43,West,1,0.99988925
P01902,Provider_1902,City_102,AZ,34.0989,-111.0437,Neurology,ENT,Specialty Care,35,450,25,2.35,0.17,True,True,In-network,385,False,Hospital_2,2.16,South,0,0.0021167668
P01903,Provider_1903,City_103,TX,32.0686,-99.8018,Gastroenterology,Psychiatry,Specialty Care,16,420,29,3.61,0.91,True,True,Out-of-network,209,True,Hospital_3,4.83,East,1,0.99988925
P01904,Provider_1904,City_104,CA,36.9283,-119.2679,Ophthalmology,Neurology,Specialty Care,30,180,38,1.55,0.71,True,False,In-network,156,True,Hospital_4,4.68,North,1,0.99988866
P01905,Provider_1905,City_105,NY,43.4994,-74.0179,ENT,Psychiatry,Specialty Care,4,220,35,4.12,0.57,False,False,In-network,206,False,Hospital_5,1.41,North,1,0.9995641
P01906,Provider_1906,City_106,GA,32.4156,-82.6501,Neurology,Dermatology,Specialty Care,31,450,55,3.6,0.74,True,True,Out-of-network,316,False,Hospital_6,4.01,North,1,0.9990753
P01907,Provider_1907,City_107,OH,40.7173,-82.6071,Pediatrics,Dermatology,Primary Care,13,150,20,1.8,0.69,False,False,Out-of-network,143,False,Hospital_7,3.65,West,1,0.99988866
P01908,Provider_1908,City_108,NY,43.6494,-73.8679,Psychiatry,Neurology,Specialty Care,32,250,24,4.36,0.15,True,False,In-network,472,True,Hospital_8,2.94,South,1,0.9997298
P01909,Provider_1909,City_109,CA,37.1783,-119.0179,Endocrinology,Pediatrics,Specialty Care,3,400,27,2.4,0.3,True,True,Out-of-network,188,True,Hospital_9,1.83,West,1,0.99945515
P01910,Provider_1910,City_110,NC,36.2096,-78.5693,Gastroenterology,Dermatology,Specialty Care,21,420,20,2.58,0.87,True,False,In-network,91,False,Hospital_10,4.27,North,1,0.99988866
P01911,Provider_1911,City_111,GA,32.1656,-82.9001,Cardiology,Psychiatry,Specialty Care,10,500,50,1.01,1.0,True,False,In-network,133,True,Hospital_11,3.25,West,1,0.9991364
P01912,Provider_1912,City_112,NC,35.8096,-78.9693,ENT,Orthopedics,Specialty Care,34,220,26,1.92,0.34,True,True,In-network,324,False,Hospital_12,3.04,West,1,0.999851
P01913,Provider_1913,City_113,NV,38.9026,-116.3194,ENT,Cardiology,Specialty Care,7,220,25,2.39,0.22,True,True,Out-of-network,277,False,Hospital_13,3.74,East,1,0.99986184
P01914,Provider_1914,City_114,FL,28.1444,-81.6103,General Practice,Pediatrics,Primary Care,15,100,23,1.19,0.2,True,True,In-network,63,False,Hospital_14,4.23,East,1,0.9998615
P01915,Provider_1915,City_115,NC,35.9596,-78.8193,Ophthalmology,Ophthalmology,Specialty Care,15,180,22,4.47,0.89,False,False,Out-of-network,459,False,Hospital_15,3.01,North,1,0.9998808
P01916,Provider_1916,City_116,TX,32.2186,-99.6518,Cardiology,Cardiology,Specialty Care,5,500,42,2.62,0.26,True,True,In-network,178,False,Hospital_16,4.85,South,1,0.99892586
P01917,Provider_1917,City_117,WA,48.0511,-120.4401,Ophthalmology,Gastroenterology,Specialty Care,38,180,48,1.54,0.94,True,True,In-network,129,False,Hospital_17,1.16,West,1,0.99956197
P01918,Provider_1918,City_118,GA,32.5156,-82.5501,Orthopedics,Urology,Surgical,1,400,30,4.55,0.84,False,False,In-network,492,True,Hospital_18,3.9,North,1,0.9998808
P01919,Provider_1919,City_119,CA,37.1783,-119.0179,Gastroenterology,Urology,Specialty Care,22,420,58,2.03,0.63,False,False,In-network,214,False,Hospital_19,3.28,South,1,0.99988866
P01920,Provider_1920,City_120,NY,43.7494,-73.7679,Urology,Ophthalmology,Specialty Care,39,380,52,3.39,0.52,False,False,Out-of-network,107,False,Hospital_20,2.58,South,1,0.99970335
P01921,Provider_1921,City_121,MI,44.3148,-85.6024,Gastroenterology,Neurology,Specialty Care,13,420,5,2.7,0.25,False,False,Out-of-network,480,True,Hospital_21,4.26,West,1,0.999851
P01922,Provider_1922,City_122,GA,32.2156,-82.8501,Gastroenterology,Cardiology,Specialty Care,16,420,12,1.69,0.11,False,True,In-network,437,True,Hospital_22,3.8,West,1,0.999851
P01923,Provider_1923,City_123,OH,40.5173,-82.8071,Psychiatry,Gastroenterology,Specialty Care,30,250,42,4.37,0.66,True,True,Out-of-network,73,True,Hospital_23,3.59,North,1,0.99988925
P01924,Provider_1924,City_124,MI,44.4648,-85.4524,Dermatology,Orthopedics,Specialty Care,21,200,19,4.11,0.46,False,False,In-network,409,True,Hospital_24,2.19,East,1,0.9994167
P01925,Provider_1925,City_125,MI,44.5148,-85.4024,Urology,Ophthalmology,Specialty Care,5,380,47,4.71,0.64,False,False,In-network,303,True,Hospital_25,4.51,East,1,0.9998808
P01926,Provider_1926,City_126,CA,37.0283,-119.1679,ENT,Urology,Specialty Care,26,220,49,3.31,0.72,True,False,In-network,409,True,Hospital_26,3.51,North,1,0.9998808
P01927,Provider_1927,City_127,IL,40.9331,-89.0985,Psychiatry,Urology,Specialty Care,32,250,35,1.86,0.81,True,True,Out-of-network,357,False,Hospital_27,2.75,West,1,0.9997261
P01928,Provider_1928,City_128,WA,48.1011,-120.3901,Endocrinology,Urology,Specialty Care,26,400,39,2.83,0.54,False,True,Out-of-network,55,False,Hospital_28,1.35,East,1,0.99956197
P01929,Provider_1929,City_129,IL,41.0331,-88.9985,Dermatology,General Practice,Specialty Care,3,200,18,2.9,0.22,False,True,In-network,475,False,Hospital_29,2.53,West,1,0.9994137
P01930,Provider_1930,City_130,PA,41.6533,-76.7445,ENT,General Practice,Specialty Care,6,220,8,1.65,0.5,False,True,Out-of-network,82,False,Hospital_30,3.98,West,1,0.99988866
P01931,Provider_1931,City_131,MI,44.3148,-85.6024,Dermatology,Orthopedics,Specialty Care,22,200,59,4.27,0.36,True,False,Out-of-network,366,False,Hospital_31,1.18,North,1,0.9994167
P01932,Provider_1932,City_132,MI,44.3648,-85.5524,Neurology,Cardiology,Specialty Care,7,450,17,2.67,0.37,True,True,Out-of-network,166,True,Hospital_32,3.35,North,1,0.99892586
P01933,Provider_1933,City_133,MA,42.5072,-71.2824,Ophthalmology,Cardiology,Specialty Care,7,180,7,2.32,0.96,False,True,In-network,470,False,Hospital_33,4.36,West,1,0.9998802
P01934,Provider_1934,City_134,FL,28.1444,-81.6103,General Practice,Pediatrics,Primary Care,32,100,24,3.72,0.94,False,True,In-network,286,True,Hospital_34,4.4,West,1,0.9998808
P01935,Provider_1935,City_135,IL,40.8331,-89.1985,ENT,Urology,Specialty Care,31,220,35,2.99,0.03,False,False,Out-of-network,372,False,Hospital_35,1.25,South,1,0.9994137
P01936,Provider_1936,City_136,GA,32.4156,-82.6501,Pediatrics,General Practice,Primary Care,30,150,10,4.94,0.72,False,False,Out-of-network,142,False,Hospital_36,2.59,East,1,0.99970335
P01937,Provider_1937,City_137,GA,32.4656,-82.6001,Neurology,Gastroenterology,Specialty Care,5,450,12,2.05,0.57,False,True,Out-of-network,387,True,Hospital_37,4.22,East,1,0.9990707
P01938,Provider_1938,City_138,AZ,34.3989,-110.7437,Orthopedics,Dermatology,Surgical,34,400,7,1.56,0.9,False,True,In-network,278,True,Hospital_38,2.78,South,1,0.9997706
P01939,Provider_1939,City_139,CA,37.1783,-119.0179,Endocrinology,General Practice,Specialty Care,28,400,47,2.1,0.17,True,False,Out-of-network,303,True,Hospital_39,2.94,South,1,0.9997284
P01940,Provider_1940,City_140,GA,32.6156,-82.4501,Urology,General Practice,Specialty Care,1,380,51,1.2,0.33,True,True,Out-of-network,444,False,Hospital_40,4.77,West,1,0.999851
P01941,Provider_1941,City_141,NC,35.7596,-79.0193,Orthopedics,General Practice,Surgical,35,400,10,1.93,0.16,True,True,In-network,170,True,Hospital_41,1.0,East,1,0.99945515
P01942,Provider_1942,City_142,MI,44.3648,-85.5524,Gastroenterology,Pediatrics,Specialty Care,27,420,56,3.74,0.24,False,True,Out-of-network,75,False,Hospital_42,2.2,West,1,0.999458
P01943,Provider_1943,City_143,MA,42.5072,-71.2824,Orthopedics,Urology,Surgical,28,400,30,3.61,0.97,False,False,Out-of-network,68,True,Hospital_43,3.87,South,1,0.99988925
P01944,Provider_1944,City_144,NY,43.4494,-74.0679,Urology,Psychiatry,Specialty Care,30,380,20,2.78,0.59,True,True,In-network,473,True,Hospital_44,4.05,West,1,0.9998802
P01945,Provider_1945,City_145,OH,40.6173,-82.7071,Endocrinology,Psychiatry,Specialty Care,20,400,57,1.85,0.8,True,False,In-network,167,True,Hospital_45,2.35,North,1,0.99956197
P01946,Provider_1946,City_146,PA,41.4533,-76.9445,Ophthalmology,Orthopedics,Specialty Care,20,180,37,3.36,0.76,False,True,Out-of-network,111,True,Hospital_46,3.47,North,1,0.99988925
P01947,Provider_1947,City_147,GA,32.4656,-82.6001,Psychiatry,Dermatology,Specialty Care,3,250,60,2.98,0.99,False,False,Out-of-network,160,False,Hospital_47,2.97,West,1,0.9998276
P01948,Provider_1948,City_148,AZ,34.3989,-110.7437,Gastroenterology,General Practice,Specialty Care,16,420,15,4.82,0.41,True,False,In-network,118,True,Hospital_48,1.76,East,1,0.999458
P01949,Provider_1949,City_149,FL,28.3944,-81.3603,Pediatrics,Endocrinology,Primary Care,15,150,50,4.04,0.83,True,True,In-network,229,False,Hospital_49,3.63,East,1,0.99988925
P01950,Provider_1950,City_150,GA,32.6156,-82.4501,Cardiology,General Practice,Specialty Care,28,500,27,4.49,0.02,False,True,Out-of-network,231,False,Hospital_50,1.66,West,0,0.002289136
P01951,Provider_1951,City_151,NY,43.2994,-74.2179,ENT,Psychiatry,Specialty Care,7,220,44,3.86,0.74,True,False,Out-of-network,55,False,Hospital_51,2.64,East,1,0.99970335
P01952,Provider_1952,City_152,CO,39.6001,-105.7321,Urology,Ophthalmology,Specialty Care,19,380,8,2.78,0.09,True,False,Out-of-network,149,True,Hospital_52,3.66,South,1,0.9998615
P01953,Provider_1953,City_153,FL,28.0944,-81.6603,Ophthalmology,Cardiology,Specialty Care,28,180,59,4.58,0.64,True,True,Out-of-network,185,False,Hospital_53,1.65,West,1,0.9995641
P01954,Provider_1954,City_154,IL,40.7831,-89.2485,Urology,Endocrinology,Specialty Care,26,380,8,3.57,0.48,True,False,Out-of-network,368,True,Hospital_54,2.92,East,1,0.99978274
P01955,Provider_1955,City_155,NY,43.4994,-74.0179,Gastroenterology,Dermatology,Specialty Care,25,420,34,3.78,0.83,True,False,Out-of-network,276,False,Hospital_55,1.78,West,1,0.9995652
P01956,Provider_1956,City_156,OH,40.6673,-82.6571,ENT,General Practice,Specialty Care,31,220,21,1.51,0.31,False,True,Out-of-network,90,False,Hospital_56,1.35,North,1,0.99945515
P01957,Provider_1957,City_157,MI,44.6148,-85.3024,ENT,Ophthalmology,Specialty Care,30,220,34,2.32,0.93,True,False,Out-of-network,225,True,Hospital_57,2.67,North,1,0.9997018
P01958,Provider_1958,City_158,GA,32.5156,-82.5501,Pediatrics,Neurology,Primary Care,26,150,34,4.87,0.76,False,False,Out-of-network,385,False,Hospital_58,4.05,North,1,0.9998808
P01959,Provider_1959,City_159,NV,39.2026,-116.0194,Psychiatry,Orthopedics,Specialty Care,3,250,29,3.08,0.15,True,False,Out-of-network,92,True,Hospital_59,4.54,South,1,0.9998622
P01960,Provider_1960,City_160,FL,28.4444,-81.3103,Ophthalmology,Pediatrics,Specialty Care,17,180,44,3.55,0.28,True,False,In-network,89,True,Hospital_60,1.22,North,1,0.999458
P01961,Provider_1961,City_161,MI,44.3148,-85.6024,Ophthalmology,Orthopedics,Specialty Care,36,180,49,1.14,0.67,True,True,In-network,479,False,Hospital_61,3.89,North,1,0.9998802
P01962,Provider_1962,City_162,MI,44.3648,-85.5524,Cardiology,Dermatology,Specialty Care,10,500,50,1.62,0.88,False,True,In-network,450,True,Hospital_62,1.15,South,0,0.0026315362
P01963,Provider_1963,City_163,WA,47.8511,-120.6401,Dermatology,Neurology,Specialty Care,16,200,35,3.3,0.72,True,True,In-network,497,True,Hospital_63,4.88,South,1,0.9998808
P01964,Provider_1964,City_164,OH,40.5673,-82.7571,Ophthalmology,Cardiology,Specialty Care,22,180,33,2.69,0.85,False,False,Out-of-network,448,False,Hospital_64,3.33,East,1,0.9998802
P01965,Provider_1965,City_165,IL,40.8331,-89.1985,Pediatrics,Dermatology,Primary Care,22,150,16,1.99,0.16,False,False,In-network,205,False,Hospital_65,1.12,South,1,0.99945515
P01966,Provider_1966,City_166,TX,32.2186,-99.6518,Psychiatry,Gastroenterology,Specialty Care,10,250,52,3.98,0.28,True,True,Out-of-network,366,True,Hospital_66,2.86,North,1,0.9997298
P01967,Provider_1967,City_167,FL,28.2944,-81.4603,General Practice,Cardiology,Primary Care,6,100,47,3.68,0.97,False,False,Out-of-network,144,True,Hospital_67,2.13,South,1,0.9995641
P01968,Provider_1968,City_168,GA,32.5156,-82.5501,ENT,ENT,Specialty Care,29,220,12,2.28,0.08,True,True,In-network,329,True,Hospital_68,2.95,West,1,0.9997693
P01969,Provider_1969,City_169,IL,41.0331,-88.9985,Ophthalmology,Psychiatry,Specialty Care,36,180,42,2.55,0.79,True,True,In-network,426,True,Hospital_69,4.73,East,1,0.9998802
P01970,Provider_1970,City_170,MA,42.8572,-70.9324,Neurology,General Practice,Specialty Care,38,450,9,1.0,0.67,True,False,In-network,64,True,Hospital_70,1.15,West,0,0.0028312707
P01971,Provider_1971,City_171,AZ,34.0489,-111.0937,Ophthalmology,Orthopedics,Specialty Care,32,180,7,2.67,0.36,True,False,Out-of-network,300,True,Hospital_71,4.68,West,1,0.999851
P01972,Provider_1972,City_172,IL,40.6831,-89.3485,Orthopedics,Neurology,Surgical,32,400,59,1.81,0.51,False,False,Out-of-network,402,True,Hospital_72,1.89,North,1,0.99952865
P01973,Provider_1973,City_173,TX,32.0686,-99.8018,Ophthalmology,Urology,Specialty Care,15,180,11,3.39,0.78,True,True,Out-of-network,60,False,Hospital_73,3.06,East,1,0.99988925
P01974,Provider_1974,City_174,MI,44.4648,-85.4524,Psychiatry,Gastroenterology,Specialty Care,1,250,31,4.88,0.76,False,False,Out-of-network,449,False,Hospital_74,2.95,South,1,0.9998155
P01975,Provider_1975,City_175,MI,44.5148,-85.4024,Neurology,Orthopedics,Specialty Care,9,450,11,4.67,0.98,False,True,Out-of-network,60,False,Hospital_75,2.26,West,0,0.0028457039
P01976,Provider_1976,City_176,OH,40.6673,-82.6571,General Practice,ENT,Primary Care,20,100,21,4.0,0.19,False,False,Out-of-network,267,True,Hospital_76,3.62,North,1,0.9998622
P01977,Provider_1977,City_177,MI,44.6148,-85.3024,General Practice,General Practice,Primary Care,25,100,16,3.16,0.75,True,False,Out-of-network,193,False,Hospital_77,3.24,North,1,0.99988925
P01978,Provider_1978,City_178,MA,42.7572,-71.0324,Orthopedics,Gastroenterology,Surgical,8,400,53,2.82,0.23,False,False,In-network,73,True,Hospital_78,3.18,West,1,0.9998615
P01979,Provider_1979,City_179,NY,43.6994,-73.8179,General Practice,Cardiology,Primary Care,21,100,55,2.35,0.12,False,True,Out-of-network,169,True,Hospital_79,3.16,South,1,0.9998615
P01980,Provider_1980,City_180,CA,37.2283,-118.9679,Endocrinology,Gastroenterology,Specialty Care,14,400,52,2.28,0.35,False,False,In-network,115,True,Hospital_80,3.08,East,1,0.9998615
P01981,Provider_1981,City_181,MI,44.3148,-85.6024,Urology,Pediatrics,Specialty Care,11,380,21,2.99,0.41,False,False,In-network,246,True,Hospital_81,1.28,North,1,0.99945515
P01982,Provider_1982,City_182,AZ,34.0989,-111.0437,Psychiatry,Neurology,Specialty Care,14,250,60,4.46,0.82,True,False,In-network,309,False,Hospital_82,3.8,East,1,0.9998808
P01983,Provider_1983,City_183,OH,40.5173,-82.8071,Psychiatry,Gastroenterology,Specialty Care,34,250,9,4.14,0.66,True,True,In-network,89,True,Hospital_83,1.97,South,1,0.9995641
P01984,Provider_1984,City_184,NV,38.9526,-116.2694,ENT,Pediatrics,Specialty Care,15,220,13,2.8,0.52,False,True,Out-of-network,439,True,Hospital_84,2.2,East,1,0.99952865
P01985,Provider_1985,City_185,CO,39.7501,-105.5821,Psychiatry,Gastroenterology,Specialty Care,34,250,53,1.22,0.65,False,True,In-network,267,False,Hospital_85,2.39,East,1,0.99956197
P01986,Provider_1986,City_186,GA,32.4156,-82.6501,Cardiology,ENT,Specialty Care,7,500,55,1.08,0.08,True,True,Out-of-network,341,False,Hospital_86,1.01,South,0,0.0021167668
P01987,Provider_1987,City_187,MI,44.6148,-85.3024,Psychiatry,Neurology,Specialty Care,14,250,38,4.05,0.81,True,True,Out-of-network,86,False,Hospital_87,4.26,East,1,0.99988925
P01988,Provider_1988,City_188,NV,39.1526,-116.0694,Orthopedics,ENT,Surgical,33,400,47,2.49,0.06,True,False,Out-of-network,304,True,Hospital_88,3.29,North,1,0.999851
P01989,Provider_1989,City_189,MA,42.8072,-70.9824,ENT,Urology,Specialty Care,20,220,29,2.49,0.18,True,True,Out-of-network,115,True,Hospital_89,4.74,East,1,0.9998615
P01990,Provider_1990,City_190,CO,40.0001,-105.3321,Dermatology,Neurology,Specialty Care,6,200,11,2.5,0.82,False,False,Out-of-network,179,True,Hospital_90,1.26,East,1,0.99956197
P01991,Provider_1991,City_191,NY,43.2994,-74.2179,Ophthalmology,Neurology,Specialty Care,32,180,46,3.88,0.3,False,True,Out-of-network,261,True,Hospital_91,1.61,West,1,0.999458
P01992,Provider_1992,City_192,PA,41.2533,-77.1445,Dermatology,ENT,Specialty Care,33,200,12,2.6,0.36,True,False,In-network,82,True,Hospital_92,2.89,East,1,0.9997477
P01993,Provider_1993,City_193,NV,38.9026,-116.3194,Gastroenterology,Dermatology,Specialty Care,23,420,15,3.31,0.86,True,True,Out-of-network,282,False,Hospital_93,1.37,North,1,0.9995652
P01994,Provider_1994,City_194,FL,28.1444,-81.6103,Dermatology,Orthopedics,Specialty Care,30,200,16,3.68,0.37,True,False,Out-of-network,455,True,Hospital_94,2.38,South,1,0.9994167
P01995,Provider_1995,City_195,GA,32.3656,-82.7001,Dermatology,Pediatrics,Specialty Care,27,200,36,1.84,0.67,False,True,In-network,294,True,Hospital_95,3.95,South,1,0.9998802
P01996,Provider_1996,City_196,OH,40.6673,-82.6571,Cardiology,Ophthalmology,Specialty Care,5,500,60,4.08,0.77,False,True,In-network,90,True,Hospital_96,4.58,West,1,0.9991406
P01997,Provider_1997,City_197,MI,44.6148,-85.3024,Pediatrics,Neurology,Primary Care,1,150,23,2.46,0.66,False,False,Out-of-network,242,False,Hospital_97,3.04,South,1,0.99988866
P01998,Provider_1998,City_198,NY,43.6494,-73.8679,ENT,Pediatrics,Specialty Care,1,220,19,1.98,0.31,False,False,In-network,475,True,Hospital_98,3.71,West,1,0.999851
P01999,Provider_1999,City_199,MA,42.8072,-70.9824,Dermatology,ENT,Specialty Care,37,200,56,4.76,0.45,False,False,In-network,332,False,Hospital_99,3.31,North,1,0.9998517
P02000,Provider_2000,City_200,GA,32.6156,-82.4501,Psychiatry,Ophthalmology,Specialty Care,10,250,17,4.76,0.43,False,True,Out-of-network,57,True,Hospital_100,2.83,South,1,0.9997155
P02001,Provider_2001,City_1,NY,43.2994,-74.2179,General Practice,Pediatrics,Primary Care,3,100,45,2.35,0.21,False,True,In-network,260,False,Hospital_1,4.14,North,1,0.9998615
P02002,Provider_2002,City_2,WA,47.8011,-120.6901,Neurology,Gastroenterology,Specialty Care,35,450,27,4.88,0.81,False,True,Out-of-network,335,True,Hospital_2,2.68,East,0,0.0047433088
P02003,Provider_2003,City_3,MA,42.5072,-71.2824,Gastroenterology,Dermatology,Specialty Care,38,420,53,3.69,0.72,False,False,In-network,69,False,Hospital_3,4.04,West,1,0.99988925
P02004,Provider_2004,City_4,IL,40.7831,-89.2485,ENT,ENT,Specialty Care,37,220,12,4.19,0.92,True,False,In-network,104,False,Hospital_4,1.91,East,1,0.9995641
P02005,Provider_2005,City_5,CO,39.7501,-105.5821,Urology,Gastroenterology,Specialty Care,19,380,55,1.54,0.03,True,True,Out-of-network,277,False,Hospital_5,1.3,North,1,0.99945647
P02006,Provider_2006,City_6,CO,39.8001,-105.5321,Pediatrics,Psychiatry,Primary Care,12,150,22,2.38,0.69,False,True,In-network,131,True,Hospital_6,4.67,North,1,0.99988866
P02007,Provider_2007,City_7,NC,36.0596,-78.7193,Gastroenterology,Endocrinology,Specialty Care,4,420,25,4.31,0.61,False,True,In-network,268,True,Hospital_7,1.93,North,1,0.9995641
P02008,Provider_2008,City_8,NC,36.1096,-78.6693,Endocrinology,Urology,Specialty Care,5,400,19,2.24,0.8,True,False,In-network,182,False,Hospital_8,4.08,East,1,0.99988866
P02009,Provider_2009,City_9,CA,37.1783,-119.0179,Cardiology,Psychiatry,Specialty Care,27,500,35,1.13,0.83,False,True,Out-of-network,56,False,Hospital_9,3.32,East,1,0.9991364
P02010,Provider_2010,City_10,PA,41.6533,-76.7445,Ophthalmology,Gastroenterology,Specialty Care,1,180,7,4.21,0.11,True,False,Out-of-network,128,False,Hospital_10,4.52,West,1,0.9998622
P02011,Provider_2011,City_11,FL,27.9944,-81.7603,Gastroenterology,Orthopedics,Specialty Care,31,420,32,3.55,0.96,True,True,Out-of-network,286,False,Hospital_11,2.69,North,1,0.99970275
P02012,Provider_2012,City_12,NY,43.3494,-74.1679,Orthopedics,Dermatology,Surgical,27,400,59,1.79,0.99,True,False,Out-of-network,452,True,Hospital_12,3.87,West,1,0.9998802
P02013,Provider_2013,City_13,GA,32.2656,-82.8001,Gastroenterology,Psychiatry,Specialty Care,37,420,8,3.6,0.44,True,False,Out-of-network,242,False,Hospital_13,2.64,East,1,0.99963105
P02014,Provider_2014,City_14,CO,39.7001,-105.6321,ENT,Orthopedics,Specialty Care,30,220,31,1.65,0.33,True,True,In-network,324,True,Hospital_14,3.18,East,1,0.999851
P02015,Provider_2015,City_15,PA,41.4033,-76.9945,Psychiatry,General Practice,Specialty Care,33,250,15,2.04,0.99,False,True,In-network,258,False,Hospital_15,1.98,East,1,0.99956197
P02016,Provider_2016,City_16,NV,39.0526,-116.1694,ENT,ENT,Specialty Care,34,220,47,3.5,0.16,True,True,Out-of-network,311,True,Hospital_16,3.97,North,1,0.9998517
P02017,Provider_2017,City_17,PA,41.5033,-76.8945,Cardiology,Neurology,Specialty Care,33,500,6,2.78,0.12,False,True,In-network,98,False,Hospital_17,2.54,North,0,0.002277519
P02018,Provider_2018,City_18,MA,42.7572,-71.0324,Endocrinology,Urology,Specialty Care,21,400,36,4.0,0.68,False,True,In-network,181,True,Hospital_18,2.48,North,1,0.9995641
P02019,Provider_2019,City_19,FL,28.3944,-81.3603,Neurology,Endocrinology,Specialty Care,25,450,9,3.31,0.36,True,False,Out-of-network,303,False,Hospital_19,3.21,East,1,0.9988501
P02020,Provider_2020,City_20,NC,36.2096,-78.5693,Urology,Ophthalmology,Specialty Care,14,380,6,4.68,0.71,False,False,In-network,381,False,Hospital_20,1.73,East,1,0.99953103
P02021,Provider_2021,City_21,NV,38.8026,-116.4194,ENT,Endocrinology,Specialty Care,8,220,37,4.89,0.59,True,False,In-network,293,True,Hospital_21,3.92,East,1,0.9998808
P02022,Provider_2022,City_22,MI,44.3648,-85.5524,Psychiatry,Dermatology,Specialty Care,26,250,7,2.75,0.12,True,True,In-network,420,True,Hospital_22,1.22,South,1,0.9994137
P02023,Provider_2023,City_23,WA,47.8511,-120.6401,Endocrinology,Gastroenterology,Specialty Care,1,400,23,2.91,0.37,False,False,Out-of-network,373,True,Hospital_23,2.23,West,1,0.9994137
P02024,Provider_2024,City_24,GA,32.3156,-82.7501,Orthopedics,General Practice,Surgical,20,400,23,3.3,0.74,False,True,In-network,268,False,Hospital_24,4.15,North,1,0.99988925
P02025,Provider_2025,City_25,WA,47.9511,-120.5401,Psychiatry,Ophthalmology,Specialty Care,26,250,8,3.91,0.0,True,False,In-network,141,False,Hospital_25,1.09,South,1,0.999458
P02026,Provider_2026,City_26,NC,36.0096,-78.7693,Urology,Neurology,Specialty Care,15,380,40,4.31,0.48,False,True,In-network,220,False,Hospital_26,4.49,West,1,0.99988925
P02027,Provider_2027,City_27,PA,41.5033,-76.8945,Endocrinology,Orthopedics,Specialty Care,11,400,16,4.34,0.4,True,True,In-network,309,False,Hospital_27,3.92,North,1,0.9998517
P02028,Provider_2028,City_28,AZ,34.3989,-110.7437,Pediatrics,Gastroenterology,Primary Care,36,150,50,4.12,0.99,True,False,In-network,467,False,Hospital_28,1.56,West,1,0.99953103
P02029,Provider_2029,City_29,CO,39.9501,-105.3821,Pediatrics,Pediatrics,Primary Care,3,150,34,1.59,0.86,True,False,Out-of-network,444,False,Hospital_29,3.62,East,1,0.9998802
P02030,Provider_2030,City_30,WA,48.2011,-120.2901,General Practice,Orthopedics,Primary Care,36,100,51,4.41,0.61,True,True,Out-of-network,223,False,Hospital_30,4.36,East,1,0.99988925
P02031,Provider_2031,City_31,NY,43.2994,-74.2179,Endocrinology,Orthopedics,Specialty Care,8,400,58,1.05,0.91,True,True,Out-of-network,292,False,Hospital_31,3.5,East,1,0.9998802
P02032,Provider_2032,City_32,NV,38.8526,-116.3694,Psychiatry,ENT,Specialty Care,16,250,46,1.35,0.01,False,True,Out-of-network,308,True,Hospital_32,2.16,North,1,0.9994137
P02033,Provider_2033,City_33,TX,32.0686,-99.8018,Psychiatry,Urology,Specialty Care,13,250,25,4.46,0.02,True,False,In-network,400,False,Hospital_33,3.6,North,1,0.9998517
P02034,Provider_2034,City_34,WA,47.9011,-120.5901,Urology,Neurology,Specialty Care,32,380,50,1.92,0.66,False,True,Out-of-network,471,False,Hospital_34,2.86,South,1,0.99978167
P02035,Provider_2035,City_35,IL,40.8331,-89.1985,Orthopedics,Cardiology,Surgical,7,400,33,1.49,0.66,True,False,Out-of-network,476,True,Hospital_35,3.49,West,1,0.9998802
P02036,Provider_2036,City_36,NC,36.0096,-78.7693,Urology,Ophthalmology,Specialty Care,37,380,50,2.03,0.69,True,False,In-network,238,False,Hospital_36,3.47,East,1,0.99988866
P02037,Provider_2037,City_37,NY,43.5994,-73.9179,Neurology,Orthopedics,Specialty Care,33,450,26,3.65,0.67,True,True,In-network,451,True,Hospital_37,4.33,West,1,0.9990753
P02038,Provider_2038,City_38,IL,40.9831,-89.0485,Urology,Dermatology,Specialty Care,4,380,23,4.7,0.21,True,True,In-network,195,False,Hospital_38,3.32,North,1,0.9998622
P02039,Provider_2039,City_39,IL,41.0331,-88.9985,Endocrinology,Cardiology,Specialty Care,34,400,10,3.45,0.75,False,True,Out-of-network,295,True,Hospital_39,4.2,East,1,0.9998808
P02040,Provider_2040,City_40,MA,42.8572,-70.9324,Gastroenterology,Cardiology,Specialty Care,19,420,49,4.41,0.43,False,True,In-network,396,True,Hospital_40,2.8,South,1,0.9996939
P02041,Provider_2041,City_41,NY,43.2994,-74.2179,Cardiology,Ophthalmology,Specialty Care,26,500,10,4.37,0.23,False,True,Out-of-network,360,True,Hospital_41,4.31,North,1,0.9988501
P02042,Provider_2042,City_42,AZ,34.0989,-111.0437,Pediatrics,Psychiatry,Primary Care,9,150,12,3.29,0.59,False,True,Out-of-network,194,False,Hospital_42,2.85,West,1,0.9997713
P02043,Provider_2043,City_43,IL,40.7331,-89.2985,General Practice,Pediatrics,Primary Care,15,100,20,2.61,0.06,True,True,In-network,152,True,Hospital_43,3.9,South,1,0.9998615
P02044,Provider_2044,City_44,IL,40.7831,-89.2485,Cardiology,Orthopedics,Specialty Care,40,500,6,1.12,0.43,False,False,In-network,152,False,Hospital_44,1.11,South,0,0.002277519
P02045,Provider_2045,City_45,WA,47.9511,-120.5401,ENT,Ophthalmology,Specialty Care,22,220,34,2.78,0.83,False,False,Out-of-network,443,False,Hospital_45,2.49,South,1,0.99952865
P02046,Provider_2046,City_46,AZ,34.2989,-110.8437,Neurology,Pediatrics,Specialty Care,32,450,7,2.79,0.88,True,True,Out-of-network,132,False,Hospital_46,3.05,North,1,0.9991364
P02047,Provider_2047,City_47,CA,37.0783,-119.1179,ENT,Psychiatry,Specialty Care,28,220,32,4.3,0.13,False,False,In-network,488,False,Hospital_47,3.53,West,1,0.9998517
P02048,Provider_2048,City_48,OH,40.7673,-82.5571,ENT,Gastroenterology,Specialty Care,39,220,40,4.57,0.49,False,True,Out-of-network,95,True,Hospital_48,1.46,East,1,0.9995641
P02049,Provider_2049,City_49,MA,42.8072,-70.9824,Endocrinology,Orthopedics,Specialty Care,36,400,20,3.55,0.03,False,True,In-network,269,False,Hospital_49,3.21,West,1,0.9998622
P02050,Provider_2050,City_50,WA,48.2011,-120.2901,Endocrinology,Ophthalmology,Specialty Care,15,400,51,1.67,0.9,True,False,In-network,353,False,Hospital_50,1.12,East,1,0.99952865
P02051,Provider_2051,City_51,FL,27.9944,-81.7603,Ophthalmology,Orthopedics,Specialty Care,39,180,47,4.05,0.12,False,True,Out-of-network,156,True,Hospital_51,1.24,East,1,0.999458
P02052,Provider_2052,City_52,GA,32.2156,-82.8501,Neurology,ENT,Specialty Care,23,450,9,3.52,0.26,False,True,In-network,220,False,Hospital_52,3.8,West,1,0.99893135
P02053,Provider_2053,City_53,NY,43.3994,-74.1179,ENT,Psychiatry,Specialty Care,6,220,41,4.05,0.03,False,True,In-network,257,False,Hospital_53,3.28,North,1,0.9998622
P02054,Provider_2054,City_54,CO,39.7001,-105.6321,Neurology,Psychiatry,Specialty Care,11,450,7,1.77,0.75,True,False,Out-of-network,398,False,Hospital_54,4.89,South,1,0.9990707
P02055,Provider_2055,City_55,TX,32.1686,-99.7018,Urology,Urology,Specialty Care,27,380,10,3.01,0.74,False,False,Out-of-network,134,True,Hospital_55,3.16,West,1,0.99989164
P02056,Provider_2056,City_56,WA,48.0011,-120.4901,Cardiology,Endocrinology,Specialty Care,19,500,21,3.72,0.95,False,True,In-network,103,True,Hospital_56,2.52,East,0,0.0028457039
P02057,Provider_2057,City_57,NC,36.0596,-78.7193,Dermatology,Endocrinology,Specialty Care,38,200,15,4.14,0.24,False,True,Out-of-network,123,True,Hospital_57,1.45,South,1,0.999458
P02058,Provider_2058,City_58,NY,43.6494,-73.8679,Orthopedics,ENT,Surgical,30,400,33,3.43,0.43,True,False,In-network,180,True,Hospital_58,3.25,West,1,0.9998622
P02059,Provider_2059,City_59,PA,41.6033,-76.7945,Gastroenterology,Neurology,Specialty Care,29,420,15,2.23,0.3,True,False,Out-of-network,223,True,Hospital_59,3.02,West,1,0.9998615
P02060,Provider_2060,City_60,TX,32.4186,-99.4518,General Practice,Gastroenterology,Primary Care,10,100,21,2.44,0.23,False,True,Out-of-network,283,False,Hospital_60,2.38,North,1,0.99942243
P02061,Provider_2061,City_61,GA,32.1656,-82.9001,Endocrinology,Endocrinology,Specialty Care,16,400,55,4.91,0.79,False,False,Out-of-network,51,True,Hospital_61,1.95,South,1,0.9995641
P02062,Provider_2062,City_62,CO,39.6001,-105.7321,Orthopedics,Endocrinology,Surgical,6,400,21,4.24,0.54,False,False,Out-of-network,182,False,Hospital_62,1.79,South,1,0.9995641
P02063,Provider_2063,City_63,NC,35.8596,-78.9193,Ophthalmology,Gastroenterology,Specialty Care,1,180,19,4.09,0.38,False,True,In-network,230,True,Hospital_63,4.87,South,1,0.9998622
P02064,Provider_2064,City_64,AZ,34.1989,-110.9437,Pediatrics,Cardiology,Primary Care,16,150,40,2.24,0.04,True,True,Out-of-network,210,True,Hospital_64,3.5,South,1,0.9998615
P02065,Provider_2065,City_65,IL,40.8331,-89.1985,ENT,Endocrinology,Specialty Care,25,220,18,3.31,0.42,False,True,Out-of-network,371,False,Hospital_65,1.58,East,1,0.9994167
P02066,Provider_2066,City_66,IL,40.8831,-89.1485,Psychiatry,Dermatology,Specialty Care,6,250,11,3.87,0.63,False,True,Out-of-network,264,True,Hospital_66,1.21,North,1,0.9995641
P02067,Provider_2067,City_67,NV,39.1026,-116.1194,Gastroenterology,Ophthalmology,Specialty Care,30,420,45,4.99,0.18,True,True,In-network,112,True,Hospital_67,4.57,North,1,0.9998622
P02068,Provider_2068,City_68,PA,41.5533,-76.8445,Urology,General Practice,Specialty Care,5,380,13,1.92,0.44,False,False,Out-of-network,409,False,Hospital_68,3.73,South,1,0.999851
P02069,Provider_2069,City_69,FL,28.3944,-81.3603,Orthopedics,Pediatrics,Surgical,12,400,52,4.02,0.5,True,False,In-network,233,False,Hospital_69,3.16,East,1,0.99988925
P02070,Provider_2070,City_70,PA,41.6533,-76.7445,Pediatrics,Urology,Primary Care,30,150,46,3.31,0.65,True,False,Out-of-network,258,True,Hospital_70,2.92,West,1,0.9997981
P02071,Provider_2071,City_71,CA,36.7783,-119.4179,Psychiatry,General Practice,Specialty Care,6,250,54,1.44,0.43,False,False,In-network,370,True,Hospital_71,2.63,West,1,0.99960095
P02072,Provider_2072,City_72,IL,40.6831,-89.3485,Neurology,Endocrinology,Specialty Care,40,450,56,3.54,0.14,True,True,Out-of-network,95,False,Hospital_72,2.67,West,0,0.0033601804
P02073,Provider_2073,City_73,NV,38.9026,-116.3194,ENT,Gastroenterology,Specialty Care,34,220,6,1.08,0.57,True,True,Out-of-network,152,True,Hospital_73,2.59,West,1,0.9997018
P02074,Provider_2074,City_74,FL,28.1444,-81.6103,Orthopedics,Neurology,Surgical,18,400,59,1.33,0.11,False,False,Out-of-network,399,True,Hospital_74,1.24,East,1,0.9994137
P02075,Provider_2075,City_75,NY,43.4994,-74.0179,Psychiatry,Cardiology,Specialty Care,9,250,17,4.6,0.93,False,True,In-network,137,False,Hospital_75,1.57,North,1,0.9995641
P02076,Provider_2076,City_76,IL,40.8831,-89.1485,Urology,Orthopedics,Specialty Care,7,380,60,3.27,0.91,True,True,Out-of-network,189,False,Hospital_76,2.91,North,1,0.9997981
P02077,Provider_2077,City_77,FL,28.2944,-81.4603,Neurology,Orthopedics,Specialty Care,23,450,51,3.77,0.89,True,True,Out-of-network,481,False,Hospital_77,3.67,North,1,0.9990753
P02078,Provider_2078,City_78,NC,36.1096,-78.6693,Pediatrics,Dermatology,Primary Care,30,150,17,4.5,0.97,False,True,Out-of-network,135,False,Hospital_78,1.9,North,1,0.9995641
P02079,Provider_2079,City_79,NY,43.6994,-73.8179,Psychiatry,General Practice,Specialty Care,7,250,12,1.64,0.91,False,True,Out-of-network,478,True,Hospital_79,4.3,North,1,0.9998802
P02080,Provider_2080,City_80,MI,44.7648,-85.1524,General Practice,ENT,Primary Care,5,100,17,1.15,0.33,True,False,In-network,112,True,Hospital_80,3.54,South,1,0.9998615
P02081,Provider_2081,City_81,MI,44.3148,-85.6024,Psychiatry,Urology,Specialty Care,26,250,55,3.41,0.06,False,True,Out-of-network,322,False,Hospital_81,4.76,East,1,0.9998517
P02082,Provider_2082,City_82,NC,35.8096,-78.9693,Dermatology,ENT,Specialty Care,5,200,28,4.45,0.34,False,False,In-network,462,False,Hospital_82,3.28,West,1,0.9998517
P02083,Provider_2083,City_83,IL,40.7331,-89.2985,Ophthalmology,Neurology,Specialty Care,14,180,23,3.05,0.24,False,True,Out-of-network,86,True,Hospital_83,1.48,West,1,0.9994698
P02084,Provider_2084,City_84,NV,38.9526,-116.2694,General Practice,Psychiatry,Primary Care,12,100,22,4.25,0.88,True,False,In-network,496,False,Hospital_84,4.5,North,1,0.9998808
P02085,Provider_2085,City_85,NY,43.4994,-74.0179,Neurology,General Practice,Specialty Care,28,450,31,2.11,0.92,True,False,In-network,417,True,Hospital_85,1.3,North,0,0.0026315362
P02086,Provider_2086,City_86,NY,43.5494,-73.9679,Dermatology,Neurology,Specialty Care,39,200,11,4.57,0.16,True,False,Out-of-network,350,True,Hospital_86,4.47,South,1,0.9998517
P02087,Provider_2087,City_87,GA,32.4656,-82.6001,Orthopedics,Endocrinology,Surgical,37,400,16,4.28,0.37,True,True,In-network,410,False,Hospital_87,4.43,North,1,0.9998517
P02088,Provider_2088,City_88,NC,36.1096,-78.6693,Dermatology,Dermatology,Specialty Care,16,200,9,3.79,0.6,True,True,In-network,351,False,Hospital_88,1.63,West,1,0.99953103
P02089,Provider_2089,City_89,FL,28.3944,-81.3603,Pediatrics,Neurology,Primary Care,26,150,43,1.45,0.78,False,True,In-network,335,False,Hospital_89,2.64,South,1,0.9996792
P02090,Provider_2090,City_90,OH,40.8673,-82.4571,Urology,Orthopedics,Specialty Care,9,380,27,1.38,0.93,False,False,Out-of-network,479,False,Hospital_90,3.37,East,1,0.9998802
P02091,Provider_2091,City_91,MI,44.3148,-85.6024,Neurology,Cardiology,Specialty Care,39,450,8,2.28,0.83,False,False,In-network,165,False,Hospital_91,2.2,South,0,0.0028312707
P02092,Provider_2092,City_92,CA,36.8283,-119.3679,Orthopedics,ENT,Surgical,32,400,49,1.86,0.63,False,True,In-network,312,False,Hospital_92,3.52,South,1,0.9998802
P02093,Provider_2093,City_93,MA,42.5072,-71.2824,Orthopedics,Dermatology,Surgical,30,400,47,1.17,0.72,False,True,Out-of-network,207,True,Hospital_93,4.82,West,1,0.99988866
P02094,Provider_2094,City_94,IL,40.7831,-89.2485,Endocrinology,Cardiology,Specialty Care,12,400,57,4.5,0.12,False,False,In-network,326,True,Hospital_94,3.26,North,1,0.9998517
P02095,Provider_2095,City_95,GA,32.3656,-82.7001,Endocrinology,General Practice,Specialty Care,7,400,25,4.47,0.58,True,True,In-network,109,True,Hospital_95,1.49,South,1,0.9995641
P02096,Provider_2096,City_96,AZ,34.2989,-110.8437,Cardiology,ENT,Specialty Care,7,500,58,3.49,0.6,False,False,In-network,67,False,Hospital_96,3.71,West,1,0.9991406
P02097,Provider_2097,City_97,GA,32.4656,-82.6001,Cardiology,Ophthalmology,Specialty Care,3,500,60,4.73,0.54,True,False,Out-of-network,64,False,Hospital_97,3.76,East,1,0.9991406
P02098,Provider_2098,City_98,WA,48.1011,-120.3901,Urology,Psychiatry,Specialty Care,23,380,6,2.63,0.05,False,True,In-network,480,True,Hospital_98,3.24,North,1,0.999851
P02099,Provider_2099,City_99,FL,28.3944,-81.3603,Gastroenterology,General Practice,Specialty Care,32,420,59,4.76,0.81,True,True,In-network,242,False,Hospital_99,3.6,North,1,0.99988925
P02100,Provider_2100,City_100,CA,37.2283,-118.9679,ENT,Dermatology,Specialty Care,29,220,38,3.7,0.32,False,False,In-network,227,True,Hospital_100,3.46,East,1,0.9998622
P02101,Provider_2101,City_101,NY,43.2994,-74.2179,General Practice,Psychiatry,Primary Care,10,100,55,1.79,0.68,True,True,Out-of-network,199,False,Hospital_1,1.2,North,1,0.99956197
P02102,Provider_2102,City_102,WA,47.8011,-120.6901,General Practice,Cardiology,Primary Care,3,100,10,3.95,0.91,True,False,Out-of-network,380,True,Hospital_2,2.15,West,1,0.99953103
P02103,Provider_2103,City_103,PA,41.3033,-77.0945,Psychiatry,ENT,Specialty Care,27,250,26,3.96,0.09,False,True,In-network,277,True,Hospital_3,4.9,South,1,0.99986255
P02104,Provider_2104,City_104,WA,47.9011,-120.5901,Cardiology,Dermatology,Specialty Care,8,500,8,4.47,0.52,True,True,Out-of-network,447,False,Hospital_4,1.03,West,0,0.002644954
P02105,Provider_2105,City_105,CO,39.7501,-105.5821,Dermatology,Orthopedics,Specialty Care,8,200,20,1.38,0.07,True,True,Out-of-network,323,False,Hospital_5,1.68,East,1,0.9994137
P02106,Provider_2106,City_106,OH,40.6673,-82.6571,Ophthalmology,Neurology,Specialty Care,10,180,56,3.02,0.27,True,False,In-network,432,True,Hospital_6,1.11,North,1,0.9994295
P02107,Provider_2107,City_107,OH,40.7173,-82.6071,Neurology,General Practice,Specialty Care,15,450,20,2.38,0.16,True,False,Out-of-network,385,False,Hospital_7,2.05,North,0,0.0021167668
P02108,Provider_2108,City_108,NV,39.1526,-116.0694,ENT,Orthopedics,Specialty Care,19,220,29,1.11,0.74,True,True,In-network,268,False,Hospital_8,2.81,North,1,0.9997701
P02109,Provider_2109,City_109,CA,37.1783,-119.0179,ENT,Cardiology,Specialty Care,39,220,6,2.2,0.62,False,True,In-network,274,False,Hospital_9,4.11,South,1,0.9998889
P02110,Provider_2110,City_110,NY,43.7494,-73.7679,Orthopedics,Cardiology,Surgical,28,400,43,1.85,0.27,False,True,In-network,118,True,Hospital_10,3.82,West,1,0.9998615
P02111,Provider_2111,City_111,FL,27.9944,-81.7603,Ophthalmology,Dermatology,Specialty Care,15,180,14,2.62,0.31,False,False,Out-of-network,197,False,Hospital_11,3.26,South,1,0.9998615
P02112,Provider_2112,City_112,CO,39.6001,-105.7321,General Practice,Pediatrics,Primary Care,28,100,59,4.81,0.46,False,False,In-network,226,True,Hospital_12,3.48,East,1,0.9998622
P02113,Provider_2113,City_113,MA,42.5072,-71.2824,General Practice,Psychiatry,Primary Care,37,100,17,1.71,0.91,True,True,Out-of-network,381,True,Hospital_13,1.32,North,1,0.99952865
P02114,Provider_2114,City_114,OH,40.5673,-82.7571,Ophthalmology,Psychiatry,Specialty Care,35,180,51,2.67,0.83,False,False,Out-of-network,169,False,Hospital_14,4.17,West,1,0.99988866
P02115,Provider_2115,City_115,GA,32.3656,-82.7001,Ophthalmology,Ophthalmology,Specialty Care,6,180,30,2.34,0.37,True,True,In-network,176,True,Hospital_15,4.85,West,1,0.9998615
P02116,Provider_2116,City_116,MA,42.6572,-71.1324,Endocrinology,General Practice,Specialty Care,5,400,9,2.83,0.59,False,False,Out-of-network,315,True,Hospital_16,1.54,East,1,0.99952865
P02117,Provider_2117,City_117,PA,41.5033,-76.8945,Pediatrics,General Practice,Primary Care,20,150,58,1.93,0.47,True,True,Out-of-network,421,True,Hospital_17,4.95,North,1,0.999851
P02118,Provider_2118,City_118,AZ,34.3989,-110.7437,Dermatology,Endocrinology,Specialty Care,13,200,11,2.31,0.92,False,False,Out-of-network,133,False,Hospital_18,4.9,West,1,0.99988866
P02119,Provider_2119,City_119,MA,42.8072,-70.9824,Endocrinology,Dermatology,Specialty Care,8,400,13,3.7,0.63,True,True,In-network,154,False,Hospital_19,2.95,East,1,0.99982846
P02120,Provider_2120,City_120,MA,42.8572,-70.9324,General Practice,Pediatrics,Primary Care,12,100,41,4.16,0.69,False,False,Out-of-network,191,True,Hospital_20,2.01,East,1,0.9995641
P02121,Provider_2121,City_121,WA,47.7511,-120.7401,Orthopedics,Dermatology,Surgical,33,400,7,2.94,0.45,False,False,In-network,476,False,Hospital_21,3.89,West,1,0.999851
P02122,Provider_2122,City_122,NY,43.3494,-74.1679,ENT,Pediatrics,Specialty Care,2,220,25,1.74,0.32,True,True,In-network,174,False,Hospital_22,3.65,West,1,0.9998615
P02123,Provider_2123,City_123,NY,43.3994,-74.1179,Urology,Cardiology,Specialty Care,13,380,60,3.96,0.55,False,True,In-network,67,True,Hospital_23,2.5,South,1,0.9995641
P02124,Provider_2124,City_124,TX,32.1186,-99.7518,Psychiatry,Urology,Specialty Care,7,250,24,4.04,0.56,True,False,Out-of-network,399,False,Hospital_24,4.48,South,1,0.9998808
P02125,Provider_2125,City_125,NV,39.0026,-116.2194,Pediatrics,Psychiatry,Primary Care,32,150,28,2.34,0.2,True,True,In-network,163,True,Hospital_25,2.37,East,1,0.99945515
P02126,Provider_2126,City_126,TX,32.2186,-99.6518,Neurology,Dermatology,Specialty Care,34,450,53,2.31,0.81,True,True,In-network,184,True,Hospital_26,3.23,North,1,0.9991364
P02127,Provider_2127,City_127,NV,39.1026,-116.1194,ENT,ENT,Specialty Care,28,220,60,4.81,0.2,True,True,Out-of-network,115,False,Hospital_27,3.2,South,1,0.9998622
P02128,Provider_2128,City_128,MI,44.6648,-85.2524,ENT,Orthopedics,Specialty Care,15,220,29,3.58,0.27,False,True,In-network,304,False,Hospital_28,3.57,South,1,0.9998517
P02129,Provider_2129,City_129,MA,42.8072,-70.9824,Pediatrics,Endocrinology,Primary Care,24,150,35,2.21,0.34,False,True,In-network,147,True,Hospital_29,1.57,North,1,0.99945515
P02130,Provider_2130,City_130,GA,32.6156,-82.4501,Dermatology,Orthopedics,Specialty Care,30,200,55,4.01,0.47,True,False,In-network,494,False,Hospital_30,3.97,South,1,0.9998517
P02131,Provider_2131,City_131,TX,31.9686,-99.9018,Cardiology,ENT,Specialty Care,32,500,42,1.77,0.93,False,False,Out-of-network,248,False,Hospital_31,3.02,East,1,0.9991364
P02132,Provider_2132,City_132,MI,44.3648,-85.5524,Cardiology,Psychiatry,Specialty Care,11,500,19,3.71,0.82,True,False,Out-of-network,430,True,Hospital_32,2.57,South,0,0.0038818317
P02133,Provider_2133,City_133,MA,42.5072,-71.2824,ENT,Urology,Specialty Care,33,220,27,2.98,0.78,False,True,In-network,134,True,Hospital_33,1.79,North,1,0.99956197
P02134,Provider_2134,City_134,PA,41.3533,-77.0445,Endocrinology,Dermatology,Specialty Care,24,400,26,2.64,0.71,True,False,In-network,273,False,Hospital_34,4.04,West,1,0.9998889
P02135,Provider_2135,City_135,CO,39.7501,-105.5821,ENT,Cardiology,Specialty Care,13,220,49,4.06,0.77,True,True,In-network,210,True,Hospital_35,4.72,East,1,0.99988925
P02136,Provider_2136,City_136,NY,43.5494,-73.9679,Gastroenterology,ENT,Specialty Care,15,420,5,4.63,0.7,False,True,In-network,110,True,Hospital_36,3.02,South,1,0.99988925
P02137,Provider_2137,City_137,GA,32.4656,-82.6001,ENT,Endocrinology,Specialty Care,3,220,34,3.35,1.0,True,False,In-network,251,True,Hospital_37,4.98,West,1,0.99988925
P02138,Provider_2138,City_138,IL,40.9831,-89.0485,Dermatology,Neurology,Specialty Care,29,200,55,1.85,0.07,False,True,Out-of-network,72,False,Hospital_38,4.11,East,1,0.9998615
P02139,Provider_2139,City_139,OH,40.8173,-82.5071,Neurology,Neurology,Specialty Care,34,450,9,1.03,0.81,False,True,In-network,300,False,Hospital_39,2.85,West,0,0.009968886
P02140,Provider_2140,City_140,AZ,34.4989,-110.6437,Pediatrics,Psychiatry,Primary Care,14,150,24,2.08,0.19,False,True,In-network,160,False,Hospital_40,1.87,West,1,0.99945515
P02141,Provider_2141,City_141,FL,27.9944,-81.7603,Gastroenterology,Pediatrics,Specialty Care,10,420,58,1.95,0.45,True,True,Out-of-network,285,False,Hospital_41,2.29,West,1,0.9994137
P02142,Provider_2142,City_142,GA,32.2156,-82.8501,General Practice,Cardiology,Primary Care,23,100,25,3.63,0.31,False,False,In-network,259,False,Hospital_42,1.18,North,1,0.999458
P02143,Provider_2143,City_143,MI,44.4148,-85.5024,Cardiology,General Practice,Specialty Care,5,500,16,4.15,0.79,True,False,In-network,269,False,Hospital_43,3.23,East,1,0.9991406
P02144,Provider_2144,City_144,OH,40.5673,-82.7571,ENT,ENT,Specialty Care,6,220,43,1.81,0.93,False,True,Out-of-network,210,False,Hospital_44,3.96,South,1,0.99988866
P02145,Provider_2145,City_145,GA,32.3656,-82.7001,Endocrinology,Orthopedics,Specialty Care,29,400,11,4.56,0.37,True,True,Out-of-network,224,True,Hospital_45,3.58,South,1,0.9998622
P02146,Provider_2146,City_146,NY,43.5494,-73.9679,Psychiatry,ENT,Specialty Care,5,250,19,2.93,0.29,False,True,Out-of-network,196,True,Hospital_46,4.56,East,1,0.9998615
P02147,Provider_2147,City_147,CA,37.0783,-119.1179,Urology,Urology,Specialty Care,9,380,48,4.42,0.22,False,False,Out-of-network,124,True,Hospital_47,1.99,North,1,0.999458
P02148,Provider_2148,City_148,FL,28.3444,-81.4103,Urology,Pediatrics,Specialty Care,24,380,18,3.81,0.17,True,True,In-network,175,True,Hospital_48,2.11,South,1,0.999458
P02149,Provider_2149,City_149,AZ,34.4489,-110.6937,Orthopedics,Dermatology,Surgical,26,400,8,1.19,0.88,False,False,Out-of-network,285,True,Hospital_49,4.6,West,1,0.9998802
P02150,Provider_2150,City_150,CA,37.2283,-118.9679,General Practice,General Practice,Primary Care,23,100,23,4.68,0.89,False,True,In-network,472,True,Hospital_50,4.3,South,1,0.9998808
P02151,Provider_2151,City_151,NC,35.7596,-79.0193,Psychiatry,Psychiatry,Specialty Care,2,250,37,3.22,0.0,False,False,Out-of-network,212,False,Hospital_51,1.66,South,1,0.999458
P02152,Provider_2152,City_152,GA,32.2156,-82.8501,Neurology,Psychiatry,Specialty Care,31,450,14,2.61,0.06,True,False,In-network,201,False,Hospital_52,2.52,South,0,0.002277519
P02153,Provider_2153,City_153,CO,39.6501,-105.6821,Ophthalmology,General Practice,Specialty Care,20,180,51,3.12,0.14,True,True,In-network,175,True,Hospital_53,3.58,East,1,0.9998622
P02154,Provider_2154,City_154,TX,32.1186,-99.7518,Psychiatry,Orthopedics,Specialty Care,12,250,36,3.51,0.11,True,True,In-network,160,True,Hospital_54,2.81,South,1,0.9997155
P02155,Provider_2155,City_155,WA,47.9511,-120.5401,Dermatology,Orthopedics,Specialty Care,5,200,9,1.52,0.92,False,True,Out-of-network,197,True,Hospital_55,3.23,South,1,0.99988866
P02156,Provider_2156,City_156,CA,37.0283,-119.1679,Endocrinology,Urology,Specialty Care,20,400,12,2.18,0.35,True,False,In-network,123,True,Hospital_56,3.27,East,1,0.9998615
P02157,Provider_2157,City_157,NC,36.0596,-78.7193,Orthopedics,ENT,Surgical,7,400,36,4.45,0.37,False,False,Out-of-network,479,True,Hospital_57,4.97,West,1,0.9998517
P02158,Provider_2158,City_158,WA,48.1011,-120.3901,Ophthalmology,ENT,Specialty Care,27,180,10,3.38,0.76,False,False,Out-of-network,406,True,Hospital_58,2.8,North,1,0.9997539
P02159,Provider_2159,City_159,TX,32.3686,-99.5018,Neurology,Endocrinology,Specialty Care,6,450,9,3.99,0.6,False,True,In-network,344,False,Hospital_59,1.59,North,0,0.002644954
P02160,Provider_2160,City_160,AZ,34.4989,-110.6437,Cardiology,Neurology,Specialty Care,32,500,37,2.01,0.59,False,False,In-network,181,False,Hospital_60,4.68,East,1,0.9991364
P02161,Provider_2161,City_161,NV,38.8026,-116.4194,Urology,Urology,Specialty Care,34,380,21,1.19,0.58,True,False,Out-of-network,292,False,Hospital_61,2.19,North,1,0.99952865
P02162,Provider_2162,City_162,NV,38.8526,-116.3694,Ophthalmology,Gastroenterology,Specialty Care,4,180,53,1.83,0.54,True,True,In-network,285,True,Hospital_62,3.54,North,1,0.9998802
P02163,Provider_2163,City_163,CA,36.8783,-119.3179,Cardiology,Ophthalmology,Specialty Care,35,500,53,3.92,0.31,True,True,In-network,65,True,Hospital_63,3.39,West,1,0.99893135
P02164,Provider_2164,City_164,MA,42.5572,-71.2324,Orthopedics,Gastroenterology,Surgical,27,400,10,3.44,0.17,True,False,Out-of-network,203,False,Hospital_64,4.87,North,1,0.9998622
P02165,Provider_2165,City_165,NY,43.4994,-74.0179,Endocrinology,Psychiatry,Specialty Care,14,400,39,1.52,0.85,True,False,In-network,189,False,Hospital_65,3.25,South,1,0.99988866
P02166,Provider_2166,City_166,WA,48.0011,-120.4901,Psychiatry,Dermatology,Specialty Care,12,250,38,3.56,0.19,False,False,In-network,203,False,Hospital_66,4.2,North,1,0.9998622
P02167,Provider_2167,City_167,OH,40.7173,-82.6071,Pediatrics,Orthopedics,Primary Care,34,150,15,4.96,0.11,True,False,Out-of-network,345,True,Hospital_67,1.48,North,1,0.9994167
P02168,Provider_2168,City_168,GA,32.5156,-82.5501,Orthopedics,Cardiology,Surgical,9,400,51,4.08,0.67,False,False,Out-of-network,378,False,Hospital_68,2.15,West,1,0.99953103
P02169,Provider_2169,City_169,IL,41.0331,-88.9985,Neurology,ENT,Specialty Care,37,450,55,3.61,0.97,True,False,In-network,206,False,Hospital_69,2.13,South,0,0.0028457039
P02170,Provider_2170,City_170,MA,42.8572,-70.9324,Neurology,Endocrinology,Specialty Care,11,450,43,1.96,0.18,False,False,In-network,133,False,Hospital_70,3.32,West,1,0.99892586
P02171,Provider_2171,City_171,CA,36.7783,-119.4179,Neurology,Ophthalmology,Specialty Care,10,450,58,4.0,0.13,False,False,Out-of-network,186,False,Hospital_71,3.97,South,1,0.99893135
P02172,Provider_2172,City_172,NY,43.3494,-74.1679,Psychiatry,Ophthalmology,Specialty Care,5,250,43,3.4,0.58,False,False,Out-of-network,178,True,Hospital_72,1.45,West,1,0.9995641
P02173,Provider_2173,City_173,AZ,34.1489,-110.9937,General Practice,General Practice,Primary Care,9,100,42,3.62,0.69,True,False,Out-of-network,245,False,Hospital_73,2.59,East,1,0.99970335
P02174,Provider_2174,City_174,IL,40.7831,-89.2485,Psychiatry,General Practice,Specialty Care,10,250,58,1.33,0.54,True,True,Out-of-network,374,True,Hospital_74,2.93,West,1,0.99978167
P02175,Provider_2175,City_175,MA,42.6072,-71.1824,Orthopedics,Dermatology,Surgical,20,400,39,4.55,0.68,True,True,In-network,420,False,Hospital_75,1.02,North,1,0.99953103
P02176,Provider_2176,City_176,WA,48.0011,-120.4901,ENT,Neurology,Specialty Care,17,220,7,3.45,0.43,False,True,Out-of-network,292,False,Hospital_76,3.72,North,1,0.9998517
P02177,Provider_2177,City_177,CO,39.8501,-105.4821,General Practice,Urology,Primary Care,20,100,7,4.3,0.88,True,False,Out-of-network,395,True,Hospital_77,1.29,North,1,0.99953103
P02178,Provider_2178,City_178,FL,28.3444,-81.4103,Ophthalmology,Cardiology,Specialty Care,15,180,44,4.04,0.54,True,True,In-network,475,True,Hospital_78,1.93,West,1,0.99953103
P02179,Provider_2179,City_179,CO,39.9501,-105.3821,Cardiology,ENT,Specialty Care,5,500,27,1.75,0.59,True,False,Out-of-network,244,False,Hospital_79,1.26,East,0,0.0028312707
P02180,Provider_2180,City_180,AZ,34.4989,-110.6437,Gastroenterology,Orthopedics,Specialty Care,5,420,9,4.72,0.5,False,True,Out-of-network,362,False,Hospital_80,2.29,West,1,0.99953103
P02181,Provider_2181,City_181,CO,39.5501,-105.7821,Urology,Cardiology,Specialty Care,4,380,47,2.04,0.64,True,False,Out-of-network,113,False,Hospital_81,2.73,West,1,0.9997224
P02182,Provider_2182,City_182,NY,43.3494,-74.1679,General Practice,Ophthalmology,Primary Care,23,100,16,2.06,0.57,True,False,Out-of-network,326,False,Hospital_82,2.27,East,1,0.99952865
P02183,Provider_2183,City_183,MI,44.4148,-85.5024,Urology,Psychiatry,Specialty Care,27,380,44,4.26,0.78,False,False,Out-of-network,396,True,Hospital_83,1.5,North,1,0.99953103
P02184,Provider_2184,City_184,NY,43.4494,-74.0679,Endocrinology,Cardiology,Specialty Care,15,400,58,2.61,0.33,True,True,Out-of-network,336,True,Hospital_84,2.19,West,1,0.9994137
P02185,Provider_2185,City_185,PA,41.4033,-76.9945,Neurology,General Practice,Specialty Care,23,450,14,1.38,0.28,True,True,In-network,493,True,Hospital_85,2.7,West,0,0.0051241303
P02186,Provider_2186,City_186,NC,36.0096,-78.7693,General Practice,Dermatology,Primary Care,37,100,54,2.63,0.24,False,False,In-network,178,False,Hospital_86,3.89,South,1,0.9998615
P02187,Provider_2187,City_187,GA,32.4656,-82.6001,Endocrinology,General Practice,Specialty Care,25,400,57,1.76,0.52,False,True,Out-of-network,243,True,Hospital_87,2.83,South,1,0.9997701
P02188,Provider_2188,City_188,OH,40.7673,-82.5571,General Practice,Urology,Primary Care,14,100,16,2.54,0.05,False,True,Out-of-network,55,True,Hospital_88,4.21,East,1,0.9998615
P02189,Provider_2189,City_189,NC,36.1596,-78.6193,Pediatrics,General Practice,Primary Care,9,150,17,4.13,0.14,False,True,Out-of-network,201,True,Hospital_89,4.85,North,1,0.9998622
P02190,Provider_2190,City_190,CA,37.2283,-118.9679,General Practice,Gastroenterology,Primary Care,8,100,35,4.19,0.38,True,False,Out-of-network,381,False,Hospital_90,1.01,North,1,0.9994167
P02191,Provider_2191,City_191,NC,35.7596,-79.0193,General Practice,Dermatology,Primary Care,24,100,28,3.34,0.96,False,False,In-network,145,True,Hospital_91,1.31,West,1,0.9995641
P02192,Provider_2192,City_192,NV,38.8526,-116.3694,General Practice,Psychiatry,Primary Care,40,100,50,1.78,0.39,True,True,Out-of-network,369,False,Hospital_92,2.29,East,1,0.9994137
P02193,Provider_2193,City_193,GA,32.2656,-82.8001,Cardiology,Cardiology,Specialty Care,36,500,48,2.41,0.69,True,True,Out-of-network,471,True,Hospital_93,3.22,East,1,0.9990707
P02194,Provider_2194,City_194,AZ,34.1989,-110.9437,Psychiatry,Cardiology,Specialty Care,29,250,28,2.99,0.8,False,True,In-network,215,True,Hospital_94,3.55,East,1,0.99988866
P02195,Provider_2195,City_195,WA,47.9511,-120.5401,General Practice,Orthopedics,Primary Care,28,100,6,4.7,0.86,True,True,In-network,393,True,Hospital_95,3.88,West,1,0.9998808
P02196,Provider_2196,City_196,NY,43.5494,-73.9679,Ophthalmology,Ophthalmology,Specialty Care,21,180,59,4.08,0.43,True,False,In-network,378,False,Hospital_96,4.04,West,1,0.9998517
P02197,Provider_2197,City_197,CO,39.8501,-105.4821,Orthopedics,Pediatrics,Surgical,21,400,59,1.76,0.73,True,True,In-network,380,False,Hospital_97,3.41,North,1,0.9998802
P02198,Provider_2198,City_198,NY,43.6494,-73.8679,ENT,Pediatrics,Specialty Care,22,220,18,1.21,0.94,False,False,In-network,330,True,Hospital_98,4.04,West,1,0.9998802
P02199,Provider_2199,City_199,CA,37.1783,-119.0179,Urology,ENT,Specialty Care,13,380,27,2.42,0.17,True,False,In-network,273,False,Hospital_99,4.92,South,1,0.99986184
P02200,Provider_2200,City_200,MA,42.8572,-70.9324,Neurology,Pediatrics,Specialty Care,17,450,9,3.06,0.97,True,True,In-network,84,False,Hospital_100,2.9,South,0,0.016529294
P02201,Provider_2201,City_1,OH,40.4173,-82.9071,General Practice,General Practice,Primary Care,16,100,47,4.14,0.25,False,True,Out-of-network,186,True,Hospital_1,4.78,West,1,0.9998622
P02202,Provider_2202,City_2,WA,47.8011,-120.6901,Gastroenterology,ENT,Specialty Care,2,420,19,1.73,0.85,False,True,Out-of-network,225,False,Hospital_2,2.41,West,1,0.99956197
P02203,Provider_2203,City_3,TX,32.0686,-99.8018,Cardiology,Dermatology,Specialty Care,12,500,6,1.59,0.18,False,False,In-network,266,True,Hospital_3,3.7,East,1,0.99892586
P02204,Provider_2204,City_4,MI,44.4648,-85.4524,Dermatology,Cardiology,Specialty Care,17,200,50,1.31,0.44,False,True,Out-of-network,77,True,Hospital_4,1.25,East,1,0.99945515
P02205,Provider_2205,City_5,TX,32.1686,-99.7018,Neurology,Orthopedics,Specialty Care,19,450,44,1.7,0.45,True,False,Out-of-network,301,True,Hospital_5,2.88,East,0,0.012338628
P02206,Provider_2206,City_6,WA,48.0011,-120.4901,Psychiatry,Gastroenterology,Specialty Care,10,250,29,1.68,0.22,False,True,In-network,108,False,Hospital_6,1.18,South,1,0.99945515
P02207,Provider_2207,City_7,CO,39.8501,-105.4821,Gastroenterology,Orthopedics,Specialty Care,25,420,6,1.68,0.63,True,False,In-network,326,True,Hospital_7,4.97,West,1,0.9998802
P02208,Provider_2208,City_8,NC,36.1096,-78.6693,Pediatrics,Dermatology,Primary Care,8,150,60,1.8,0.32,True,True,Out-of-network,138,True,Hospital_8,4.84,West,1,0.9998615
P02209,Provider_2209,City_9,MA,42.8072,-70.9824,Gastroenterology,Ophthalmology,Specialty Care,28,420,44,3.07,0.73,True,True,In-network,284,True,Hospital_9,3.28,South,1,0.9998808
P02210,Provider_2210,City_10,NY,43.7494,-73.7679,Ophthalmology,ENT,Specialty Care,19,180,38,3.11,0.21,True,False,In-network,355,False,Hospital_10,3.32,West,1,0.9998517
P02211,Provider_2211,City_11,GA,32.1656,-82.9001,Ophthalmology,Dermatology,Specialty Care,30,180,39,1.98,0.36,False,True,Out-of-network,144,False,Hospital_11,3.49,South,1,0.9998615
P02212,Provider_2212,City_12,MA,42.4572,-71.3324,Endocrinology,Psychiatry,Specialty Care,22,400,55,2.71,0.92,True,False,In-network,61,True,Hospital_12,3.15,North,1,0.99988866
P02213,Provider_2213,City_13,MA,42.5072,-71.2824,Urology,Gastroenterology,Specialty Care,14,380,34,1.99,0.21,False,True,In-network,330,False,Hospital_13,1.42,West,1,0.9994137
P02214,Provider_2214,City_14,PA,41.3533,-77.0445,Pediatrics,Psychiatry,Primary Care,7,150,50,3.81,0.05,True,True,Out-of-network,329,False,Hospital_14,2.12,South,1,0.9994167
P02215,Provider_2215,City_15,NC,35.9596,-78.8193,Dermatology,Pediatrics,Specialty Care,20,200,42,4.14,0.99,False,False,In-network,470,True,Hospital_15,4.53,West,1,0.9998808
P02216,Provider_2216,City_16,IL,40.8831,-89.1485,Dermatology,Endocrinology,Specialty Care,31,200,59,3.95,0.17,False,False,Out-of-network,243,True,Hospital_16,2.43,West,1,0.999458
P02217,Provider_2217,City_17,WA,48.0511,-120.4401,ENT,Gastroenterology,Specialty Care,21,220,60,4.3,0.13,False,False,In-network,353,False,Hospital_17,3.22,East,1,0.9998517
P02218,Provider_2218,City_18,FL,28.3444,-81.4103,General Practice,Neurology,Primary Care,23,100,20,3.15,0.84,False,False,Out-of-network,75,False,Hospital_18,4.36,West,1,0.99988925
P02219,Provider_2219,City_19,NY,43.6994,-73.8179,Gastroenterology,Pediatrics,Specialty Care,30,420,51,4.26,0.6,False,True,Out-of-network,415,True,Hospital_19,1.0,West,1,0.99953103
P02220,Provider_2220,City_20,CO,40.0001,-105.3321,General Practice,Neurology,Primary Care,23,100,34,2.25,0.95,False,True,In-network,453,True,Hospital_20,4.9,North,1,0.9998802
P02221,Provider_2221,City_21,FL,27.9944,-81.7603,Gastroenterology,Ophthalmology,Specialty Care,2,420,44,1.86,0.09,True,False,In-network,103,True,Hospital_21,4.73,West,1,0.9998615
P02222,Provider_2222,City_22,GA,32.2156,-82.8501,Neurology,Cardiology,Specialty Care,20,450,10,2.05,0.81,False,False,In-network,64,True,Hospital_22,1.21,West,0,0.0028312707
P02223,Provider_2223,City_23,OH,40.5173,-82.8071,ENT,Cardiology,Specialty Care,21,220,59,3.06,0.01,True,True,In-network,274,True,Hospital_23,4.21,North,1,0.99986255
P02224,Provider_2224,City_24,CO,39.7001,-105.6321,Endocrinology,Psychiatry,Specialty Care,20,400,7,4.88,0.48,False,False,Out-of-network,299,True,Hospital_24,2.35,West,1,0.99953103
P02225,Provider_2225,City_25,CO,39.7501,-105.5821,General Practice,Endocrinology,Primary Care,9,100,16,1.65,0.17,False,False,In-network,63,True,Hospital_25,4.8,West,1,0.9998615
P02226,Provider_2226,City_26,PA,41.4533,-76.9445,Dermatology,Endocrinology,Specialty Care,3,200,17,4.06,0.49,True,False,Out-of-network,397,False,Hospital_26,3.38,North,1,0.9998808
P02227,Provider_2227,City_27,CA,37.0783,-119.1179,Orthopedics,Orthopedics,Surgical,2,400,48,4.89,0.84,False,False,In-network,280,False,Hospital_27,4.37,West,1,0.9998895
P02228,Provider_2228,City_28,FL,28.3444,-81.4103,Cardiology,Cardiology,Specialty Care,35,500,57,2.98,0.17,True,False,Out-of-network,458,True,Hospital_28,3.15,East,1,0.99884427
P02229,Provider_2229,City_29,NC,36.1596,-78.6193,Urology,ENT,Specialty Care,30,380,49,4.7,0.88,True,True,In-network,389,False,Hospital_29,2.07,West,1,0.99953103
P02230,Provider_2230,City_30,FL,28.4444,-81.3103,Ophthalmology,Cardiology,Specialty Care,39,180,23,2.56,0.55,True,True,Out-of-network,192,True,Hospital_30,4.8,North,1,0.99988866
P02231,Provider_2231,City_31,PA,41.2033,-77.1945,Orthopedics,General Practice,Surgical,14,400,32,4.11,0.41,True,False,In-network,323,True,Hospital_31,2.02,West,1,0.9994167
P02232,Provider_2232,City_32,PA,41.2533,-77.1445,Pediatrics,Gastroenterology,Primary Care,15,150,58,3.77,0.44,True,False,In-network,320,False,Hospital_32,1.24,East,1,0.9994167
P02233,Provider_2233,City_33,CO,39.6501,-105.6821,Urology,Ophthalmology,Specialty Care,24,380,33,2.17,0.27,True,True,Out-of-network,337,False,Hospital_33,3.81,East,1,0.999851
P02234,Provider_2234,City_34,AZ,34.1989,-110.9437,Gastroenterology,ENT,Specialty Care,13,420,46,3.72,0.5,True,True,Out-of-network,386,False,Hospital_34,3.52,North,1,0.9998808
P02235,Provider_2235,City_35,FL,28.1944,-81.5603,Cardiology,Pediatrics,Specialty Care,20,500,20,1.22,1.0,False,False,Out-of-network,425,False,Hospital_35,2.41,East,0,0.0026315362
P02236,Provider_2236,City_36,MA,42.6572,-71.1324,Urology,Endocrinology,Specialty Care,30,380,13,1.14,0.93,True,True,In-network,317,True,Hospital_36,1.99,South,1,0.99952865
P02237,Provider_2237,City_37,MI,44.6148,-85.3024,Dermatology,Cardiology,Specialty Care,10,200,33,2.39,0.29,True,False,In-network,462,True,Hospital_37,3.47,South,1,0.999851
P02238,Provider_2238,City_38,MI,44.6648,-85.2524,Cardiology,Gastroenterology,Specialty Care,35,500,35,3.51,0.07,True,False,In-network,131,True,Hospital_38,4.56,West,1,0.99893135
P02239,Provider_2239,City_39,NC,36.1596,-78.6193,Pediatrics,Orthopedics,Primary Care,2,150,46,3.99,0.07,True,True,Out-of-network,237,False,Hospital_39,2.96,East,1,0.9997867
P02240,Provider_2240,City_40,MI,44.7648,-85.1524,Neurology,General Practice,Specialty Care,40,450,37,2.83,0.15,False,False,Out-of-network,295,False,Hospital_40,1.05,West,0,0.0021167668
P02241,Provider_2241,City_41,FL,27.9944,-81.7603,Psychiatry,Dermatology,Specialty Care,17,250,41,2.32,0.71,True,True,Out-of-network,313,False,Hospital_41,3.78,East,1,0.9998802
P02242,Provider_2242,City_42,CO,39.6001,-105.7321,Orthopedics,Neurology,Surgical,19,400,58,1.94,0.06,False,True,Out-of-network,463,True,Hospital_42,4.27,North,1,0.999851
P02243,Provider_2243,City_43,GA,32.2656,-82.8001,Neurology,Urology,Specialty Care,7,450,19,3.54,0.43,True,False,Out-of-network,106,False,Hospital_43,2.18,South,0,0.002289136
P02244,Provider_2244,City_44,OH,40.5673,-82.7571,Dermatology,Gastroenterology,Specialty Care,38,200,12,3.48,0.47,True,True,Out-of-network,470,True,Hospital_44,2.8,North,1,0.9996939
P02245,Provider_2245,City_45,CA,36.9783,-119.2179,Psychiatry,Cardiology,Specialty Care,30,250,12,2.17,0.66,False,True,Out-of-network,243,False,Hospital_45,1.4,West,1,0.99956197
P02246,Provider_2246,City_46,NC,36.0096,-78.7693,Dermatology,Gastroenterology,Specialty Care,17,200,8,3.27,0.68,False,False,Out-of-network,186,True,Hospital_46,4.78,North,1,0.99988925
P02247,Provider_2247,City_47,GA,32.4656,-82.6001,Gastroenterology,Gastroenterology,Specialty Care,31,420,60,1.57,0.85,False,False,In-network,267,False,Hospital_47,4.24,East,1,0.99988866
P02248,Provider_2248,City_48,FL,28.3444,-81.4103,Cardiology,Endocrinology,Specialty Care,17,500,49,4.46,0.98,True,True,Out-of-network,185,True,Hospital_48,4.21,South,1,0.9991406
P02249,Provider_2249,City_49,MI,44.7148,-85.2024,Ophthalmology,Dermatology,Specialty Care,31,180,7,3.17,0.22,False,True,In-network,190,False,Hospital_49,3.36,East,1,0.9998622
P02250,Provider_2250,City_50,CA,37.2283,-118.9679,Neurology,Urology,Specialty Care,38,450,54,3.3,0.16,False,True,In-network,313,True,Hospital_50,2.82,West,0,0.008071095
P02251,Provider_2251,City_51,MA,42.4072,-71.3824,Urology,Ophthalmology,Specialty Care,26,380,43,4.89,0.04,False,True,Out-of-network,132,True,Hospital_51,2.3,West,1,0.999458
P02252,Provider_2252,City_52,WA,47.8011,-120.6901,Neurology,Neurology,Specialty Care,6,450,28,3.45,0.09,False,True,In-network,258,False,Hospital_52,1.03,East,0,0.002289136
P02253,Provider_2253,City_53,WA,47.8511,-120.6401,Urology,Psychiatry,Specialty Care,7,380,34,1.36,0.43,False,True,Out-of-network,269,False,Hospital_53,2.35,North,1,0.99945515
P02254,Provider_2254,City_54,CO,39.7001,-105.6321,Neurology,Gastroenterology,Specialty Care,36,450,20,4.01,0.0,True,True,In-network,256,True,Hospital_54,2.04,West,0,0.002289136
P02255,Provider_2255,City_55,NY,43.4994,-74.0179,Gastroenterology,Urology,Specialty Care,12,420,8,1.29,0.75,True,True,Out-of-network,389,True,Hospital_55,1.83,East,1,0.99952865
P02256,Provider_2256,City_56,CO,39.8001,-105.5321,Pediatrics,Psychiatry,Primary Care,33,150,13,4.37,0.27,False,False,In-network,381,True,Hospital_56,4.16,East,1,0.9998517
P02257,Provider_2257,City_57,OH,40.7173,-82.6071,Orthopedics,Cardiology,Surgical,4,400,15,3.47,0.29,False,True,Out-of-network,131,True,Hospital_57,1.07,East,1,0.999458
P02258,Provider_2258,City_58,MA,42.7572,-71.0324,Gastroenterology,Ophthalmology,Specialty Care,9,420,15,2.64,0.08,False,False,In-network,463,True,Hospital_58,4.42,West,1,0.999851
P02259,Provider_2259,City_59,PA,41.6033,-76.7945,Psychiatry,Ophthalmology,Specialty Care,24,250,15,2.23,0.99,False,True,Out-of-network,225,True,Hospital_59,3.29,East,1,0.99988866
P02260,Provider_2260,City_60,PA,41.6533,-76.7445,Urology,Orthopedics,Specialty Care,36,380,16,1.94,0.44,False,False,In-network,426,False,Hospital_60,2.03,East,1,0.9994137
P02261,Provider_2261,City_61,AZ,34.0489,-111.0937,Neurology,ENT,Specialty Care,1,450,48,3.73,0.34,False,False,In-network,246,False,Hospital_61,3.91,West,1,0.99893135
P02262,Provider_2262,City_62,CO,39.6001,-105.7321,Orthopedics,Orthopedics,Surgical,4,400,19,1.07,0.41,False,False,Out-of-network,305,False,Hospital_62,4.78,West,1,0.999851
P02263,Provider_2263,City_63,PA,41.3033,-77.0945,Urology,Gastroenterology,Specialty Care,18,380,48,3.46,0.72,True,True,Out-of-network,432,True,Hospital_63,1.94,South,1,0.99953103
P02264,Provider_2264,City_64,PA,41.3533,-77.0445,Psychiatry,Orthopedics,Specialty Care,31,250,60,3.83,0.84,True,False,In-network,484,True,Hospital_64,1.85,South,1,0.99953103
P02265,Provider_2265,City_65,MI,44.5148,-85.4024,Pediatrics,Cardiology,Primary Care,20,150,42,4.72,0.62,True,False,Out-of-network,397,True,Hospital_65,2.43,East,1,0.99953103
P02266,Provider_2266,City_66,CA,37.0283,-119.1679,ENT,Ophthalmology,Specialty Care,40,220,6,2.62,0.75,True,True,In-network,219,True,Hospital_66,4.07,East,1,0.99988866
P02267,Provider_2267,City_67,IL,40.9331,-89.0985,Gastroenterology,Urology,Specialty Care,36,420,43,3.54,0.09,False,True,Out-of-network,295,True,Hospital_67,1.21,North,1,0.9994167
P02268,Provider_2268,City_68,FL,28.3444,-81.4103,Psychiatry,Urology,Specialty Care,6,250,8,3.07,0.85,True,False,Out-of-network,399,False,Hospital_68,2.94,West,1,0.99978274
P02269,Provider_2269,City_69,FL,28.3944,-81.3603,Endocrinology,Gastroenterology,Specialty Care,8,400,5,3.49,0.64,False,False,Out-of-network,198,True,Hospital_69,2.44,South,1,0.9995641
P02270,Provider_2270,City_70,CO,40.0001,-105.3321,Endocrinology,Ophthalmology,Specialty Care,17,400,35,1.4,0.45,False,True,In-network,187,True,Hospital_70,2.38,North,1,0.99945515
P02271,Provider_2271,City_71,TX,31.9686,-99.9018,Endocrinology,Psychiatry,Specialty Care,38,400,49,1.75,0.53,False,False,In-network,424,False,Hospital_71,1.17,East,1,0.99952865
P02272,Provider_2272,City_72,PA,41.2533,-77.1445,Orthopedics,Urology,Surgical,38,400,58,4.1,0.52,False,False,In-network,463,True,Hospital_72,1.17,South,1,0.99953103
P02273,Provider_2273,City_73,WA,47.8511,-120.6401,Orthopedics,Psychiatry,Surgical,8,400,56,4.22,0.52,True,False,In-network,178,True,Hospital_73,1.18,North,1,0.9995641
P02274,Provider_2274,City_74,PA,41.3533,-77.0445,Urology,Cardiology,Specialty Care,16,380,7,2.63,0.45,False,True,Out-of-network,292,False,Hospital_74,2.86,North,1,0.9997284
P02275,Provider_2275,City_75,MA,42.6072,-71.1824,Pediatrics,Psychiatry,Primary Care,31,150,15,2.56,0.42,True,True,Out-of-network,275,True,Hospital_75,2.3,North,1,0.99945647
P02276,Provider_2276,City_76,CA,37.0283,-119.1679,Dermatology,Urology,Specialty Care,6,200,12,4.67,0.2,True,True,Out-of-network,188,True,Hospital_76,1.28,West,1,0.999458
P02277,Provider_2277,City_77,OH,40.7173,-82.6071,Orthopedics,Cardiology,Surgical,12,400,52,2.16,0.37,False,True,In-network,406,False,Hospital_77,1.96,West,1,0.9994137
P02278,Provider_2278,City_78,CA,37.1283,-119.0679,Dermatology,ENT,Specialty Care,3,200,36,2.08,0.09,True,False,In-network,452,True,Hospital_78,4.29,East,1,0.999851
P02279,Provider_2279,City_79,CO,39.9501,-105.3821,Endocrinology,Orthopedics,Specialty Care,32,400,41,4.75,0.75,True,True,In-network,303,False,Hospital_79,1.39,East,1,0.99953103
P02280,Provider_2280,City_80,PA,41.6533,-76.7445,Dermatology,Gastroenterology,Specialty Care,19,200,7,3.15,0.23,False,True,Out-of-network,357,True,Hospital_80,2.52,North,1,0.9994167
P02281,Provider_2281,City_81,PA,41.2033,-77.1945,Pediatrics,Endocrinology,Primary Care,17,150,18,2.96,0.97,False,False,In-network,472,False,Hospital_81,2.95,East,1,0.99981457
P02282,Provider_2282,City_82,IL,40.6831,-89.3485,Neurology,Ophthalmology,Specialty Care,22,450,53,4.2,0.74,False,True,In-network,179,False,Hospital_82,2.03,West,0,0.0028457039
P02283,Provider_2283,City_83,NV,38.9026,-116.3194,Orthopedics,Cardiology,Surgical,3,400,31,4.29,0.4,True,True,In-network,355,False,Hospital_83,1.87,South,1,0.9994167
P02284,Provider_2284,City_84,NY,43.4494,-74.0679,Gastroenterology,Pediatrics,Specialty Care,36,420,25,1.46,0.94,False,False,Out-of-network,230,True,Hospital_84,2.74,East,1,0.9997454
P02285,Provider_2285,City_85,NV,39.0026,-116.2194,Pediatrics,Dermatology,Primary Care,17,150,13,2.97,0.86,True,False,In-network,285,False,Hospital_85,2.37,South,1,0.99952865
P02286,Provider_2286,City_86,MI,44.5648,-85.3524,Endocrinology,Cardiology,Specialty Care,28,400,47,4.25,0.59,False,False,Out-of-network,136,False,Hospital_86,4.35,South,1,0.99988925
P02287,Provider_2287,City_87,WA,48.0511,-120.4401,Dermatology,Pediatrics,Specialty Care,3,200,24,3.96,0.2,False,True,In-network,493,True,Hospital_87,1.14,South,1,0.9994167
P02288,Provider_2288,City_88,CA,37.1283,-119.0679,General Practice,Endocrinology,Primary Care,14,100,11,2.67,0.97,False,True,Out-of-network,231,True,Hospital_88,2.9,South,1,0.99979717
P02289,Provider_2289,City_89,CA,37.1783,-119.0179,Orthopedics,General Practice,Surgical,18,400,56,1.13,0.5,False,False,Out-of-network,248,True,Hospital_89,1.95,South,1,0.99956197
P02290,Provider_2290,City_90,AZ,34.4989,-110.6437,Gastroenterology,General Practice,Specialty Care,21,420,27,3.26,0.12,True,False,Out-of-network,224,False,Hospital_90,2.75,West,1,0.99968505
P02291,Provider_2291,City_91,CO,39.5501,-105.7821,Gastroenterology,Orthopedics,Specialty Care,38,420,39,3.59,0.98,True,False,Out-of-network,60,True,Hospital_91,1.24,East,1,0.9995641
P02292,Provider_2292,City_92,NC,35.8096,-78.9693,Endocrinology,Orthopedics,Specialty Care,25,400,33,1.67,0.08,True,False,In-network,411,False,Hospital_92,1.68,South,1,0.9994137
P02293,Provider_2293,City_93,AZ,34.1489,-110.9937,Urology,Neurology,Specialty Care,9,380,48,3.75,0.74,False,False,In-network,469,True,Hospital_93,4.93,East,1,0.9998808
P02294,Provider_2294,City_94,OH,40.5673,-82.7571,Dermatology,Endocrinology,Specialty Care,32,200,29,3.27,0.53,False,False,Out-of-network,159,True,Hospital_94,1.68,East,1,0.9995641
P02295,Provider_2295,City_95,NC,35.9596,-78.8193,Neurology,Urology,Specialty Care,30,450,54,2.79,0.02,False,False,In-network,119,False,Hospital_95,4.79,East,1,0.99892586
P02296,Provider_2296,City_96,WA,48.0011,-120.4901,Dermatology,Gastroenterology,Specialty Care,11,200,8,2.28,0.45,False,False,In-network,151,True,Hospital_96,1.12,West,1,0.99945515
P02297,Provider_2297,City_97,MA,42.7072,-71.0824,Psychiatry,Ophthalmology,Specialty Care,32,250,30,3.84,0.53,False,False,In-network,410,True,Hospital_97,3.04,West,1,0.9998808
P02298,Provider_2298,City_98,NV,39.1526,-116.0694,Orthopedics,Neurology,Surgical,27,400,12,4.69,0.83,False,False,In-network,428,False,Hospital_98,3.05,South,1,0.9998808
P02299,Provider_2299,City_99,MA,42.8072,-70.9824,Dermatology,ENT,Specialty Care,32,200,11,4.22,0.4,True,True,Out-of-network,382,False,Hospital_99,2.11,North,1,0.9994167
P02300,Provider_2300,City_100,NV,39.2526,-115.9694,Endocrinology,Pediatrics,Specialty Care,22,400,22,1.45,0.95,True,False,Out-of-network,457,True,Hospital_100,2.8,East,1,0.9997526
P02301,Provider_2301,City_101,WA,47.7511,-120.7401,Gastroenterology,Pediatrics,Specialty Care,37,420,39,3.59,0.03,False,True,In-network,409,False,Hospital_1,3.92,West,1,0.9998517
P02302,Provider_2302,City_102,PA,41.2533,-77.1445,General Practice,General Practice,Primary Care,9,100,41,1.94,0.96,False,True,Out-of-network,204,True,Hospital_2,3.23,East,1,0.99988866
P02303,Provider_2303,City_103,WA,47.8511,-120.6401,Cardiology,ENT,Specialty Care,30,500,53,3.67,0.65,True,False,Out-of-network,442,False,Hospital_3,2.17,East,0,0.002644954
P02304,Provider_2304,City_104,CO,39.7001,-105.6321,Dermatology,Urology,Specialty Care,5,200,41,2.73,0.7,False,False,In-network,417,True,Hospital_4,4.83,East,1,0.9998802
P02305,Provider_2305,City_105,CA,36.9783,-119.2179,Ophthalmology,Endocrinology,Specialty Care,18,180,55,3.31,0.05,True,False,In-network,113,True,Hospital_5,3.28,North,1,0.9998622
P02306,Provider_2306,City_106,CO,39.8001,-105.5321,Psychiatry,ENT,Specialty Care,35,250,43,2.01,0.6,True,True,Out-of-network,250,True,Hospital_6,3.86,East,1,0.99988866
P02307,Provider_2307,City_107,NY,43.5994,-73.9179,Gastroenterology,Gastroenterology,Specialty Care,34,420,19,3.5,0.53,False,False,In-network,212,False,Hospital_7,1.06,North,1,0.9995641
P02308,Provider_2308,City_108,NC,36.1096,-78.6693,Psychiatry,Dermatology,Specialty Care,7,250,53,2.55,0.89,True,False,In-network,245,False,Hospital_8,1.48,South,1,0.99956197
P02309,Provider_2309,City_109,MI,44.7148,-85.2024,Gastroenterology,Ophthalmology,Specialty Care,19,420,35,1.3,0.9,True,False,In-network,376,True,Hospital_9,2.38,North,1,0.99952865
P02310,Provider_2310,City_110,NC,36.2096,-78.5693,Ophthalmology,Psychiatry,Specialty Care,21,180,21,3.88,0.45,True,True,In-network,285,True,Hospital_10,3.81,West,1,0.9998517
P02311,Provider_2311,City_111,MA,42.4072,-71.3824,Pediatrics,Gastroenterology,Primary Care,14,150,16,1.6,0.25,False,False,In-network,497,False,Hospital_11,1.69,South,1,0.9994137
P02312,Provider_2312,City_112,OH,40.4673,-82.8571,Cardiology,Neurology,Specialty Care,15,500,45,4.01,0.33,False,True,In-network,412,True,Hospital_12,4.23,East,1,0.9988501
P02313,Provider_2313,City_113,GA,32.2656,-82.8001,Urology,Dermatology,Specialty Care,14,380,53,3.7,0.33,True,True,Out-of-network,392,True,Hospital_13,1.69,East,1,0.9994167
P02314,Provider_2314,City_114,GA,32.3156,-82.7501,Pediatrics,Cardiology,Primary Care,3,150,50,3.77,0.54,True,False,Out-of-network,428,False,Hospital_14,2.6,South,1,0.99968076
P02315,Provider_2315,City_115,WA,47.9511,-120.5401,Ophthalmology,Neurology,Specialty Care,10,180,28,1.9,0.25,True,False,Out-of-network,115,True,Hospital_15,4.41,West,1,0.9998615
P02316,Provider_2316,City_116,MA,42.6572,-71.1324,Neurology,Orthopedics,Specialty Care,29,450,60,2.56,0.39,True,False,Out-of-network,155,True,Hospital_16,1.03,North,0,0.002277519
P02317,Provider_2317,City_117,NV,39.1026,-116.1194,Dermatology,Pediatrics,Specialty Care,6,200,34,4.98,0.72,True,True,In-network,383,True,Hospital_17,1.88,East,1,0.99953103
P02318,Provider_2318,City_118,TX,32.3186,-99.5518,Psychiatry,Gastroenterology,Specialty Care,2,250,27,4.15,0.63,False,True,In-network,312,True,Hospital_18,4.03,South,1,0.9998808
P02319,Provider_2319,City_119,PA,41.6033,-76.7945,ENT,Endocrinology,Specialty Care,39,220,36,1.84,0.06,False,False,Out-of-network,220,False,Hospital_19,3.26,West,1,0.9998615
P02320,Provider_2320,City_120,MA,42.8572,-70.9324,Endocrinology,Pediatrics,Specialty Care,38,400,45,3.88,0.02,False,True,Out-of-network,264,True,Hospital_20,2.93,North,1,0.9997489
P02321,Provider_2321,City_121,CO,39.5501,-105.7821,Endocrinology,Cardiology,Specialty Care,23,400,49,3.64,0.09,False,True,In-network,478,False,Hospital_21,3.42,South,1,0.9998517
P02322,Provider_2322,City_122,NC,35.8096,-78.9693,Ophthalmology,Ophthalmology,Specialty Care,15,180,58,4.52,0.8,False,False,Out-of-network,470,True,Hospital_22,2.3,South,1,0.99953103
P02323,Provider_2323,City_123,TX,32.0686,-99.8018,Gastroenterology,Urology,Specialty Care,34,420,58,1.77,0.97,False,False,Out-of-network,94,True,Hospital_23,2.83,East,1,0.9997701
P02324,Provider_2324,City_124,MA,42.5572,-71.2324,Cardiology,ENT,Specialty Care,33,500,23,4.67,0.93,True,False,In-network,322,False,Hospital_24,4.96,West,1,0.9990753
P02325,Provider_2325,City_125,CO,39.7501,-105.5821,Psychiatry,Gastroenterology,Specialty Care,28,250,30,1.31,0.61,True,False,Out-of-network,215,True,Hospital_25,2.47,West,1,0.99956197
P02326,Provider_2326,City_126,IL,40.8831,-89.1485,Psychiatry,ENT,Specialty Care,3,250,52,1.3,0.16,False,True,Out-of-network,474,False,Hospital_26,1.49,South,1,0.9994137
P02327,Provider_2327,City_127,NY,43.5994,-73.9179,Psychiatry,Neurology,Specialty Care,20,250,43,2.56,1.0,False,True,Out-of-network,464,False,Hospital_27,2.99,South,1,0.9998802
P02328,Provider_2328,City_128,CA,37.1283,-119.0679,Pediatrics,Endocrinology,Primary Care,16,150,12,1.49,0.69,True,True,In-network,193,True,Hospital_28,3.47,North,1,0.99988866
P02329,Provider_2329,City_129,TX,32.3686,-99.5018,Psychiatry,Orthopedics,Specialty Care,35,250,50,2.4,0.63,False,True,In-network,252,False,Hospital_29,1.41,East,1,0.99956197
P02330,Provider_2330,City_130,GA,32.6156,-82.4501,Gastroenterology,ENT,Specialty Care,3,420,29,3.49,0.35,False,False,In-network,329,True,Hospital_30,4.07,South,1,0.9998517
P02331,Provider_2331,City_131,CA,36.7783,-119.4179,Psychiatry,Cardiology,Specialty Care,5,250,11,2.84,0.05,False,True,In-network,335,False,Hospital_31,2.29,South,1,0.9994137
P02332,Provider_2332,City_132,GA,32.2156,-82.8501,General Practice,Ophthalmology,Primary Care,30,100,59,2.43,0.16,False,True,In-network,300,True,Hospital_32,3.4,East,1,0.999851
P02333,Provider_2333,City_133,GA,32.2656,-82.8001,Dermatology,Orthopedics,Specialty Care,15,200,43,3.62,0.72,True,False,Out-of-network,225,False,Hospital_33,1.35,North,1,0.9995641
P02334,Provider_2334,City_134,CO,39.7001,-105.6321,General Practice,Dermatology,Primary Care,12,100,42,3.19,0.8,False,True,In-network,141,False,Hospital_34,3.91,South,1,0.99988925
P02335,Provider_2335,City_135,TX,32.1686,-99.7018,Ophthalmology,Pediatrics,Specialty Care,36,180,59,3.02,0.56,False,True,Out-of-network,338,True,Hospital_35,1.14,South,1,0.9995413
P02336,Provider_2336,City_136,WA,48.0011,-120.4901,Endocrinology,Psychiatry,Specialty Care,6,400,15,2.25,0.63,True,True,Out-of-network,435,True,Hospital_36,1.89,East,1,0.99952865
P02337,Provider_2337,City_137,NC,36.0596,-78.7193,Endocrinology,Ophthalmology,Specialty Care,12,400,29,4.2,0.17,True,True,Out-of-network,337,True,Hospital_37,1.31,East,1,0.9994167
P02338,Provider_2338,City_138,NC,36.1096,-78.6693,Urology,Endocrinology,Specialty Care,31,380,45,1.28,0.05,False,True,In-network,349,True,Hospital_38,4.11,West,1,0.999851
P02339,Provider_2339,City_139,CA,37.1783,-119.0179,Endocrinology,Gastroenterology,Specialty Care,8,400,43,1.16,0.38,False,False,Out-of-network,64,True,Hospital_39,3.73,North,1,0.9998615
P02340,Provider_2340,City_140,NV,39.2526,-115.9694,Psychiatry,General Practice,Specialty Care,40,250,22,1.98,0.05,True,True,Out-of-network,228,True,Hospital_40,3.22,South,1,0.9998615
P02341,Provider_2341,City_141,IL,40.6331,-89.3985,General Practice,Orthopedics,Primary Care,12,100,59,2.31,0.3,True,True,Out-of-network,467,True,Hospital_41,3.43,North,1,0.999851
P02342,Provider_2342,City_142,MA,42.4572,-71.3324,Urology,Orthopedics,Specialty Care,12,380,10,3.71,0.8,False,True,Out-of-network,324,True,Hospital_42,1.53,South,1,0.99953103
P02343,Provider_2343,City_143,WA,47.8511,-120.6401,Pediatrics,Dermatology,Primary Care,23,150,34,3.06,0.33,True,False,Out-of-network,382,False,Hospital_43,2.95,West,1,0.99977046
P02344,Provider_2344,City_144,PA,41.3533,-77.0445,Orthopedics,Endocrinology,Surgical,25,400,26,1.32,0.46,True,True,Out-of-network,125,True,Hospital_44,4.75,North,1,0.9998615
P02345,Provider_2345,City_145,MI,44.5148,-85.4024,Gastroenterology,Neurology,Specialty Care,35,420,56,2.47,0.5,False,False,Out-of-network,323,True,Hospital_45,4.32,West,1,0.9998802
P02346,Provider_2346,City_146,OH,40.6673,-82.6571,General Practice,ENT,Primary Care,7,100,34,4.6,0.78,True,True,Out-of-network,205,False,Hospital_46,4.46,North,1,0.99988925
P02347,Provider_2347,City_147,MI,44.6148,-85.3024,Pediatrics,Orthopedics,Primary Care,24,150,12,1.66,0.6,True,True,Out-of-network,276,False,Hospital_47,4.25,West,1,0.9998889
P02348,Provider_2348,City_148,NV,39.1526,-116.0694,General Practice,ENT,Primary Care,12,100,19,3.01,0.62,False,False,In-network,155,False,Hospital_48,4.86,East,1,0.99989164
P02349,Provider_2349,City_149,CA,37.1783,-119.0179,Orthopedics,General Practice,Surgical,40,400,37,3.82,0.32,True,True,Out-of-network,285,True,Hospital_49,3.19,West,1,0.9998517
P02350,Provider_2350,City_150,MA,42.8572,-70.9324,Cardiology,Pediatrics,Specialty Care,6,500,41,1.81,0.26,True,False,In-network,439,True,Hospital_50,1.22,South,0,0.0021167668
P02351,Provider_2351,City_151,GA,32.1656,-82.9001,General Practice,Ophthalmology,Primary Care,7,100,58,1.68,0.64,True,False,In-network,273,False,Hospital_51,4.66,East,1,0.9998889
P02352,Provider_2352,City_152,MA,42.4572,-71.3324,Dermatology,Psychiatry,Specialty Care,8,200,22,4.45,0.24,False,True,In-network,292,False,Hospital_52,4.34,East,1,0.9998517
P02353,Provider_2353,City_153,CA,36.8783,-119.3179,Pediatrics,Cardiology,Primary Care,34,150,36,1.4,0.96,False,True,In-network,381,True,Hospital_53,1.17,East,1,0.99952865
P02354,Provider_2354,City_154,NC,35.9096,-78.8693,Psychiatry,Endocrinology,Specialty Care,33,250,35,3.66,0.72,False,False,Out-of-network,222,True,Hospital_54,3.82,South,1,0.99988925
P02355,Provider_2355,City_155,TX,32.1686,-99.7018,Dermatology,Pediatrics,Specialty Care,33,200,56,2.33,0.88,False,False,Out-of-network,159,False,Hospital_55,1.39,South,1,0.99956197
P02356,Provider_2356,City_156,WA,48.0011,-120.4901,Dermatology,Gastroenterology,Specialty Care,7,200,49,4.96,0.51,False,True,Out-of-network,445,True,Hospital_56,1.77,North,1,0.99953103
P02357,Provider_2357,City_157,IL,40.9331,-89.0985,Pediatrics,Urology,Primary Care,26,150,20,3.58,0.27,True,False,Out-of-network,114,False,Hospital_57,3.38,South,1,0.9998622
P02358,Provider_2358,City_158,IL,40.9831,-89.0485,ENT,Cardiology,Specialty Care,31,220,55,2.65,0.14,True,True,Out-of-network,172,True,Hospital_58,1.61,North,1,0.99945515
P02359,Provider_2359,City_159,CA,37.1783,-119.0179,Orthopedics,Cardiology,Surgical,20,400,26,2.92,0.89,True,False,In-network,468,False,Hospital_59,2.09,North,1,0.99952865
P02360,Provider_2360,City_160,NV,39.2526,-115.9694,Cardiology,Urology,Specialty Care,35,500,15,2.94,0.03,False,True,In-network,209,True,Hospital_60,3.68,North,1,0.99892586
P02361,Provider_2361,City_161,FL,27.9944,-81.7603,Gastroenterology,Endocrinology,Specialty Care,21,420,18,1.86,0.67,True,True,Out-of-network,279,True,Hospital_61,1.61,East,1,0.9995629
P02362,Provider_2362,City_162,FL,28.0444,-81.7103,Orthopedics,Dermatology,Surgical,15,400,49,4.72,0.91,True,False,Out-of-network,192,True,Hospital_62,3.75,South,1,0.99988925
P02363,Provider_2363,City_163,AZ,34.1489,-110.9937,Urology,Endocrinology,Specialty Care,15,380,41,1.38,0.67,False,False,In-network,126,True,Hospital_63,3.5,East,1,0.99988866
P02364,Provider_2364,City_164,WA,47.9011,-120.5901,Orthopedics,Urology,Surgical,13,400,18,1.46,0.92,False,False,In-network,67,True,Hospital_64,2.49,North,1,0.99956197
P02365,Provider_2365,City_165,MA,42.6072,-71.1824,Gastroenterology,General Practice,Specialty Care,22,420,49,4.11,0.18,True,True,Out-of-network,439,False,Hospital_65,4.06,East,1,0.9998517
P02366,Provider_2366,City_166,OH,40.6673,-82.6571,General Practice,ENT,Primary Care,17,100,60,3.74,0.07,True,False,Out-of-network,205,False,Hospital_66,2.57,West,1,0.99963105
P02367,Provider_2367,City_167,PA,41.5033,-76.8945,Psychiatry,Endocrinology,Specialty Care,27,250,47,4.08,0.05,True,False,In-network,234,True,Hospital_67,4.3,North,1,0.9998622
P02368,Provider_2368,City_168,CA,37.1283,-119.0679,Psychiatry,Orthopedics,Specialty Care,3,250,55,3.39,0.49,True,False,In-network,126,False,Hospital_68,4.89,North,1,0.99988925
P02369,Provider_2369,City_169,OH,40.8173,-82.5071,Urology,Ophthalmology,Specialty Care,1,380,13,1.24,0.8,True,True,Out-of-network,392,True,Hospital_69,3.24,East,1,0.9998802
P02370,Provider_2370,City_170,MI,44.7648,-85.1524,Urology,Cardiology,Specialty Care,21,380,11,3.97,0.41,False,True,Out-of-network,55,False,Hospital_70,1.19,East,1,0.999458
P02371,Provider_2371,City_171,NV,38.8026,-116.4194,Orthopedics,Orthopedics,Surgical,14,400,45,1.27,0.47,True,False,In-network,120,True,Hospital_71,1.01,West,1,0.99945515
P02372,Provider_2372,City_172,CO,39.6001,-105.7321,Cardiology,Neurology,Specialty Care,33,500,17,3.37,0.44,True,False,Out-of-network,450,True,Hospital_72,3.91,South,1,0.9988501
P02373,Provider_2373,City_173,GA,32.2656,-82.8001,Pediatrics,Ophthalmology,Primary Care,19,150,32,3.15,0.44,True,False,Out-of-network,320,True,Hospital_73,3.5,South,1,0.9998517
P02374,Provider_2374,City_174,PA,41.3533,-77.0445,ENT,General Practice,Specialty Care,10,220,39,2.59,0.81,False,False,In-network,90,True,Hospital_74,2.59,North,1,0.9997018
P02375,Provider_2375,City_175,NV,39.0026,-116.2194,Dermatology,Urology,Specialty Care,27,200,30,2.6,0.78,True,True,Out-of-network,210,True,Hospital_75,2.6,North,1,0.9997018
P02376,Provider_2376,City_176,NV,39.0526,-116.1694,Urology,Pediatrics,Specialty Care,23,380,14,2.56,0.09,False,True,In-network,90,False,Hospital_76,3.22,West,1,0.9998615
P02377,Provider_2377,City_177,MI,44.6148,-85.3024,Dermatology,Ophthalmology,Specialty Care,34,200,34,4.59,0.64,True,True,In-network,110,True,Hospital_77,1.82,East,1,0.9995641
P02378,Provider_2378,City_178,NV,39.1526,-116.0694,Pediatrics,Neurology,Primary Care,19,150,23,1.57,0.6,True,True,Out-of-network,230,False,Hospital_78,1.42,South,1,0.99956197
P02379,Provider_2379,City_179,CA,37.1783,-119.0179,Orthopedics,Neurology,Surgical,9,400,14,4.53,0.47,False,True,Out-of-network,96,False,Hospital_79,1.41,South,1,0.999458
P02380,Provider_2380,City_180,OH,40.8673,-82.4571,Psychiatry,Endocrinology,Specialty Care,22,250,33,2.84,0.27,False,False,Out-of-network,245,True,Hospital_80,3.84,West,1,0.9998615
P02381,Provider_2381,City_181,NV,38.8026,-116.4194,Endocrinology,Orthopedics,Specialty Care,4,400,30,4.02,0.62,False,False,In-network,437,True,Hospital_81,4.66,North,1,0.9998808
P02382,Provider_2382,City_182,TX,32.0186,-99.8518,Cardiology,Urology,Specialty Care,19,500,26,4.54,0.76,True,True,Out-of-network,182,True,Hospital_82,3.37,North,1,0.9991406
P02383,Provider_2383,City_183,MI,44.4148,-85.5024,Ophthalmology,Orthopedics,Specialty Care,4,180,47,3.94,0.21,True,True,Out-of-network,491,False,Hospital_83,3.39,West,1,0.9998517
P02384,Provider_2384,City_184,NV,38.9526,-116.2694,Pediatrics,ENT,Primary Care,37,150,8,2.72,0.01,True,False,Out-of-network,267,True,Hospital_84,4.81,East,1,0.9998615
P02385,Provider_2385,City_185,TX,32.1686,-99.7018,Pediatrics,Dermatology,Primary Care,25,150,15,3.15,0.22,True,True,In-network,466,True,Hospital_85,3.56,North,1,0.9998517
P02386,Provider_2386,City_186,MA,42.6572,-71.1324,Pediatrics,Ophthalmology,Primary Care,6,150,17,2.3,0.17,True,False,In-network,139,False,Hospital_86,1.42,North,1,0.99945515
P02387,Provider_2387,City_187,MA,42.7072,-71.0824,Cardiology,Gastroenterology,Specialty Care,29,500,25,4.67,0.39,False,True,Out-of-network,224,False,Hospital_87,4.22,East,1,0.99893135
P02388,Provider_2388,City_188,OH,40.7673,-82.5571,Psychiatry,Neurology,Specialty Care,31,250,9,2.86,0.37,False,False,Out-of-network,438,False,Hospital_88,1.36,West,1,0.9994137
P02389,Provider_2389,City_189,WA,48.1511,-120.3401,Ophthalmology,Orthopedics,Specialty Care,35,180,6,4.85,0.1,True,False,Out-of-network,338,True,Hospital_89,5.0,South,1,0.9998517
P02390,Provider_2390,City_190,NV,39.2526,-115.9694,Urology,Gastroenterology,Specialty Care,12,380,15,4.41,0.15,False,True,Out-of-network,210,True,Hospital_90,1.23,East,1,0.999458
P02391,Provider_2391,City_191,TX,31.9686,-99.9018,Orthopedics,Pediatrics,Surgical,28,400,60,2.68,0.82,True,False,In-network,390,True,Hospital_91,1.75,North,1,0.99952865
P02392,Provider_2392,City_192,IL,40.6831,-89.3485,General Practice,General Practice,Primary Care,32,100,48,1.79,0.66,True,False,In-network,452,False,Hospital_92,2.26,East,1,0.99952865
P02393,Provider_2393,City_193,MI,44.4148,-85.5024,Urology,Ophthalmology,Specialty Care,20,380,13,4.66,0.75,False,True,In-network,89,True,Hospital_93,2.34,South,1,0.9995641
P02394,Provider_2394,City_194,CO,39.7001,-105.6321,Psychiatry,Orthopedics,Specialty Care,1,250,30,1.42,0.16,False,True,Out-of-network,124,False,Hospital_94,4.01,South,1,0.9998615
P02395,Provider_2395,City_195,OH,40.6173,-82.7071,Endocrinology,Gastroenterology,Specialty Care,24,400,24,2.33,0.77,False,False,In-network,77,True,Hospital_95,4.79,South,1,0.99988866
P02396,Provider_2396,City_196,OH,40.6673,-82.6571,Endocrinology,Cardiology,Specialty Care,2,400,17,1.49,0.11,True,False,Out-of-network,132,False,Hospital_96,2.07,West,1,0.99945515
P02397,Provider_2397,City_197,OH,40.7173,-82.6071,ENT,Cardiology,Specialty Care,34,220,19,1.43,0.96,True,False,In-network,306,False,Hospital_97,3.08,East,1,0.9998802
P02398,Provider_2398,City_198,IL,40.9831,-89.0485,Neurology,Cardiology,Specialty Care,37,450,32,2.16,0.47,True,False,Out-of-network,158,True,Hospital_98,2.43,South,0,0.002277519
P02399,Provider_2399,City_199,PA,41.6033,-76.7945,Urology,Pediatrics,Specialty Care,29,380,53,2.49,0.97,True,True,In-network,371,True,Hospital_99,1.13,North,1,0.99952865
P02400,Provider_2400,City_200,NC,36.2096,-78.5693,Dermatology,ENT,Specialty Care,31,200,21,4.99,0.29,True,True,In-network,230,True,Hospital_100,3.13,North,1,0.9998622
P02401,Provider_2401,City_1,PA,41.2033,-77.1945,Urology,Cardiology,Specialty Care,37,380,10,4.28,0.25,True,False,Out-of-network,433,False,Hospital_1,1.74,North,1,0.9994167
P02402,Provider_2402,City_2,OH,40.4673,-82.8571,Psychiatry,Orthopedics,Specialty Care,37,250,42,3.34,0.37,True,True,Out-of-network,397,True,Hospital_2,2.96,South,1,0.99977046
P02403,Provider_2403,City_3,CO,39.6501,-105.6821,Ophthalmology,ENT,Specialty Care,25,180,53,4.66,0.11,False,True,Out-of-network,456,False,Hospital_3,4.95,West,1,0.9998517
P02404,Provider_2404,City_4,GA,32.3156,-82.7501,Pediatrics,Endocrinology,Primary Care,21,150,34,3.84,0.8,False,False,Out-of-network,166,True,Hospital_4,4.85,East,1,0.99988925
P02405,Provider_2405,City_5,PA,41.4033,-76.9945,Cardiology,Psychiatry,Specialty Care,9,500,11,1.36,0.5,False,False,In-network,101,True,Hospital_5,1.59,West,0,0.0028312707
P02406,Provider_2406,City_6,MI,44.5648,-85.3524,Neurology,Cardiology,Specialty Care,13,450,33,1.84,0.28,False,False,In-network,496,False,Hospital_6,1.45,East,0,0.0021167668
P02407,Provider_2407,City_7,TX,32.2686,-99.6018,ENT,Dermatology,Specialty Care,7,220,51,2.39,0.55,True,False,Out-of-network,390,False,Hospital_7,1.46,East,1,0.99952865
P02408,Provider_2408,City_8,IL,40.9831,-89.0485,General Practice,Dermatology,Primary Care,28,100,13,1.65,0.9,True,False,Out-of-network,132,False,Hospital_8,2.58,South,1,0.9997018
P02409,Provider_2409,City_9,GA,32.5656,-82.5001,General Practice,Neurology,Primary Care,37,100,34,1.23,0.56,False,True,In-network,388,False,Hospital_9,1.89,East,1,0.99952865
P02410,Provider_2410,City_10,AZ,34.4989,-110.6437,Pediatrics,Orthopedics,Primary Care,35,150,51,2.2,0.89,True,True,In-network,114,False,Hospital_10,2.06,South,1,0.99956197
P02411,Provider_2411,City_11,OH,40.4173,-82.9071,Orthopedics,Orthopedics,Surgical,27,400,60,2.88,0.78,False,False,Out-of-network,441,True,Hospital_11,3.13,West,1,0.9998802
P02412,Provider_2412,City_12,TX,32.0186,-99.8518,ENT,Urology,Specialty Care,25,220,29,3.66,0.74,False,False,In-network,447,False,Hospital_12,4.15,South,1,0.9998808
P02413,Provider_2413,City_13,CA,36.8783,-119.3179,General Practice,Neurology,Primary Care,12,100,33,3.35,0.92,False,False,Out-of-network,422,True,Hospital_13,3.68,North,1,0.9998808
P02414,Provider_2414,City_14,NV,38.9526,-116.2694,General Practice,Cardiology,Primary Care,12,100,41,1.87,0.6,False,True,In-network,434,True,Hospital_14,1.0,North,1,0.99952865
P02415,Provider_2415,City_15,AZ,34.2489,-110.8937,Ophthalmology,Psychiatry,Specialty Care,28,180,56,1.95,0.1,True,True,In-network,141,True,Hospital_15,2.94,South,1,0.9997477
P02416,Provider_2416,City_16,CA,37.0283,-119.1679,General Practice,Ophthalmology,Primary Care,8,100,56,2.51,0.64,False,True,Out-of-network,87,False,Hospital_16,2.83,East,1,0.9997701
P02417,Provider_2417,City_17,PA,41.5033,-76.8945,Gastroenterology,Neurology,Specialty Care,1,420,9,2.41,0.72,True,False,Out-of-network,375,True,Hospital_17,3.14,North,1,0.9998802
P02418,Provider_2418,City_18,IL,40.9831,-89.0485,Endocrinology,Cardiology,Specialty Care,21,400,28,3.4,0.28,True,True,Out-of-network,365,True,Hospital_18,1.58,West,1,0.9994167
P02419,Provider_2419,City_19,MA,42.8072,-70.9824,Dermatology,Neurology,Specialty Care,12,200,9,3.19,1.0,False,False,Out-of-network,332,False,Hospital_19,3.52,North,1,0.9998808
P02420,Provider_2420,City_20,CA,37.2283,-118.9679,ENT,Cardiology,Specialty Care,40,220,36,4.59,0.72,False,True,Out-of-network,381,True,Hospital_20,3.74,East,1,0.9998808
P02421,Provider_2421,City_21,CO,39.5501,-105.7821,Psychiatry,Gastroenterology,Specialty Care,30,250,12,2.59,0.91,False,False,In-network,235,False,Hospital_21,1.33,West,1,0.99956197
P02422,Provider_2422,City_22,CO,39.6001,-105.7321,Dermatology,General Practice,Specialty Care,38,200,29,4.62,0.46,False,True,In-network,163,True,Hospital_22,3.49,West,1,0.9998622
P02423,Provider_2423,City_23,OH,40.5173,-82.8071,Neurology,ENT,Specialty Care,36,450,10,1.66,0.22,False,True,Out-of-network,267,False,Hospital_23,3.85,North,1,0.99892586
P02424,Provider_2424,City_24,NY,43.4494,-74.0679,Endocrinology,ENT,Specialty Care,19,400,44,1.19,0.75,True,False,In-network,61,False,Hospital_24,4.07,East,1,0.99988866
P02425,Provider_2425,City_25,NV,39.0026,-116.2194,Dermatology,Dermatology,Specialty Care,15,200,6,2.38,0.46,False,False,In-network,251,False,Hospital_25,1.88,East,1,0.99945515
P02426,Provider_2426,City_26,MA,42.6572,-71.1324,Orthopedics,Psychiatry,Surgical,17,400,11,2.48,0.22,False,False,In-network,170,True,Hospital_26,4.52,East,1,0.9998615
P02427,Provider_2427,City_27,MI,44.6148,-85.3024,Ophthalmology,ENT,Specialty Care,34,180,45,2.2,0.63,True,False,In-network,180,True,Hospital_27,1.77,North,1,0.99956197
P02428,Provider_2428,City_28,AZ,34.3989,-110.7437,Dermatology,Gastroenterology,Specialty Care,19,200,46,4.83,0.25,True,True,Out-of-network,88,False,Hospital_28,1.18,West,1,0.999458
P02429,Provider_2429,City_29,TX,32.3686,-99.5018,Urology,Gastroenterology,Specialty Care,9,380,9,3.22,0.63,False,False,In-network,308,False,Hospital_29,2.05,South,1,0.99953103
P02430,Provider_2430,City_30,NC,36.2096,-78.5693,General Practice,Endocrinology,Primary Care,30,100,14,4.14,0.08,False,False,Out-of-network,191,False,Hospital_30,3.55,East,1,0.9998622
P02431,Provider_2431,City_31,MI,44.3148,-85.6024,General Practice,General Practice,Primary Care,35,100,23,3.05,0.35,True,True,Out-of-network,82,True,Hospital_31,1.8,South,1,0.9994698
P02432,Provider_2432,City_32,NY,43.3494,-74.1679,Cardiology,Psychiatry,Specialty Care,24,500,11,3.17,0.62,True,True,In-network,297,True,Hospital_32,3.13,North,1,0.9990753
P02433,Provider_2433,City_33,NY,43.3994,-74.1179,Dermatology,General Practice,Specialty Care,15,200,40,4.23,0.5,True,False,In-network,335,True,Hospital_33,2.93,North,1,0.99978274
P02434,Provider_2434,City_34,GA,32.3156,-82.7501,Orthopedics,ENT,Surgical,1,400,47,3.92,0.56,False,True,In-network,291,True,Hospital_34,4.63,East,1,0.9998808
P02435,Provider_2435,City_35,CA,36.9783,-119.2179,ENT,Urology,Specialty Care,31,220,9,4.72,0.72,False,True,In-network,463,False,Hospital_35,3.83,North,1,0.9998808
P02436,Provider_2436,City_36,GA,32.4156,-82.6501,Gastroenterology,Endocrinology,Specialty Care,12,420,36,3.48,0.18,True,True,Out-of-network,416,False,Hospital_36,2.99,East,1,0.9998517
P02437,Provider_2437,City_37,OH,40.7173,-82.6071,Ophthalmology,Cardiology,Specialty Care,20,180,41,2.85,0.07,False,True,Out-of-network,59,True,Hospital_37,4.55,West,1,0.9998615
P02438,Provider_2438,City_38,AZ,34.3989,-110.7437,Dermatology,Cardiology,Specialty Care,24,200,16,1.81,0.81,False,True,Out-of-network,143,False,Hospital_38,3.05,East,1,0.99988866
P02439,Provider_2439,City_39,TX,32.3686,-99.5018,General Practice,Orthopedics,Primary Care,26,100,41,2.74,0.41,True,False,In-network,82,False,Hospital_39,4.39,East,1,0.9998615
P02440,Provider_2440,City_40,TX,32.4186,-99.4518,Psychiatry,Neurology,Specialty Care,12,250,6,1.37,0.7,True,True,In-network,422,False,Hospital_40,2.22,South,1,0.99952865
P02441,Provider_2441,City_41,MA,42.4072,-71.3824,General Practice,ENT,Primary Care,30,100,40,3.97,0.83,True,False,Out-of-network,217,True,Hospital_41,2.21,West,1,0.9995641
P02442,Provider_2442,City_42,FL,28.0444,-81.7103,Gastroenterology,Urology,Specialty Care,11,420,45,4.3,0.97,False,False,Out-of-network,170,False,Hospital_42,2.4,East,1,0.9995641
P02443,Provider_2443,City_43,TX,32.0686,-99.8018,Neurology,Pediatrics,Specialty Care,28,450,24,2.62,0.1,False,True,In-network,215,False,Hospital_43,4.27,East,1,0.99892586
P02444,Provider_2444,City_44,TX,32.1186,-99.7518,Ophthalmology,Urology,Specialty Care,29,180,59,4.01,0.65,False,True,Out-of-network,122,True,Hospital_44,3.5,West,1,0.99988925
P02445,Provider_2445,City_45,MI,44.5148,-85.4024,Urology,Pediatrics,Specialty Care,11,380,25,4.25,0.9,False,True,In-network,382,True,Hospital_45,2.38,West,1,0.99953103
P02446,Provider_2446,City_46,TX,32.2186,-99.6518,Dermatology,Dermatology,Specialty Care,23,200,43,3.32,0.01,True,False,In-network,114,False,Hospital_46,2.8,West,1,0.9997155
P02447,Provider_2447,City_47,OH,40.7173,-82.6071,Ophthalmology,Dermatology,Specialty Care,27,180,45,1.85,0.55,True,True,In-network,110,False,Hospital_47,2.11,East,1,0.99956197
P02448,Provider_2448,City_48,NY,43.6494,-73.8679,Endocrinology,Psychiatry,Specialty Care,24,400,26,2.89,0.08,True,False,Out-of-network,356,True,Hospital_48,2.17,North,1,0.9994137
P02449,Provider_2449,City_49,NC,36.1596,-78.6193,General Practice,Gastroenterology,Primary Care,29,100,59,2.34,0.45,True,True,In-network,217,True,Hospital_49,1.03,West,1,0.99945515
P02450,Provider_2450,City_50,PA,41.6533,-76.7445,Ophthalmology,ENT,Specialty Care,7,180,31,1.08,0.53,True,True,Out-of-network,372,False,Hospital_50,1.24,West,1,0.99952865
P02451,Provider_2451,City_51,CO,39.5501,-105.7821,Pediatrics,Neurology,Primary Care,23,150,25,4.52,0.05,False,False,Out-of-network,433,False,Hospital_51,2.27,East,1,0.9994167
P02452,Provider_2452,City_52,GA,32.2156,-82.8501,Urology,Urology,Specialty Care,7,380,5,4.4,0.51,True,True,In-network,207,False,Hospital_52,1.72,East,1,0.9995641
P02453,Provider_2453,City_53,PA,41.3033,-77.0945,Psychiatry,Urology,Specialty Care,24,250,24,2.52,0.63,True,True,In-network,348,True,Hospital_53,3.41,South,1,0.9998802
P02454,Provider_2454,City_54,FL,28.1444,-81.6103,Urology,Pediatrics,Specialty Care,27,380,56,2.4,0.27,False,True,Out-of-network,125,True,Hospital_54,4.8,South,1,0.9998615
P02455,Provider_2455,City_55,NC,35.9596,-78.8193,Neurology,Pediatrics,Specialty Care,16,450,36,1.91,0.16,False,False,In-network,198,False,Hospital_55,3.05,South,1,0.99892586
P02456,Provider_2456,City_56,WA,48.0011,-120.4901,Dermatology,Gastroenterology,Specialty Care,18,200,19,4.67,0.87,False,False,In-network,252,True,Hospital_56,2.14,East,1,0.9995641
P02457,Provider_2457,City_57,NY,43.5994,-73.9179,Urology,Cardiology,Specialty Care,10,380,32,1.87,0.21,True,True,In-network,108,True,Hospital_57,3.27,West,1,0.9998615
P02458,Provider_2458,City_58,TX,32.3186,-99.5518,Urology,General Practice,Specialty Care,1,380,38,2.47,0.12,False,True,Out-of-network,365,True,Hospital_58,4.48,South,1,0.999851
P02459,Provider_2459,City_59,NV,39.2026,-116.0194,Pediatrics,Pediatrics,Primary Care,12,150,47,4.72,0.21,False,True,In-network,229,True,Hospital_59,4.42,South,1,0.9998622
P02460,Provider_2460,City_60,OH,40.8673,-82.4571,Endocrinology,Pediatrics,Specialty Care,39,400,8,4.76,0.69,True,False,Out-of-network,460,False,Hospital_60,1.74,West,1,0.99953103
P02461,Provider_2461,City_61,WA,47.7511,-120.7401,Urology,Psychiatry,Specialty Care,24,380,11,2.67,0.81,True,True,Out-of-network,66,True,Hospital_61,2.66,South,1,0.9997018
P02462,Provider_2462,City_62,NC,35.8096,-78.9693,ENT,Endocrinology,Specialty Care,24,220,41,2.69,0.75,True,True,Out-of-network,300,True,Hospital_62,3.75,North,1,0.9998802
P02463,Provider_2463,City_63,NC,35.8596,-78.9193,Urology,Ophthalmology,Specialty Care,16,380,34,1.79,0.52,True,False,Out-of-network,317,True,Hospital_63,1.54,East,1,0.99952865
P02464,Provider_2464,City_64,CA,36.9283,-119.2679,Psychiatry,General Practice,Specialty Care,34,250,51,3.81,0.3,True,False,In-network,465,True,Hospital_64,2.73,South,1,0.99963033
P02465,Provider_2465,City_65,PA,41.4033,-76.9945,Pediatrics,Endocrinology,Primary Care,29,150,25,3.17,0.15,False,True,In-network,434,True,Hospital_65,3.44,North,1,0.9998517
P02466,Provider_2466,City_66,MA,42.6572,-71.1324,Gastroenterology,Pediatrics,Specialty Care,33,420,58,4.9,0.57,True,False,Out-of-network,214,False,Hospital_66,1.08,West,1,0.9995641
P02467,Provider_2467,City_67,OH,40.7173,-82.6071,Urology,Cardiology,Specialty Care,13,380,55,3.26,0.51,False,False,Out-of-network,280,False,Hospital_67,4.44,North,1,0.9998895
P02468,Provider_2468,City_68,GA,32.5156,-82.5501,Gastroenterology,Ophthalmology,Specialty Care,19,420,50,4.91,0.77,True,True,In-network,495,True,Hospital_68,1.03,South,1,0.99953103
P02469,Provider_2469,City_69,PA,41.6033,-76.7945,Pediatrics,Ophthalmology,Primary Care,40,150,52,1.28,0.19,True,True,Out-of-network,401,True,Hospital_69,1.61,East,1,0.9994137
P02470,Provider_2470,City_70,GA,32.6156,-82.4501,ENT,Urology,Specialty Care,22,220,15,3.29,0.76,False,True,Out-of-network,175,True,Hospital_70,2.16,North,1,0.9995641
P02471,Provider_2471,City_71,NV,38.8026,-116.4194,Endocrinology,Orthopedics,Specialty Care,23,400,29,4.32,0.55,False,True,In-network,303,True,Hospital_71,4.84,North,1,0.9998808
P02472,Provider_2472,City_72,WA,47.8011,-120.6901,Neurology,Ophthalmology,Specialty Care,8,450,19,1.84,0.71,False,False,Out-of-network,260,True,Hospital_72,1.05,East,0,0.0028312707
P02473,Provider_2473,City_73,OH,40.5173,-82.8071,Dermatology,Pediatrics,Specialty Care,10,200,48,2.45,0.04,False,False,In-network,51,True,Hospital_73,2.93,West,1,0.9997477
P02474,Provider_2474,City_74,IL,40.7831,-89.2485,Dermatology,Dermatology,Specialty Care,8,200,32,4.52,0.46,True,False,In-network,79,False,Hospital_74,2.32,North,1,0.999458
P02475,Provider_2475,City_75,MA,42.6072,-71.1824,Ophthalmology,Dermatology,Specialty Care,6,180,38,4.78,0.85,True,True,In-network,161,True,Hospital_75,3.83,North,1,0.99988925
P02476,Provider_2476,City_76,WA,48.0011,-120.4901,Ophthalmology,General Practice,Specialty Care,23,180,39,1.24,0.7,True,False,Out-of-network,173,False,Hospital_76,4.57,East,1,0.99988866
P02477,Provider_2477,City_77,NV,39.1026,-116.1194,General Practice,General Practice,Primary Care,9,100,33,3.17,0.47,False,True,In-network,435,False,Hospital_77,1.45,North,1,0.9994167
P02478,Provider_2478,City_78,FL,28.3444,-81.4103,Pediatrics,Cardiology,Primary Care,25,150,29,3.07,0.0,False,False,Out-of-network,251,True,Hospital_78,1.04,West,1,0.999458
P02479,Provider_2479,City_79,CO,39.9501,-105.3821,Cardiology,ENT,Specialty Care,6,500,12,2.2,0.33,True,False,Out-of-network,87,True,Hospital_79,2.28,North,0,0.002277519
P02480,Provider_2480,City_80,FL,28.4444,-81.3103,Psychiatry,Gastroenterology,Specialty Care,27,250,14,4.69,0.63,False,False,Out-of-network,123,False,Hospital_80,3.63,West,1,0.99988925
P02481,Provider_2481,City_81,IL,40.6331,-89.3985,Ophthalmology,Ophthalmology,Specialty Care,27,180,34,3.59,0.9,True,True,In-network,209,True,Hospital_81,1.42,South,1,0.9995641
P02482,Provider_2482,City_82,NV,38.8526,-116.3694,Ophthalmology,Cardiology,Specialty Care,29,180,52,3.71,0.88,True,False,In-network,173,True,Hospital_82,1.78,East,1,0.9995641
P02483,Provider_2483,City_83,CA,36.8783,-119.3179,Dermatology,Psychiatry,Specialty Care,4,200,10,3.51,0.93,False,False,Out-of-network,299,True,Hospital_83,4.86,North,1,0.9998808
P02484,Provider_2484,City_84,PA,41.3533,-77.0445,Endocrinology,General Practice,Specialty Care,35,400,50,2.35,0.86,True,True,In-network,264,False,Hospital_84,4.44,South,1,0.99988866
P02485,Provider_2485,City_85,PA,41.4033,-76.9945,Cardiology,Neurology,Specialty Care,34,500,43,3.67,0.26,False,True,In-network,191,False,Hospital_85,3.77,South,1,0.99893135
P02486,Provider_2486,City_86,NV,39.0526,-116.1694,Ophthalmology,Endocrinology,Specialty Care,3,180,32,3.68,0.5,False,False,In-network,182,False,Hospital_86,2.66,North,1,0.99970335
P02487,Provider_2487,City_87,WA,48.0511,-120.4401,General Practice,Gastroenterology,Primary Care,38,100,42,2.19,0.91,False,False,In-network,349,False,Hospital_87,2.9,South,1,0.99978167
P02488,Provider_2488,City_88,NV,39.1526,-116.0694,Pediatrics,Pediatrics,Primary Care,8,150,5,2.28,0.15,True,False,In-network,318,False,Hospital_88,3.9,North,1,0.999851
P02489,Provider_2489,City_89,GA,32.5656,-82.5001,Endocrinology,Endocrinology,Specialty Care,13,400,53,2.2,0.27,True,False,In-network,488,True,Hospital_89,2.58,East,1,0.99960095
P02490,Provider_2490,City_90,IL,41.0831,-88.9485,Endocrinology,General Practice,Specialty Care,37,400,50,2.41,0.58,False,False,In-network,207,False,Hospital_90,1.58,East,1,0.99956197
P02491,Provider_2491,City_91,NC,35.7596,-79.0193,Ophthalmology,Ophthalmology,Specialty Care,10,180,14,3.96,0.25,False,False,In-network,439,True,Hospital_91,2.85,East,1,0.9996939
P02492,Provider_2492,City_92,NV,38.8526,-116.3694,ENT,Gastroenterology,Specialty Care,1,220,14,3.06,0.05,True,True,Out-of-network,253,True,Hospital_92,4.83,South,1,0.9998622
P02493,Provider_2493,City_93,MA,42.5072,-71.2824,ENT,Urology,Specialty Care,19,220,23,2.54,0.6,True,False,Out-of-network,83,False,Hospital_93,2.57,North,1,0.9997018
P02494,Provider_2494,City_94,AZ,34.1989,-110.9437,Pediatrics,Pediatrics,Primary Care,13,150,44,2.26,0.27,True,False,In-network,152,False,Hospital_94,2.65,West,1,0.99962914
P02495,Provider_2495,City_95,WA,47.9511,-120.5401,Dermatology,Orthopedics,Specialty Care,4,200,48,3.4,0.27,False,False,In-network,174,False,Hospital_95,4.71,East,1,0.9998622
P02496,Provider_2496,City_96,NC,36.0096,-78.7693,Endocrinology,Urology,Specialty Care,29,400,27,3.91,0.48,True,False,Out-of-network,201,False,Hospital_96,2.44,West,1,0.9995641
P02497,Provider_2497,City_97,MA,42.7072,-71.0824,Gastroenterology,Neurology,Specialty Care,2,420,11,4.54,0.15,False,False,Out-of-network,385,False,Hospital_97,2.19,South,1,0.9994167
P02498,Provider_2498,City_98,FL,28.3444,-81.4103,Urology,Ophthalmology,Specialty Care,13,380,7,1.04,0.13,False,True,In-network,432,True,Hospital_98,1.64,South,1,0.9994137
P02499,Provider_2499,City_99,NC,36.1596,-78.6193,Gastroenterology,Dermatology,Specialty Care,38,420,45,4.28,0.58,True,False,Out-of-network,153,False,Hospital_99,1.85,South,1,0.9995641
P02500,Provider_2500,City_100,TX,32.4186,-99.4518,Psychiatry,Psychiatry,Specialty Care,32,250,30,2.03,0.95,True,True,In-network,379,False,Hospital_100,1.41,West,1,0.99952865
P02501,Provider_2501,City_101,TX,31.9686,-99.9018,Neurology,Pediatrics,Specialty Care,5,450,8,1.1,0.61,True,True,Out-of-network,367,True,Hospital_1,3.39,East,1,0.9990707
P02502,Provider_2502,City_102,CO,39.6001,-105.7321,Urology,Neurology,Specialty Care,36,380,60,2.9,0.19,True,False,In-network,58,True,Hospital_2,4.76,South,1,0.9998615
P02503,Provider_2503,City_103,IL,40.7331,-89.2985,Psychiatry,Dermatology,Specialty Care,35,250,45,3.12,0.97,True,False,Out-of-network,152,False,Hospital_3,1.13,South,1,0.9995641
P02504,Provider_2504,City_104,NC,35.9096,-78.8693,ENT,Gastroenterology,Specialty Care,17,220,10,4.29,0.31,False,False,Out-of-network,50,True,Hospital_4,3.13,West,1,0.9998622
P02505,Provider_2505,City_105,WA,47.9511,-120.5401,Ophthalmology,Orthopedics,Specialty Care,16,180,29,2.1,0.85,True,False,In-network,294,False,Hospital_5,2.08,West,1,0.99952865
P02506,Provider_2506,City_106,IL,40.8831,-89.1485,General Practice,Orthopedics,Primary Care,7,100,50,2.02,0.78,True,False,Out-of-network,214,False,Hospital_6,1.9,East,1,0.99956197
P02507,Provider_2507,City_107,CA,37.0783,-119.1179,Psychiatry,Pediatrics,Specialty Care,3,250,22,2.47,0.56,True,False,In-network,246,True,Hospital_7,3.5,South,1,0.99988866
P02508,Provider_2508,City_108,IL,40.9831,-89.0485,Endocrinology,Cardiology,Specialty Care,36,400,16,3.3,0.44,False,False,In-network,400,True,Hospital_8,4.18,North,1,0.9998517
P02509,Provider_2509,City_109,NC,36.1596,-78.6193,ENT,Dermatology,Specialty Care,18,220,35,4.48,0.0,True,False,In-network,189,False,Hospital_9,2.94,South,1,0.9997489
P02510,Provider_2510,City_110,FL,28.4444,-81.3103,Ophthalmology,Cardiology,Specialty Care,6,180,6,1.83,0.53,False,False,Out-of-network,499,False,Hospital_10,3.8,North,1,0.9998802
P02511,Provider_2511,City_111,MI,44.3148,-85.6024,Ophthalmology,General Practice,Specialty Care,14,180,17,1.95,0.02,True,True,Out-of-network,204,False,Hospital_11,4.85,North,1,0.9998615
P02512,Provider_2512,City_112,FL,28.0444,-81.7103,Gastroenterology,Dermatology,Specialty Care,18,420,32,2.28,0.09,False,False,In-network,310,False,Hospital_12,1.8,West,1,0.9994137
P02513,Provider_2513,City_113,NY,43.3994,-74.1179,Gastroenterology,Gastroenterology,Specialty Care,17,420,17,4.11,0.49,False,False,In-network,132,True,Hospital_13,2.83,West,1,0.9997713
P02514,Provider_2514,City_114,MI,44.4648,-85.4524,Pediatrics,Gastroenterology,Primary Care,40,150,33,1.05,0.56,False,False,Out-of-network,312,True,Hospital_14,4.07,East,1,0.9998802
P02515,Provider_2515,City_115,TX,32.1686,-99.7018,Endocrinology,Neurology,Specialty Care,1,400,41,2.79,0.37,False,False,Out-of-network,99,True,Hospital_15,3.3,East,1,0.9998615
P02516,Provider_2516,City_116,PA,41.4533,-76.9445,Orthopedics,Dermatology,Surgical,29,400,42,2.47,0.11,False,True,Out-of-network,307,False,Hospital_16,4.31,South,1,0.999851
P02517,Provider_2517,City_117,CO,39.8501,-105.4821,Cardiology,Neurology,Specialty Care,1,500,50,1.1,0.54,True,True,Out-of-network,320,False,Hospital_17,2.35,South,0,0.0026315362
P02518,Provider_2518,City_118,NC,36.1096,-78.6693,Orthopedics,Cardiology,Surgical,38,400,29,4.58,0.34,False,False,In-network,484,False,Hospital_18,3.32,South,1,0.9998517
P02519,Provider_2519,City_119,FL,28.3944,-81.3603,ENT,Endocrinology,Specialty Care,19,220,26,3.6,0.16,False,True,In-network,88,False,Hospital_19,1.69,South,1,0.999458
P02520,Provider_2520,City_120,FL,28.4444,-81.3103,Endocrinology,Psychiatry,Specialty Care,10,400,43,3.98,0.13,True,True,In-network,366,True,Hospital_20,4.92,West,1,0.9998517
P02521,Provider_2521,City_121,GA,32.1656,-82.9001,General Practice,Endocrinology,Primary Care,3,100,37,1.04,0.82,False,True,In-network,119,False,Hospital_21,1.31,East,1,0.99956197
P02522,Provider_2522,City_122,OH,40.4673,-82.8571,Neurology,Neurology,Specialty Care,29,450,25,1.7,0.49,True,False,Out-of-network,100,False,Hospital_22,3.04,East,1,0.9991364
P02523,Provider_2523,City_123,NC,35.8596,-78.9193,General Practice,Urology,Primary Care,21,100,18,1.92,0.65,False,True,In-network,451,True,Hospital_23,3.12,West,1,0.9998802
P02524,Provider_2524,City_124,FL,28.1444,-81.6103,Psychiatry,Psychiatry,Specialty Care,19,250,50,1.31,0.8,True,True,Out-of-network,317,True,Hospital_24,3.32,South,1,0.9998802
P02525,Provider_2525,City_125,MI,44.5148,-85.4024,Neurology,Ophthalmology,Specialty Care,8,450,44,4.82,0.39,True,True,Out-of-network,173,False,Hospital_25,2.31,West,0,0.002289136
P02526,Provider_2526,City_126,FL,28.2444,-81.5103,Pediatrics,General Practice,Primary Care,18,150,26,1.43,0.93,False,False,In-network,311,False,Hospital_26,1.51,North,1,0.99952865
P02527,Provider_2527,City_127,PA,41.5033,-76.8945,Pediatrics,Endocrinology,Primary Care,11,150,11,2.31,0.06,False,True,In-network,115,False,Hospital_27,4.42,South,1,0.9998615
P02528,Provider_2528,City_128,FL,28.3444,-81.4103,Cardiology,Cardiology,Specialty Care,14,500,52,3.12,0.98,False,True,Out-of-network,424,False,Hospital_28,1.06,West,0,0.002644954
P02529,Provider_2529,City_129,NV,39.2026,-116.0194,Neurology,Gastroenterology,Specialty Care,33,450,49,4.3,0.23,True,False,In-network,146,False,Hospital_29,2.95,South,0,0.015657445
P02530,Provider_2530,City_130,CA,37.2283,-118.9679,Pediatrics,Cardiology,Primary Care,36,150,45,3.62,0.06,False,False,In-network,224,False,Hospital_30,1.38,South,1,0.999458
P02531,Provider_2531,City_131,CA,36.7783,-119.4179,Psychiatry,Orthopedics,Specialty Care,22,250,27,2.05,0.22,True,False,In-network,306,False,Hospital_31,2.85,North,1,0.9996923
P02532,Provider_2532,City_132,CO,39.6001,-105.7321,Neurology,Neurology,Specialty Care,32,450,58,1.55,0.15,True,True,In-network,211,True,Hospital_32,1.18,South,0,0.002277519
P02533,Provider_2533,City_133,MI,44.4148,-85.5024,Cardiology,Dermatology,Specialty Care,17,500,42,1.43,0.53,True,True,Out-of-network,486,False,Hospital_33,2.72,North,0,0.0063655847
P02534,Provider_2534,City_134,CO,39.7001,-105.6321,Orthopedics,Neurology,Surgical,7,400,22,1.07,0.73,False,False,In-network,394,True,Hospital_34,2.71,East,1,0.9997013
P02535,Provider_2535,City_135,NV,39.0026,-116.2194,Gastroenterology,Neurology,Specialty Care,39,420,17,4.46,0.83,True,True,In-network,397,True,Hospital_35,4.64,North,1,0.9998808
P02536,Provider_2536,City_136,WA,48.0011,-120.4901,Cardiology,Dermatology,Specialty Care,4,500,42,4.82,0.43,True,False,In-network,258,True,Hospital_36,1.87,South,0,0.002289136
P02537,Provider_2537,City_137,IL,40.9331,-89.0985,Neurology,Urology,Specialty Care,18,450,52,4.99,0.68,True,True,Out-of-network,308,False,Hospital_37,2.95,East,0,0.018053599
P02538,Provider_2538,City_138,AZ,34.3989,-110.7437,Cardiology,Dermatology,Specialty Care,20,500,53,4.46,0.59,False,False,Out-of-network,478,True,Hospital_38,4.17,West,1,0.9990753
P02539,Provider_2539,City_139,NY,43.6994,-73.8179,Dermatology,Cardiology,Specialty Care,8,200,59,4.63,0.11,False,False,In-network,74,False,Hospital_39,1.92,South,1,0.999458
P02540,Provider_2540,City_140,GA,32.6156,-82.4501,Dermatology,Pediatrics,Specialty Care,19,200,57,1.97,0.72,False,False,Out-of-network,462,True,Hospital_40,4.12,North,1,0.9998802
P02541,Provider_2541,City_141,NY,43.2994,-74.2179,General Practice,Orthopedics,Primary Care,3,100,38,3.06,0.42,False,False,Out-of-network,467,True,Hospital_41,3.02,East,1,0.9998517
P02542,Provider_2542,City_142,CA,36.8283,-119.3679,Neurology,ENT,Specialty Care,20,450,48,1.95,0.27,True,True,In-network,472,False,Hospital_42,2.67,South,0,0.003107414
P02543,Provider_2543,City_143,MA,42.5072,-71.2824,Orthopedics,Psychiatry,Surgical,36,400,23,4.19,0.78,False,True,Out-of-network,401,False,Hospital_43,1.07,West,1,0.99953103
P02544,Provider_2544,City_144,GA,32.3156,-82.7501,Dermatology,Endocrinology,Specialty Care,38,200,52,1.77,0.56,False,True,Out-of-network,418,False,Hospital_44,3.23,North,1,0.9998802
P02545,Provider_2545,City_145,GA,32.3656,-82.7001,General Practice,Orthopedics,Primary Care,3,100,5,1.41,0.39,False,True,Out-of-network,62,True,Hospital_45,4.71,East,1,0.9998615
P02546,Provider_2546,City_146,WA,48.0011,-120.4901,Psychiatry,Psychiatry,Specialty Care,34,250,42,3.93,0.66,False,True,Out-of-network,134,True,Hospital_46,3.08,East,1,0.99988925
P02547,Provider_2547,City_147,MI,44.6148,-85.3024,Endocrinology,General Practice,Specialty Care,12,400,33,2.28,0.24,True,True,Out-of-network,231,False,Hospital_47,1.14,North,1,0.99945515
P02548,Provider_2548,City_148,IL,40.9831,-89.0485,Neurology,Pediatrics,Specialty Care,17,450,41,2.31,0.04,True,False,In-network,405,True,Hospital_48,2.16,West,0,0.0021167668
P02549,Provider_2549,City_149,WA,48.1511,-120.3401,Psychiatry,Pediatrics,Specialty Care,33,250,33,1.16,0.59,False,True,Out-of-network,53,False,Hospital_49,3.38,East,1,0.99988866
P02550,Provider_2550,City_150,WA,48.2011,-120.2901,Psychiatry,ENT,Specialty Care,32,250,16,3.94,0.74,True,True,In-network,453,True,Hospital_50,2.9,North,1,0.99978274
P02551,Provider_2551,City_151,CA,36.7783,-119.4179,Gastroenterology,Psychiatry,Specialty Care,35,420,57,1.47,0.24,True,True,Out-of-network,358,True,Hospital_51,4.31,East,1,0.999851
P02552,Provider_2552,City_152,OH,40.4673,-82.8571,Ophthalmology,General Practice,Specialty Care,19,180,35,3.24,0.93,False,False,In-network,129,False,Hospital_52,4.47,West,1,0.99988925
P02553,Provider_2553,City_153,AZ,34.1489,-110.9937,Urology,Neurology,Specialty Care,1,380,9,4.7,0.78,False,False,In-network,375,False,Hospital_53,2.29,South,1,0.99953103
P02554,Provider_2554,City_154,MA,42.5572,-71.2324,General Practice,Cardiology,Primary Care,10,100,43,4.39,0.33,False,True,Out-of-network,123,True,Hospital_54,2.93,West,1,0.9997489
P02555,Provider_2555,City_155,CO,39.7501,-105.5821,General Practice,Pediatrics,Primary Care,33,100,42,3.71,0.13,False,False,In-network,359,False,Hospital_55,4.95,West,1,0.9998517
P02556,Provider_2556,City_156,NC,36.0096,-78.7693,ENT,Cardiology,Specialty Care,39,220,25,3.67,0.62,True,True,Out-of-network,380,True,Hospital_56,1.68,East,1,0.99953103
P02557,Provider_2557,City_157,GA,32.4656,-82.6001,Urology,Urology,Specialty Care,7,380,30,1.31,0.98,True,False,In-network,198,False,Hospital_57,2.6,North,1,0.9997018
P02558,Provider_2558,City_158,NC,36.1096,-78.6693,Ophthalmology,Neurology,Specialty Care,24,180,28,1.38,0.69,True,True,Out-of-network,70,False,Hospital_58,3.95,East,1,0.99988866
P02559,Provider_2559,City_159,OH,40.8173,-82.5071,Ophthalmology,Ophthalmology,Specialty Care,33,180,34,4.06,0.39,False,False,Out-of-network,107,False,Hospital_59,3.43,North,1,0.9998622
P02560,Provider_2560,City_160,PA,41.6533,-76.7445,Gastroenterology,Ophthalmology,Specialty Care,26,420,52,1.94,0.41,True,True,In-network,353,False,Hospital_60,3.46,East,1,0.999851
P02561,Provider_2561,City_161,CA,36.7783,-119.4179,Cardiology,ENT,Specialty Care,31,500,12,1.47,0.97,False,False,Out-of-network,493,False,Hospital_61,3.96,West,1,0.9990707
P02562,Provider_2562,City_162,IL,40.6831,-89.3485,Urology,Psychiatry,Specialty Care,24,380,25,2.73,0.15,True,False,Out-of-network,159,False,Hospital_62,2.08,West,1,0.99945515
P02563,Provider_2563,City_163,FL,28.0944,-81.6603,Dermatology,Endocrinology,Specialty Care,2,200,27,1.14,0.96,False,False,Out-of-network,146,False,Hospital_63,3.36,South,1,0.99988866
P02564,Provider_2564,City_164,CA,36.9283,-119.2679,Endocrinology,Psychiatry,Specialty Care,19,400,28,3.9,0.87,False,True,Out-of-network,189,True,Hospital_64,3.41,West,1,0.99988925
P02565,Provider_2565,City_165,NC,35.9596,-78.8193,Gastroenterology,Dermatology,Specialty Care,11,420,22,4.25,0.86,True,True,Out-of-network,164,True,Hospital_65,4.17,North,1,0.99988925
P02566,Provider_2566,City_166,AZ,34.2989,-110.8437,Neurology,Endocrinology,Specialty Care,11,450,23,1.76,0.05,True,True,Out-of-network,97,False,Hospital_66,2.14,West,0,0.002277519
P02567,Provider_2567,City_167,NY,43.5994,-73.9179,Neurology,ENT,Specialty Care,21,450,34,1.05,0.89,False,False,Out-of-network,254,True,Hospital_67,3.37,South,1,0.9991364
P02568,Provider_2568,City_168,CO,39.9001,-105.4321,Gastroenterology,Psychiatry,Specialty Care,9,420,23,4.91,0.45,True,False,In-network,403,True,Hospital_68,4.03,South,1,0.9998517
P02569,Provider_2569,City_169,NY,43.6994,-73.8179,Cardiology,Psychiatry,Specialty Care,35,500,46,2.2,0.52,False,False,Out-of-network,310,True,Hospital_69,1.8,North,0,0.0026315362
P02570,Provider_2570,City_170,NY,43.7494,-73.7679,ENT,Gastroenterology,Specialty Care,26,220,11,4.27,0.83,True,True,In-network,500,False,Hospital_70,3.48,South,1,0.9998808
P02571,Provider_2571,City_171,MA,42.4072,-71.3824,Dermatology,ENT,Specialty Care,29,200,58,1.47,0.37,False,False,In-network,65,False,Hospital_71,3.0,East,1,0.9998615
P02572,Provider_2572,City_172,NV,38.8526,-116.3694,Dermatology,Pediatrics,Specialty Care,10,200,26,2.22,0.59,False,False,Out-of-network,359,False,Hospital_72,4.84,South,1,0.9998802
P02573,Provider_2573,City_173,WA,47.8511,-120.6401,Pediatrics,Neurology,Primary Care,27,150,59,2.3,0.51,True,True,In-network,428,False,Hospital_73,3.97,East,1,0.9998802
P02574,Provider_2574,City_174,MA,42.5572,-71.2324,Dermatology,Neurology,Specialty Care,23,200,50,3.19,0.36,False,True,Out-of-network,150,False,Hospital_74,3.71,East,1,0.9998622
P02575,Provider_2575,City_175,MA,42.6072,-71.1824,Gastroenterology,Ophthalmology,Specialty Care,39,420,38,3.53,0.07,False,False,Out-of-network,177,True,Hospital_75,4.14,West,1,0.9998622
P02576,Provider_2576,City_176,GA,32.4156,-82.6501,Ophthalmology,Psychiatry,Specialty Care,12,180,20,4.52,0.92,False,False,Out-of-network,116,False,Hospital_76,1.72,East,1,0.9995641
P02577,Provider_2577,City_177,MI,44.6148,-85.3024,Dermatology,Urology,Specialty Care,34,200,24,3.2,0.52,True,True,In-network,290,False,Hospital_77,2.93,South,1,0.99978274
P02578,Provider_2578,City_178,OH,40.7673,-82.5571,Orthopedics,Urology,Surgical,17,400,50,3.87,0.98,False,True,In-network,124,True,Hospital_78,4.39,South,1,0.99988925
P02579,Provider_2579,City_179,MI,44.7148,-85.2024,Dermatology,Pediatrics,Specialty Care,9,200,57,3.84,0.03,False,False,In-network,288,False,Hospital_79,3.05,West,1,0.9998517
P02580,Provider_2580,City_180,NY,43.7494,-73.7679,General Practice,Psychiatry,Primary Care,16,100,38,4.74,0.14,True,True,In-network,351,False,Hospital_80,1.28,West,1,0.9994167
P02581,Provider_2581,City_181,NC,35.7596,-79.0193,Gastroenterology,Endocrinology,Specialty Care,26,420,46,3.9,0.46,True,True,In-network,355,False,Hospital_81,2.62,East,1,0.999603
P02582,Provider_2582,City_182,FL,28.0444,-81.7103,Ophthalmology,Pediatrics,Specialty Care,2,180,28,4.55,0.24,False,False,Out-of-network,369,False,Hospital_82,1.4,West,1,0.9994167
P02583,Provider_2583,City_183,GA,32.2656,-82.8001,General Practice,ENT,Primary Care,9,100,21,1.44,0.43,False,False,In-network,209,True,Hospital_83,3.2,North,1,0.9998615
P02584,Provider_2584,City_184,CO,39.7001,-105.6321,General Practice,Psychiatry,Primary Care,22,100,43,4.69,0.41,True,False,In-network,433,False,Hospital_84,4.4,East,1,0.9998517
P02585,Provider_2585,City_185,CO,39.7501,-105.5821,Urology,General Practice,Specialty Care,9,380,19,2.96,0.13,True,True,In-network,224,False,Hospital_85,1.07,North,1,0.99945515
P02586,Provider_2586,City_186,PA,41.4533,-76.9445,General Practice,Neurology,Primary Care,21,100,24,1.18,0.05,True,True,Out-of-network,449,True,Hospital_86,2.22,East,1,0.9994137
P02587,Provider_2587,City_187,NY,43.5994,-73.9179,General Practice,Neurology,Primary Care,25,100,29,4.43,0.25,False,True,In-network,171,False,Hospital_87,4.01,North,1,0.9998622
P02588,Provider_2588,City_188,TX,32.3186,-99.5518,Psychiatry,Gastroenterology,Specialty Care,33,250,34,4.47,0.64,True,False,Out-of-network,117,True,Hospital_88,2.39,West,1,0.9995641
P02589,Provider_2589,City_189,NC,36.1596,-78.6193,Urology,Neurology,Specialty Care,34,380,37,4.1,0.58,True,True,Out-of-network,437,False,Hospital_89,1.23,South,1,0.99953103
P02590,Provider_2590,City_190,MI,44.7648,-85.1524,Urology,ENT,Specialty Care,19,380,7,3.0,0.76,False,False,Out-of-network,202,False,Hospital_90,4.11,North,1,0.99989164
P02591,Provider_2591,City_191,GA,32.1656,-82.9001,Cardiology,ENT,Specialty Care,9,500,12,2.57,0.52,True,True,In-network,138,False,Hospital_91,3.91,East,1,0.9991364
P02592,Provider_2592,City_192,TX,32.0186,-99.8518,Cardiology,Pediatrics,Specialty Care,13,500,5,4.66,0.97,True,False,Out-of-network,93,False,Hospital_92,4.26,South,1,0.9991406
P02593,Provider_2593,City_193,NC,35.8596,-78.9193,General Practice,Orthopedics,Primary Care,28,100,44,1.75,0.62,True,True,Out-of-network,279,True,Hospital_93,3.8,South,1,0.9998889
P02594,Provider_2594,City_194,IL,40.7831,-89.2485,Psychiatry,Urology,Specialty Care,23,250,38,2.7,0.19,True,True,Out-of-network,134,True,Hospital_94,2.05,West,1,0.99945515
P02595,Provider_2595,City_195,FL,28.1944,-81.5603,Psychiatry,Orthopedics,Specialty Care,15,250,49,1.52,0.14,False,False,In-network,93,True,Hospital_95,4.21,West,1,0.9998615
P02596,Provider_2596,City_196,TX,32.2186,-99.6518,Cardiology,Dermatology,Specialty Care,32,500,25,1.4,0.61,True,True,Out-of-network,429,True,Hospital_96,1.06,North,0,0.0026315362
P02597,Provider_2597,City_197,NY,43.5994,-73.9179,Psychiatry,Urology,Specialty Care,28,250,24,2.71,0.59,True,False,In-network,390,False,Hospital_97,3.01,East,1,0.9998802
P02598,Provider_2598,City_198,MA,42.7572,-71.0324,Urology,Neurology,Specialty Care,30,380,10,3.29,0.72,False,True,Out-of-network,382,True,Hospital_98,3.17,South,1,0.9998808
P02599,Provider_2599,City_199,MA,42.8072,-70.9824,Ophthalmology,General Practice,Specialty Care,8,180,48,4.97,0.22,True,False,Out-of-network,490,True,Hospital_99,1.39,North,1,0.9994167
P02600,Provider_2600,City_200,AZ,34.4989,-110.6437,Urology,Gastroenterology,Specialty Care,3,380,31,3.25,0.46,False,False,Out-of-network,272,True,Hospital_100,4.8,West,1,0.99986255
P02601,Provider_2601,City_1,CA,36.7783,-119.4179,Gastroenterology,Dermatology,Specialty Care,8,420,57,3.48,0.76,True,False,Out-of-network,173,False,Hospital_1,4.02,South,1,0.99988925
P02602,Provider_2602,City_2,CA,36.8283,-119.3679,ENT,Cardiology,Specialty Care,10,220,45,5.0,0.46,True,False,Out-of-network,346,True,Hospital_2,4.72,South,1,0.9998517
P02603,Provider_2603,City_3,FL,28.0944,-81.6603,Cardiology,General Practice,Specialty Care,23,500,49,4.08,0.61,True,False,Out-of-network,98,False,Hospital_3,4.19,North,1,0.9991406
P02604,Provider_2604,City_4,CA,36.9283,-119.2679,Urology,ENT,Specialty Care,12,380,47,1.38,0.8,False,True,In-network,316,True,Hospital_4,3.21,West,1,0.9998802
P02605,Provider_2605,City_5,IL,40.8331,-89.1985,Pediatrics,Orthopedics,Primary Care,8,150,33,4.47,0.73,True,True,In-network,137,True,Hospital_5,4.76,South,1,0.99988925
P02606,Provider_2606,City_6,NY,43.5494,-73.9679,Dermatology,Urology,Specialty Care,5,200,8,4.31,0.58,True,True,In-network,229,True,Hospital_6,2.96,South,1,0.99982846
P02607,Provider_2607,City_7,CA,37.0783,-119.1179,Pediatrics,Psychiatry,Primary Care,28,150,34,4.99,0.7,False,False,In-network,175,True,Hospital_7,4.53,East,1,0.99988925
P02608,Provider_2608,City_8,CA,37.1283,-119.0679,Cardiology,Ophthalmology,Specialty Care,37,500,51,3.33,0.36,True,True,Out-of-network,441,True,Hospital_8,3.84,South,1,0.9988501
P02609,Provider_2609,City_9,GA,32.5656,-82.5001,General Practice,ENT,Primary Care,14,100,41,4.74,0.15,True,False,In-network,449,True,Hospital_9,1.45,West,1,0.9994167
P02610,Provider_2610,City_10,TX,32.4186,-99.4518,Psychiatry,ENT,Specialty Care,33,250,42,3.7,0.91,False,True,In-network,203,True,Hospital_10,4.4,South,1,0.99988925
P02611,Provider_2611,City_11,MA,42.4072,-71.3824,Endocrinology,Psychiatry,Specialty Care,5,400,11,3.58,0.7,False,True,In-network,148,False,Hospital_11,1.71,West,1,0.9995641
P02612,Provider_2612,City_12,NC,35.8096,-78.9693,Gastroenterology,General Practice,Specialty Care,37,420,6,4.19,0.67,True,True,In-network,430,False,Hospital_12,2.44,West,1,0.99953103
P02613,Provider_2613,City_13,WA,47.8511,-120.6401,General Practice,Orthopedics,Primary Care,1,100,27,2.76,0.77,True,False,Out-of-network,52,True,Hospital_13,1.33,South,1,0.99956197
P02614,Provider_2614,City_14,CA,36.9283,-119.2679,Neurology,Pediatrics,Specialty Care,22,450,40,3.29,0.75,False,False,In-network,415,True,Hospital_14,3.35,East,1,0.9990753
P02615,Provider_2615,City_15,AZ,34.2489,-110.8937,General Practice,Urology,Primary Care,33,100,57,1.8,0.52,False,True,In-network,498,False,Hospital_15,4.28,East,1,0.9998802
P02616,Provider_2616,City_16,AZ,34.2989,-110.8437,Neurology,Ophthalmology,Specialty Care,16,450,12,3.24,0.79,True,False,In-network,363,True,Hospital_16,4.35,North,1,0.9990753
P02617,Provider_2617,City_17,GA,32.4656,-82.6001,Gastroenterology,Cardiology,Specialty Care,16,420,31,2.89,0.26,False,True,In-network,198,False,Hospital_17,4.17,North,1,0.9998615
P02618,Provider_2618,City_18,OH,40.7673,-82.5571,ENT,Gastroenterology,Specialty Care,24,220,20,1.19,0.75,False,True,In-network,489,True,Hospital_18,3.48,East,1,0.9998802
P02619,Provider_2619,City_19,PA,41.6033,-76.7945,Neurology,Gastroenterology,Specialty Care,20,450,40,4.19,0.03,False,True,In-network,342,False,Hospital_19,1.24,West,0,0.0021275654
P02620,Provider_2620,City_20,GA,32.6156,-82.4501,ENT,Dermatology,Specialty Care,29,220,23,1.0,0.7,True,False,Out-of-network,382,True,Hospital_20,3.89,South,1,0.9998802
P02621,Provider_2621,City_21,MA,42.4072,-71.3824,ENT,Gastroenterology,Specialty Care,18,220,35,2.73,0.03,False,False,Out-of-network,162,True,Hospital_21,4.49,South,1,0.9998615
P02622,Provider_2622,City_22,IL,40.6831,-89.3485,Orthopedics,General Practice,Surgical,40,400,33,3.32,0.37,False,False,In-network,409,True,Hospital_22,4.41,North,1,0.9998517
P02623,Provider_2623,City_23,IL,40.7331,-89.2985,ENT,ENT,Specialty Care,20,220,17,1.49,0.39,False,True,In-network,482,False,Hospital_23,4.74,West,1,0.999851
P02624,Provider_2624,City_24,GA,32.3156,-82.7501,Endocrinology,Gastroenterology,Specialty Care,4,400,14,2.29,0.97,False,False,In-network,107,False,Hospital_24,2.6,North,1,0.9997018
P02625,Provider_2625,City_25,CO,39.7501,-105.5821,Neurology,Endocrinology,Specialty Care,32,450,28,1.08,0.02,False,True,In-network,172,True,Hospital_25,1.01,East,0,0.002277519
P02626,Provider_2626,City_26,NV,39.0526,-116.1694,Pediatrics,General Practice,Primary Care,25,150,16,2.85,0.71,False,False,In-network,245,True,Hospital_26,1.69,East,1,0.99956197
P02627,Provider_2627,City_27,CA,37.0783,-119.1179,Cardiology,Psychiatry,Specialty Care,34,500,56,2.48,0.56,False,False,Out-of-network,265,False,Hospital_27,3.49,East,1,0.9991364
P02628,Provider_2628,City_28,FL,28.3444,-81.4103,General Practice,Cardiology,Primary Care,12,100,57,3.58,0.87,False,True,In-network,365,True,Hospital_28,4.37,South,1,0.9998808
P02629,Provider_2629,City_29,WA,48.1511,-120.3401,Orthopedics,Dermatology,Surgical,30,400,21,3.7,0.33,False,False,Out-of-network,449,False,Hospital_29,2.23,South,1,0.9994167
P02630,Provider_2630,City_30,NY,43.7494,-73.7679,Urology,Pediatrics,Specialty Care,32,380,52,3.31,0.07,True,False,In-network,269,True,Hospital_30,3.13,West,1,0.9998622
P02631,Provider_2631,City_31,CA,36.7783,-119.4179,Neurology,Gastroenterology,Specialty Care,11,450,57,4.6,0.58,False,True,Out-of-network,420,True,Hospital_31,3.82,North,1,0.9990753
P02632,Provider_2632,City_32,NV,38.8526,-116.3694,Orthopedics,Dermatology,Surgical,10,400,46,3.04,0.81,False,True,Out-of-network,295,False,Hospital_32,1.07,East,1,0.9995413
P02633,Provider_2633,City_33,MA,42.5072,-71.2824,Psychiatry,Orthopedics,Specialty Care,26,250,41,3.05,0.14,False,False,In-network,230,False,Hospital_33,3.84,South,1,0.9998652
P02634,Provider_2634,City_34,CA,36.9283,-119.2679,General Practice,Psychiatry,Primary Care,17,100,19,2.16,0.77,False,False,In-network,492,False,Hospital_34,1.67,South,1,0.99952865
P02635,Provider_2635,City_35,IL,40.8331,-89.1985,Endocrinology,ENT,Specialty Care,33,400,59,2.07,0.66,True,True,Out-of-network,313,False,Hospital_35,1.98,West,1,0.99952865
P02636,Provider_2636,City_36,NY,43.5494,-73.9679,Dermatology,ENT,Specialty Care,32,200,44,4.72,0.96,False,True,Out-of-network,192,False,Hospital_36,2.09,South,1,0.9995641
P02637,Provider_2637,City_37,PA,41.5033,-76.8945,Pediatrics,Gastroenterology,Primary Care,38,150,12,1.94,0.57,False,True,Out-of-network,69,False,Hospital_37,1.13,South,1,0.99956197
P02638,Provider_2638,City_38,OH,40.7673,-82.5571,Dermatology,Cardiology,Specialty Care,18,200,12,1.27,0.26,True,True,In-network,453,True,Hospital_38,4.77,North,1,0.999851
P02639,Provider_2639,City_39,GA,32.5656,-82.5001,ENT,Ophthalmology,Specialty Care,18,220,14,1.5,0.42,True,False,In-network,258,False,Hospital_39,4.52,South,1,0.9998615
P02640,Provider_2640,City_40,WA,48.2011,-120.2901,General Practice,Ophthalmology,Primary Care,25,100,37,1.39,0.33,False,True,In-network,117,False,Hospital_40,3.0,South,1,0.9998615
P02641,Provider_2641,City_41,IL,40.6331,-89.3985,Orthopedics,Pediatrics,Surgical,10,400,48,1.05,0.63,True,False,Out-of-network,445,True,Hospital_41,2.97,North,1,0.99981457
P02642,Provider_2642,City_42,MI,44.3648,-85.5524,Gastroenterology,Cardiology,Specialty Care,31,420,47,4.6,0.91,True,False,Out-of-network,219,False,Hospital_42,3.31,South,1,0.99988925
P02643,Provider_2643,City_43,WA,47.8511,-120.6401,Dermatology,Endocrinology,Specialty Care,28,200,51,1.43,0.11,True,True,In-network,343,True,Hospital_43,5.0,North,1,0.999851
P02644,Provider_2644,City_44,TX,32.1186,-99.7518,ENT,Endocrinology,Specialty Care,31,220,8,3.84,0.19,True,True,Out-of-network,260,True,Hospital_44,2.01,West,1,0.999458
P02645,Provider_2645,City_45,MA,42.6072,-71.1824,Pediatrics,Urology,Primary Care,4,150,24,3.61,1.0,False,False,In-network,165,False,Hospital_45,4.4,East,1,0.99988925
P02646,Provider_2646,City_46,GA,32.4156,-82.6501,Endocrinology,Cardiology,Specialty Care,27,400,24,4.58,0.7,True,False,Out-of-network,290,True,Hospital_46,4.61,East,1,0.9998808
P02647,Provider_2647,City_47,AZ,34.3489,-110.7937,Neurology,Cardiology,Specialty Care,10,450,24,4.66,0.22,True,True,Out-of-network,385,False,Hospital_47,4.56,South,1,0.9988501
P02648,Provider_2648,City_48,PA,41.5533,-76.8445,ENT,Pediatrics,Specialty Care,25,220,58,3.55,0.31,True,False,In-network,206,False,Hospital_48,3.42,South,1,0.9998622
P02649,Provider_2649,City_49,FL,28.3944,-81.3603,Urology,Orthopedics,Specialty Care,18,380,16,3.46,0.27,True,True,Out-of-network,412,False,Hospital_49,2.23,North,1,0.9994167
P02650,Provider_2650,City_50,PA,41.6533,-76.7445,Gastroenterology,Psychiatry,Specialty Care,5,420,53,2.33,0.7,False,True,In-network,435,True,Hospital_50,2.11,West,1,0.99952865
P02651,Provider_2651,City_51,TX,31.9686,-99.9018,General Practice,Ophthalmology,Primary Care,15,100,26,3.11,0.74,False,False,In-network,136,False,Hospital_51,2.61,West,1,0.99970335
P02652,Provider_2652,City_52,PA,41.2533,-77.1445,Neurology,Endocrinology,Specialty Care,40,450,58,1.73,0.4,False,True,In-network,434,False,Hospital_52,1.99,West,0,0.0021167668
P02653,Provider_2653,City_53,CA,36.8783,-119.3179,Gastroenterology,General Practice,Specialty Care,6,420,16,1.11,0.49,False,True,Out-of-network,227,True,Hospital_53,4.47,North,1,0.99988866
P02654,Provider_2654,City_54,MA,42.5572,-71.2324,ENT,Urology,Specialty Care,35,220,37,3.57,0.41,False,False,Out-of-network,140,False,Hospital_54,4.52,South,1,0.9998622
P02655,Provider_2655,City_55,NV,39.0026,-116.2194,Gastroenterology,Gastroenterology,Specialty Care,16,420,30,2.81,0.84,True,False,In-network,406,False,Hospital_55,4.38,West,1,0.9998802
P02656,Provider_2656,City_56,WA,48.0011,-120.4901,General Practice,Urology,Primary Care,24,100,29,4.14,0.47,True,False,Out-of-network,197,False,Hospital_56,4.56,West,1,0.9998622
P02657,Provider_2657,City_57,CO,39.8501,-105.4821,Orthopedics,Neurology,Surgical,40,400,11,3.71,0.77,True,False,In-network,84,True,Hospital_57,4.62,West,1,0.99988925
P02658,Provider_2658,City_58,NV,39.1526,-116.0694,Endocrinology,General Practice,Specialty Care,40,400,49,2.57,0.83,True,False,In-network,123,False,Hospital_58,3.08,North,1,0.99988866
P02659,Provider_2659,City_59,MA,42.8072,-70.9824,Urology,ENT,Specialty Care,34,380,54,1.06,0.3,False,False,Out-of-network,326,True,Hospital_59,2.13,West,1,0.9994137
P02660,Provider_2660,City_60,MI,44.7648,-85.1524,Ophthalmology,General Practice,Specialty Care,24,180,32,4.39,0.36,False,False,In-network,132,True,Hospital_60,3.33,East,1,0.9998622
P02661,Provider_2661,City_61,MA,42.4072,-71.3824,Endocrinology,General Practice,Specialty Care,18,400,38,1.8,0.1,False,False,Out-of-network,422,True,Hospital_61,2.56,South,1,0.99960095
P02662,Provider_2662,City_62,AZ,34.0989,-111.0437,Cardiology,Orthopedics,Specialty Care,21,500,14,1.03,0.56,True,False,In-network,392,False,Hospital_62,3.15,West,1,0.9990707
P02663,Provider_2663,City_63,OH,40.5173,-82.8071,Cardiology,ENT,Specialty Care,21,500,8,4.6,0.72,False,True,In-network,489,False,Hospital_63,4.07,South,1,0.9990753
P02664,Provider_2664,City_64,NC,35.9096,-78.8693,Dermatology,Ophthalmology,Specialty Care,22,200,41,4.62,0.88,True,False,Out-of-network,128,False,Hospital_64,4.04,East,1,0.99988925
P02665,Provider_2665,City_65,NV,39.0026,-116.2194,Ophthalmology,Gastroenterology,Specialty Care,31,180,13,3.28,0.55,True,False,Out-of-network,70,True,Hospital_65,4.29,North,1,0.99988925
P02666,Provider_2666,City_66,FL,28.2444,-81.5103,Psychiatry,Endocrinology,Specialty Care,34,250,37,4.38,0.98,True,False,In-network,407,True,Hospital_66,3.29,West,1,0.9998808
P02667,Provider_2667,City_67,NV,39.1026,-116.1194,ENT,Dermatology,Specialty Care,32,220,9,1.07,0.94,True,True,Out-of-network,441,True,Hospital_67,4.46,North,1,0.9998802
P02668,Provider_2668,City_68,WA,48.1011,-120.3901,Gastroenterology,Ophthalmology,Specialty Care,38,420,45,4.11,0.35,False,True,Out-of-network,459,False,Hospital_68,4.75,West,1,0.9998517
P02669,Provider_2669,City_69,GA,32.5656,-82.5001,Endocrinology,Cardiology,Specialty Care,30,400,17,3.13,0.78,False,False,In-network,150,False,Hospital_69,3.67,East,1,0.99988925
P02670,Provider_2670,City_70,GA,32.6156,-82.4501,ENT,Psychiatry,Specialty Care,4,220,26,1.2,0.69,False,False,In-network,67,False,Hospital_70,2.68,East,1,0.9997018
P02671,Provider_2671,City_71,GA,32.1656,-82.9001,Gastroenterology,Dermatology,Specialty Care,16,420,33,4.78,0.33,False,False,Out-of-network,203,True,Hospital_71,4.91,North,1,0.9998622
P02672,Provider_2672,City_72,NC,35.8096,-78.9693,Gastroenterology,Endocrinology,Specialty Care,26,420,52,4.03,0.68,True,True,In-network,371,False,Hospital_72,4.94,South,1,0.9998808
P02673,Provider_2673,City_73,NY,43.3994,-74.1179,General Practice,ENT,Primary Care,24,100,50,3.98,0.12,True,True,Out-of-network,334,False,Hospital_73,1.32,North,1,0.9994167
P02674,Provider_2674,City_74,CA,36.9283,-119.2679,Ophthalmology,Cardiology,Specialty Care,1,180,11,1.64,0.86,True,True,In-network,303,True,Hospital_74,3.53,West,1,0.9998802
P02675,Provider_2675,City_75,AZ,34.2489,-110.8937,Pediatrics,Urology,Primary Care,18,150,16,1.19,0.21,False,True,Out-of-network,169,False,Hospital_75,4.6,North,1,0.9998615
P02676,Provider_2676,City_76,WA,48.0011,-120.4901,Endocrinology,Neurology,Specialty Care,12,400,44,1.48,0.11,True,False,Out-of-network,477,True,Hospital_76,1.28,South,1,0.9994137
P02677,Provider_2677,City_77,MI,44.6148,-85.3024,Cardiology,Endocrinology,Specialty Care,34,500,6,3.59,0.63,True,False,In-network,495,False,Hospital_77,3.05,East,1,0.9990753
P02678,Provider_2678,City_78,FL,28.3444,-81.4103,Ophthalmology,Ophthalmology,Specialty Care,4,180,29,2.73,0.81,False,False,Out-of-network,113,False,Hospital_78,1.84,East,1,0.99956197
P02679,Provider_2679,City_79,PA,41.6033,-76.7945,Ophthalmology,Neurology,Specialty Care,12,180,36,1.06,0.95,True,True,Out-of-network,143,False,Hospital_79,4.64,West,1,0.99988866
P02680,Provider_2680,City_80,PA,41.6533,-76.7445,Psychiatry,General Practice,Specialty Care,12,250,6,4.96,0.62,False,False,Out-of-network,428,True,Hospital_80,2.12,North,1,0.99953103
P02681,Provider_2681,City_81,OH,40.4173,-82.9071,Psychiatry,Neurology,Specialty Care,16,250,29,3.81,0.46,False,True,Out-of-network,189,True,Hospital_81,1.07,North,1,0.999458
P02682,Provider_2682,City_82,TX,32.0186,-99.8518,Ophthalmology,ENT,Specialty Care,22,180,60,2.78,0.85,False,True,In-network,339,True,Hospital_82,4.51,South,1,0.9998802
P02683,Provider_2683,City_83,GA,32.2656,-82.8001,Endocrinology,Urology,Specialty Care,30,400,22,3.09,0.64,True,True,Out-of-network,470,True,Hospital_83,3.02,West,1,0.9998808
P02684,Provider_2684,City_84,AZ,34.1989,-110.9437,Cardiology,General Practice,Specialty Care,10,500,32,1.52,0.14,False,False,In-network,115,False,Hospital_84,1.83,East,0,0.002277519
P02685,Provider_2685,City_85,OH,40.6173,-82.7071,Endocrinology,ENT,Specialty Care,9,400,29,1.2,0.83,False,False,In-network,342,False,Hospital_85,1.87,West,1,0.99952865
P02686,Provider_2686,City_86,IL,40.8831,-89.1485,Psychiatry,Psychiatry,Specialty Care,21,250,40,4.03,0.61,True,False,Out-of-network,331,True,Hospital_86,4.98,West,1,0.9998808
P02687,Provider_2687,City_87,WA,48.0511,-120.4401,General Practice,Psychiatry,Primary Care,4,100,7,1.72,0.77,True,True,Out-of-network,336,False,Hospital_87,4.8,West,1,0.9998802
P02688,Provider_2688,City_88,GA,32.5156,-82.5501,Endocrinology,Psychiatry,Specialty Care,10,400,32,4.4,0.47,True,False,In-network,370,True,Hospital_88,3.15,South,1,0.9998517
P02689,Provider_2689,City_89,IL,41.0331,-88.9985,Ophthalmology,Gastroenterology,Specialty Care,10,180,42,4.3,0.3,False,True,In-network,449,False,Hospital_89,2.89,East,1,0.9997298
P02690,Provider_2690,City_90,CA,37.2283,-118.9679,Orthopedics,Pediatrics,Surgical,5,400,38,2.69,0.71,True,False,In-network,382,True,Hospital_90,2.98,South,1,0.99981457
P02691,Provider_2691,City_91,NC,35.7596,-79.0193,Dermatology,Cardiology,Specialty Care,29,200,33,1.9,0.95,False,False,In-network,285,False,Hospital_91,3.19,North,1,0.9998802
P02692,Provider_2692,City_92,NV,38.8526,-116.3694,ENT,Dermatology,Specialty Care,18,220,36,2.46,0.03,False,True,In-network,85,False,Hospital_92,4.31,South,1,0.9998615
P02693,Provider_2693,City_93,IL,40.7331,-89.2985,ENT,Urology,Specialty Care,33,220,23,4.87,0.76,False,False,In-network,305,False,Hospital_93,2.61,South,1,0.99968076
P02694,Provider_2694,City_94,MI,44.4648,-85.4524,Dermatology,Orthopedics,Specialty Care,19,200,32,3.62,0.98,False,False,Out-of-network,79,True,Hospital_94,3.6,North,1,0.99988925
P02695,Provider_2695,City_95,CA,36.9783,-119.2179,Orthopedics,Urology,Surgical,16,400,45,2.13,0.31,False,True,Out-of-network,226,True,Hospital_95,4.42,West,1,0.9998615
P02696,Provider_2696,City_96,NV,39.0526,-116.1694,Neurology,Ophthalmology,Specialty Care,2,450,54,3.0,0.92,False,True,In-network,332,False,Hospital_96,4.66,East,1,0.99909556
P02697,Provider_2697,City_97,PA,41.5033,-76.8945,Endocrinology,Cardiology,Specialty Care,19,400,36,1.52,0.79,True,False,In-network,301,False,Hospital_97,2.81,South,1,0.9997526
P02698,Provider_2698,City_98,CA,37.1283,-119.0679,Dermatology,ENT,Specialty Care,20,200,51,1.56,0.14,False,False,Out-of-network,474,True,Hospital_98,3.48,North,1,0.999851
P02699,Provider_2699,City_99,NY,43.6994,-73.8179,Psychiatry,Orthopedics,Specialty Care,31,250,41,3.75,0.25,True,False,Out-of-network,452,False,Hospital_99,1.96,East,1,0.9994167
P02700,Provider_2700,City_100,GA,32.6156,-82.4501,Neurology,Ophthalmology,Specialty Care,15,450,7,1.71,0.63,True,False,In-network,343,False,Hospital_100,2.46,East,0,0.0026315362
P02701,Provider_2701,City_101,MI,44.3148,-85.6024,Dermatology,General Practice,Specialty Care,17,200,56,4.94,0.73,True,False,In-network,157,True,Hospital_1,4.53,West,1,0.99988925
P02702,Provider_2702,City_102,AZ,34.0989,-111.0437,ENT,Pediatrics,Specialty Care,11,220,54,5.0,0.0,True,True,In-network,86,False,Hospital_2,2.76,North,1,0.9997155
P02703,Provider_2703,City_103,NC,35.8596,-78.9193,Ophthalmology,Endocrinology,Specialty Care,25,180,27,4.93,0.7,True,False,Out-of-network,333,False,Hospital_3,1.84,East,1,0.99953103
P02704,Provider_2704,City_104,MA,42.5572,-71.2324,Endocrinology,Neurology,Specialty Care,25,400,14,1.19,0.93,False,True,Out-of-network,299,True,Hospital_4,2.21,North,1,0.99952865
P02705,Provider_2705,City_105,MA,42.6072,-71.1824,Dermatology,Urology,Specialty Care,13,200,21,2.88,0.22,False,True,Out-of-network,175,False,Hospital_5,2.17,West,1,0.99945515
P02706,Provider_2706,City_106,MI,44.5648,-85.3524,Orthopedics,Cardiology,Surgical,36,400,33,4.94,0.45,False,False,Out-of-network,439,True,Hospital_6,2.12,West,1,0.9994167
P02707,Provider_2707,City_107,FL,28.2944,-81.4603,Orthopedics,General Practice,Surgical,36,400,11,1.45,0.48,False,False,Out-of-network,302,False,Hospital_7,2.21,West,1,0.99952865
P02708,Provider_2708,City_108,GA,32.5156,-82.5501,Gastroenterology,Endocrinology,Specialty Care,31,420,9,4.4,0.96,False,True,In-network,118,False,Hospital_8,3.78,East,1,0.99988925
P02709,Provider_2709,City_109,WA,48.1511,-120.3401,Orthopedics,Gastroenterology,Surgical,40,400,31,1.92,0.33,True,True,In-network,409,True,Hospital_9,4.2,West,1,0.999851
P02710,Provider_2710,City_110,WA,48.2011,-120.2901,Orthopedics,Psychiatry,Surgical,30,400,59,3.22,0.3,False,False,In-network,299,True,Hospital_10,2.12,West,1,0.9994167
P02711,Provider_2711,City_111,OH,40.4173,-82.9071,Neurology,Ophthalmology,Specialty Care,5,450,57,4.06,0.69,False,False,In-network,147,True,Hospital_11,2.48,South,0,0.0028457039
P02712,Provider_2712,City_112,AZ,34.0989,-111.0437,ENT,Urology,Specialty Care,31,220,44,4.23,0.55,False,False,In-network,337,True,Hospital_12,4.31,West,1,0.9998808
P02713,Provider_2713,City_113,PA,41.3033,-77.0945,General Practice,Orthopedics,Primary Care,28,100,14,3.09,0.74,False,False,In-network,454,True,Hospital_13,2.1,North,1,0.99953103
P02714,Provider_2714,City_114,CA,36.9283,-119.2679,General Practice,Dermatology,Primary Care,36,100,43,2.35,0.9,True,False,Out-of-network,174,True,Hospital_14,1.55,East,1,0.99956197
P02715,Provider_2715,City_115,CA,36.9783,-119.2179,Pediatrics,Neurology,Primary Care,6,150,28,1.22,0.95,False,False,In-network,492,True,Hospital_15,2.22,West,1,0.99952865
P02716,Provider_2716,City_116,FL,28.2444,-81.5103,Neurology,Ophthalmology,Specialty Care,33,450,11,2.62,0.09,False,True,Out-of-network,306,True,Hospital_16,4.62,West,1,0.99884427
P02717,Provider_2717,City_117,OH,40.7173,-82.6071,Dermatology,Cardiology,Specialty Care,26,200,8,2.99,0.55,True,False,Out-of-network,76,False,Hospital_17,1.5,East,1,0.99956197
P02718,Provider_2718,City_118,FL,28.3444,-81.4103,Neurology,Cardiology,Specialty Care,20,450,54,1.56,0.66,False,False,In-network,376,True,Hospital_18,1.8,East,0,0.0026315362
P02719,Provider_2719,City_119,NC,36.1596,-78.6193,Ophthalmology,Endocrinology,Specialty Care,37,180,35,4.89,0.61,True,True,Out-of-network,308,True,Hospital_19,3.64,North,1,0.9998808
P02720,Provider_2720,City_120,NV,39.2526,-115.9694,Dermatology,Pediatrics,Specialty Care,3,200,28,3.05,0.6,True,True,Out-of-network,113,False,Hospital_20,3.66,East,1,0.99989164
P02721,Provider_2721,City_121,TX,31.9686,-99.9018,Ophthalmology,Orthopedics,Specialty Care,32,180,15,4.76,0.31,False,True,In-network,224,True,Hospital_21,2.89,West,1,0.9997489
P02722,Provider_2722,City_122,IL,40.6831,-89.3485,General Practice,Neurology,Primary Care,14,100,50,2.69,0.12,False,False,In-network,148,False,Hospital_22,1.3,West,1,0.99945515
P02723,Provider_2723,City_123,OH,40.5173,-82.8071,Urology,Cardiology,Specialty Care,27,380,47,4.16,0.66,True,True,In-network,62,True,Hospital_23,1.15,North,1,0.9995641
P02724,Provider_2724,City_124,PA,41.3533,-77.0445,Dermatology,Dermatology,Specialty Care,17,200,33,3.35,0.96,True,False,Out-of-network,97,True,Hospital_24,3.22,West,1,0.99988925
P02725,Provider_2725,City_125,AZ,34.2489,-110.8937,General Practice,Endocrinology,Primary Care,14,100,20,1.29,0.89,False,True,Out-of-network,325,False,Hospital_25,2.04,East,1,0.99952865
P02726,Provider_2726,City_126,GA,32.4156,-82.6501,Dermatology,Neurology,Specialty Care,6,200,13,4.51,0.63,True,True,Out-of-network,437,False,Hospital_26,1.98,South,1,0.99953103
P02727,Provider_2727,City_127,CA,37.0783,-119.1179,Cardiology,Psychiatry,Specialty Care,5,500,25,3.23,0.06,True,True,Out-of-network,500,True,Hospital_27,3.58,North,1,0.9988501
P02728,Provider_2728,City_128,NY,43.6494,-73.8679,Psychiatry,Gastroenterology,Specialty Care,19,250,60,1.19,0.27,False,False,In-network,280,True,Hospital_28,3.28,North,1,0.99986184
P02729,Provider_2729,City_129,PA,41.6033,-76.7945,Ophthalmology,Dermatology,Specialty Care,27,180,39,3.09,0.9,False,False,Out-of-network,461,True,Hospital_29,2.15,East,1,0.99953103
P02730,Provider_2730,City_130,CO,40.0001,-105.3321,Psychiatry,Gastroenterology,Specialty Care,23,250,13,4.72,0.12,True,False,In-network,381,True,Hospital_30,4.84,South,1,0.9998517
P02731,Provider_2731,City_131,MA,42.4072,-71.3824,Gastroenterology,Cardiology,Specialty Care,9,420,54,4.14,0.79,True,True,In-network,137,True,Hospital_31,2.77,North,1,0.9997713
P02732,Provider_2732,City_132,GA,32.2156,-82.8501,Gastroenterology,Orthopedics,Specialty Care,20,420,34,3.3,0.22,False,True,Out-of-network,262,False,Hospital_32,3.05,West,1,0.9998622
P02733,Provider_2733,City_133,AZ,34.1489,-110.9937,Gastroenterology,Orthopedics,Specialty Care,28,420,23,1.37,0.19,False,False,In-network,54,True,Hospital_33,2.16,North,1,0.99945515
P02734,Provider_2734,City_134,MI,44.4648,-85.4524,General Practice,Neurology,Primary Care,35,100,46,2.16,0.86,False,True,In-network,350,True,Hospital_34,3.14,North,1,0.9998802
P02735,Provider_2735,City_135,IL,40.8331,-89.1985,Endocrinology,Urology,Specialty Care,9,400,17,3.11,0.35,False,True,Out-of-network,60,True,Hospital_35,2.11,North,1,0.999458
P02736,Provider_2736,City_136,CO,39.8001,-105.5321,Gastroenterology,Gastroenterology,Specialty Care,36,420,19,4.78,0.75,False,False,In-network,334,True,Hospital_36,3.95,West,1,0.9998808
P02737,Provider_2737,City_137,NY,43.5994,-73.9179,Gastroenterology,General Practice,Specialty Care,24,420,10,2.97,0.85,False,True,In-network,203,True,Hospital_37,1.49,South,1,0.99956197
P02738,Provider_2738,City_138,AZ,34.3989,-110.7437,Endocrinology,Urology,Specialty Care,32,400,48,3.68,0.15,False,True,In-network,58,True,Hospital_38,1.17,East,1,0.999458
P02739,Provider_2739,City_139,AZ,34.4489,-110.6937,Neurology,Orthopedics,Specialty Care,33,450,59,2.9,0.18,False,True,Out-of-network,108,True,Hospital_39,1.41,South,0,0.002277519
P02740,Provider_2740,City_140,WA,48.2011,-120.2901,Gastroenterology,Pediatrics,Specialty Care,7,420,38,1.94,0.74,False,False,In-network,71,True,Hospital_40,2.85,North,1,0.9997701
P02741,Provider_2741,City_141,AZ,34.0489,-111.0937,General Practice,General Practice,Primary Care,28,100,47,4.43,0.4,False,False,Out-of-network,425,True,Hospital_41,3.34,South,1,0.9998517
P02742,Provider_2742,City_142,AZ,34.0989,-111.0437,Endocrinology,ENT,Specialty Care,36,400,51,3.56,0.24,True,False,Out-of-network,492,False,Hospital_42,1.37,West,1,0.9994167
P02743,Provider_2743,City_143,OH,40.5173,-82.8071,Gastroenterology,Endocrinology,Specialty Care,32,420,5,2.04,0.77,True,True,Out-of-network,338,True,Hospital_43,1.77,East,1,0.99952865
P02744,Provider_2744,City_144,OH,40.5673,-82.7571,General Practice,Psychiatry,Primary Care,20,100,58,2.67,0.06,False,True,In-network,215,True,Hospital_44,1.62,South,1,0.99945515
P02745,Provider_2745,City_145,NC,35.9596,-78.8193,Neurology,Neurology,Specialty Care,29,450,11,1.87,0.62,True,True,Out-of-network,474,True,Hospital_45,2.08,East,0,0.0026315362
P02746,Provider_2746,City_146,OH,40.6673,-82.6571,ENT,Ophthalmology,Specialty Care,20,220,17,2.39,0.73,False,True,In-network,331,True,Hospital_46,1.99,South,1,0.99952865
P02747,Provider_2747,City_147,PA,41.5033,-76.8945,Neurology,Orthopedics,Specialty Care,7,450,28,1.0,0.13,True,True,In-network,189,True,Hospital_47,2.86,North,0,0.009775628
P02748,Provider_2748,City_148,OH,40.7673,-82.5571,Gastroenterology,Psychiatry,Specialty Care,10,420,11,3.54,0.6,True,False,Out-of-network,52,False,Hospital_48,2.52,North,1,0.9995641
P02749,Provider_2749,City_149,WA,48.1511,-120.3401,Endocrinology,Psychiatry,Specialty Care,30,400,33,3.03,0.78,True,False,Out-of-network,371,True,Hospital_49,1.68,East,1,0.9995413
P02750,Provider_2750,City_150,FL,28.4444,-81.3103,Urology,Cardiology,Specialty Care,33,380,57,1.33,0.5,True,True,Out-of-network,154,False,Hospital_50,3.57,West,1,0.99988866
P02751,Provider_2751,City_151,MI,44.3148,-85.6024,Ophthalmology,Psychiatry,Specialty Care,6,180,31,3.53,0.33,False,True,In-network,336,False,Hospital_51,3.11,West,1,0.9998517
P02752,Provider_2752,City_152,TX,32.0186,-99.8518,Neurology,Ophthalmology,Specialty Care,34,450,32,2.92,0.52,True,False,Out-of-network,67,True,Hospital_52,2.37,East,0,0.0028312707
P02753,Provider_2753,City_153,TX,32.0686,-99.8018,Neurology,Orthopedics,Specialty Care,14,450,33,1.39,0.5,True,True,In-network,351,False,Hospital_53,1.17,North,0,0.0026315362
P02754,Provider_2754,City_154,GA,32.3156,-82.7501,Gastroenterology,Urology,Specialty Care,20,420,13,1.23,0.51,False,False,In-network,79,False,Hospital_54,2.55,East,1,0.99956197
P02755,Provider_2755,City_155,MA,42.6072,-71.1824,Neurology,Urology,Specialty Care,26,450,21,1.09,0.61,True,False,Out-of-network,434,False,Hospital_55,4.79,West,1,0.9990707
P02756,Provider_2756,City_156,NV,39.0526,-116.1694,Cardiology,ENT,Specialty Care,30,500,29,4.88,0.53,False,True,In-network,345,True,Hospital_56,1.52,South,0,0.002644954
P02757,Provider_2757,City_157,MI,44.6148,-85.3024,Psychiatry,Pediatrics,Specialty Care,34,250,9,1.26,0.13,False,True,Out-of-network,290,True,Hospital_57,3.51,West,1,0.999851
P02758,Provider_2758,City_158,WA,48.1011,-120.3901,Neurology,Cardiology,Specialty Care,36,450,46,1.25,0.11,False,True,In-network,213,False,Hospital_58,2.65,South,0,0.0033431468
P02759,Provider_2759,City_159,PA,41.6033,-76.7945,Orthopedics,Psychiatry,Surgical,27,400,42,4.27,0.06,False,False,In-network,66,True,Hospital_59,4.93,East,1,0.9998622
P02760,Provider_2760,City_160,CO,40.0001,-105.3321,Endocrinology,Ophthalmology,Specialty Care,36,400,25,3.87,0.69,True,False,In-network,84,True,Hospital_60,3.42,South,1,0.99988925
P02761,Provider_2761,City_161,MI,44.3148,-85.6024,General Practice,Psychiatry,Primary Care,23,100,48,1.98,0.07,True,False,Out-of-network,385,True,Hospital_61,1.01,North,1,0.9994137
P02762,Provider_2762,City_162,WA,47.8011,-120.6901,Psychiatry,Dermatology,Specialty Care,38,250,23,4.72,0.54,True,False,In-network,204,False,Hospital_62,1.36,South,1,0.9995641
P02763,Provider_2763,City_163,PA,41.3033,-77.0945,Neurology,Endocrinology,Specialty Care,5,450,55,2.04,0.22,True,False,In-network,192,True,Hospital_63,3.1,East,1,0.99892586
P02764,Provider_2764,City_164,NV,38.9526,-116.2694,General Practice,Psychiatry,Primary Care,37,100,10,3.68,0.25,False,False,Out-of-network,289,True,Hospital_64,2.26,West,1,0.9994167
P02765,Provider_2765,City_165,OH,40.6173,-82.7071,Ophthalmology,General Practice,Specialty Care,37,180,12,3.02,0.38,False,True,Out-of-network,325,False,Hospital_65,4.04,East,1,0.9998549
P02766,Provider_2766,City_166,CO,39.8001,-105.5321,General Practice,Cardiology,Primary Care,6,100,41,4.82,0.21,True,True,In-network,446,False,Hospital_66,3.76,North,1,0.9998517
P02767,Provider_2767,City_167,NY,43.5994,-73.9179,Urology,Dermatology,Specialty Care,11,380,43,3.26,0.58,False,True,In-network,137,False,Hospital_67,1.48,East,1,0.9995641
P02768,Provider_2768,City_168,FL,28.3444,-81.4103,Pediatrics,Pediatrics,Primary Care,3,150,48,4.43,0.95,False,False,In-network,67,False,Hospital_68,3.27,East,1,0.99988925
P02769,Provider_2769,City_169,MI,44.7148,-85.2024,Ophthalmology,Endocrinology,Specialty Care,10,180,27,1.78,0.42,True,True,Out-of-network,420,True,Hospital_69,3.85,North,1,0.999851
P02770,Provider_2770,City_170,IL,41.0831,-88.9485,Cardiology,Neurology,Specialty Care,3,500,52,3.32,0.31,False,False,Out-of-network,138,True,Hospital_70,4.11,North,1,0.99893135
P02771,Provider_2771,City_171,MI,44.3148,-85.6024,Ophthalmology,Ophthalmology,Specialty Care,32,180,41,2.97,0.41,True,False,Out-of-network,188,False,Hospital_71,4.13,West,1,0.9998615
P02772,Provider_2772,City_172,NY,43.3494,-74.1679,Ophthalmology,Cardiology,Specialty Care,13,180,20,4.07,0.91,True,False,Out-of-network,426,False,Hospital_72,4.31,North,1,0.9998808
P02773,Provider_2773,City_173,IL,40.7331,-89.2985,Ophthalmology,ENT,Specialty Care,3,180,9,2.98,0.45,False,True,Out-of-network,197,False,Hospital_73,4.56,East,1,0.9998615
P02774,Provider_2774,City_174,NC,35.9096,-78.8693,Endocrinology,Cardiology,Specialty Care,31,400,17,4.26,0.01,True,False,Out-of-network,274,False,Hospital_74,3.23,North,1,0.99986255
P02775,Provider_2775,City_175,PA,41.4033,-76.9945,Psychiatry,Gastroenterology,Specialty Care,1,250,48,3.06,0.53,True,True,Out-of-network,305,True,Hospital_75,1.51,South,1,0.99953103
P02776,Provider_2776,City_176,NC,36.0096,-78.7693,Psychiatry,Dermatology,Specialty Care,34,250,60,2.24,0.14,False,False,Out-of-network,236,True,Hospital_76,4.24,North,1,0.9998615
P02777,Provider_2777,City_177,NY,43.5994,-73.9179,Dermatology,Endocrinology,Specialty Care,29,200,36,3.93,0.78,True,False,In-network,403,False,Hospital_77,4.28,West,1,0.9998808
P02778,Provider_2778,City_178,TX,32.3186,-99.5518,ENT,Orthopedics,Specialty Care,21,220,41,4.46,0.37,True,False,Out-of-network,229,False,Hospital_78,3.2,West,1,0.9998622
P02779,Provider_2779,City_179,CO,39.9501,-105.3821,Ophthalmology,Pediatrics,Specialty Care,31,180,39,4.78,0.1,False,True,Out-of-network,212,True,Hospital_79,1.25,South,1,0.999458
P02780,Provider_2780,City_180,MI,44.7648,-85.1524,Cardiology,Neurology,Specialty Care,27,500,24,2.11,0.98,True,True,In-network,334,False,Hospital_80,4.6,South,1,0.9990707
P02781,Provider_2781,City_181,IL,40.6331,-89.3985,Orthopedics,Dermatology,Surgical,14,400,47,2.36,0.7,True,False,In-network,360,True,Hospital_81,3.37,North,1,0.9998802
P02782,Provider_2782,City_182,NV,38.8526,-116.3694,ENT,Ophthalmology,Specialty Care,16,220,25,1.61,1.0,True,True,Out-of-network,54,True,Hospital_82,3.37,South,1,0.99988866
P02783,Provider_2783,City_183,PA,41.3033,-77.0945,Ophthalmology,Urology,Specialty Care,27,180,29,3.41,0.6,True,True,In-network,278,True,Hospital_83,2.95,West,1,0.99982893
P02784,Provider_2784,City_184,MA,42.5572,-71.2324,Pediatrics,Neurology,Primary Care,31,150,30,4.87,0.66,True,False,Out-of-network,170,True,Hospital_84,4.1,North,1,0.99988925
P02785,Provider_2785,City_185,MA,42.6072,-71.1824,Pediatrics,General Practice,Primary Care,2,150,13,3.38,0.41,True,False,In-network,329,False,Hospital_85,2.62,East,1,0.999603
P02786,Provider_2786,City_186,WA,48.0011,-120.4901,Endocrinology,Pediatrics,Specialty Care,14,400,29,3.79,0.47,False,False,In-network,232,False,Hospital_86,3.86,West,1,0.9998622
P02787,Provider_2787,City_187,TX,32.2686,-99.6018,Neurology,Ophthalmology,Specialty Care,38,450,5,4.25,0.93,False,True,Out-of-network,113,True,Hospital_87,2.37,West,0,0.0028457039
P02788,Provider_2788,City_188,NY,43.6494,-73.8679,Urology,ENT,Specialty Care,17,380,11,2.41,0.9,True,True,Out-of-network,297,False,Hospital_88,2.58,West,1,0.9996792
P02789,Provider_2789,City_189,PA,41.6033,-76.7945,Urology,Urology,Specialty Care,34,380,7,4.5,0.77,False,False,Out-of-network,392,False,Hospital_89,4.67,West,1,0.9998808
P02790,Provider_2790,City_190,WA,48.2011,-120.2901,Neurology,Neurology,Specialty Care,13,450,31,2.63,0.05,True,True,Out-of-network,426,False,Hospital_90,4.53,North,1,0.99884427
P02791,Provider_2791,City_191,MA,42.4072,-71.3824,Neurology,Ophthalmology,Specialty Care,15,450,24,2.22,0.49,True,True,In-network,395,False,Hospital_91,3.26,North,1,0.9990707
P02792,Provider_2792,City_192,CO,39.6001,-105.7321,Ophthalmology,Dermatology,Specialty Care,36,180,55,2.6,0.5,False,False,In-network,197,True,Hospital_92,1.9,South,1,0.99956197
P02793,Provider_2793,City_193,CO,39.6501,-105.6821,Gastroenterology,Dermatology,Specialty Care,36,420,38,2.73,0.82,False,False,Out-of-network,76,True,Hospital_93,4.73,South,1,0.99988866
P02794,Provider_2794,City_194,CA,36.9283,-119.2679,Orthopedics,Ophthalmology,Surgical,18,400,52,1.21,0.58,True,True,In-network,485,False,Hospital_94,2.9,East,1,0.99978167
P02795,Provider_2795,City_195,OH,40.6173,-82.7071,Psychiatry,Cardiology,Specialty Care,18,250,8,2.68,0.43,False,False,In-network,380,True,Hospital_95,4.01,West,1,0.999851
P02796,Provider_2796,City_196,CO,39.8001,-105.5321,Gastroenterology,Psychiatry,Specialty Care,23,420,10,4.16,0.85,False,False,Out-of-network,321,False,Hospital_96,1.15,West,1,0.99953103
P02797,Provider_2797,City_197,MA,42.7072,-71.0824,Cardiology,Dermatology,Specialty Care,11,500,21,2.11,0.95,False,False,Out-of-network,317,False,Hospital_97,4.29,East,1,0.9990707
P02798,Provider_2798,City_198,WA,48.1011,-120.3901,Psychiatry,Urology,Specialty Care,24,250,15,3.63,0.55,False,True,Out-of-network,496,True,Hospital_98,3.02,East,1,0.9998808
P02799,Provider_2799,City_199,WA,48.1511,-120.3401,Orthopedics,ENT,Surgical,10,400,53,2.36,0.3,False,True,Out-of-network,70,True,Hospital_99,2.97,North,1,0.9997856
P02800,Provider_2800,City_200,GA,32.6156,-82.4501,Neurology,ENT,Specialty Care,19,450,31,3.38,0.22,False,False,In-network,232,True,Hospital_100,1.69,North,0,0.002289136
P02801,Provider_2801,City_1,GA,32.1656,-82.9001,Pediatrics,Ophthalmology,Primary Care,11,150,44,4.07,0.62,False,True,In-network,493,False,Hospital_1,4.57,East,1,0.9998808
P02802,Provider_2802,City_2,AZ,34.0989,-111.0437,Psychiatry,Orthopedics,Specialty Care,27,250,42,4.15,0.13,True,False,In-network,354,False,Hospital_2,4.4,North,1,0.9998517
P02803,Provider_2803,City_3,AZ,34.1489,-110.9937,Cardiology,Psychiatry,Specialty Care,1,500,59,1.73,0.54,True,True,Out-of-network,173,True,Hospital_3,3.68,West,1,0.9991364
P02804,Provider_2804,City_4,TX,32.1186,-99.7518,Gastroenterology,Urology,Specialty Care,35,420,33,1.75,0.43,False,False,In-network,350,False,Hospital_4,2.51,West,1,0.9994137
P02805,Provider_2805,City_5,WA,47.9511,-120.5401,Urology,Gastroenterology,Specialty Care,3,380,37,3.3,0.6,True,False,Out-of-network,313,False,Hospital_5,2.32,North,1,0.99953103
P02806,Provider_2806,City_6,CO,39.8001,-105.5321,Dermatology,Endocrinology,Specialty Care,24,200,48,3.38,0.22,True,False,In-network,169,True,Hospital_6,1.69,North,1,0.999458
P02807,Provider_2807,City_7,AZ,34.3489,-110.7937,Orthopedics,Ophthalmology,Surgical,12,400,58,4.52,0.36,True,False,In-network,395,False,Hospital_7,1.1,North,1,0.9994167
P02808,Provider_2808,City_8,NC,36.1096,-78.6693,Gastroenterology,Endocrinology,Specialty Care,32,420,23,3.09,0.03,True,True,Out-of-network,195,True,Hospital_8,2.47,South,1,0.999458
P02809,Provider_2809,City_9,CA,37.1783,-119.0179,Ophthalmology,Endocrinology,Specialty Care,24,180,37,1.79,0.19,True,False,In-network,87,True,Hospital_9,2.23,West,1,0.99945515
P02810,Provider_2810,City_10,OH,40.8673,-82.4571,Pediatrics,Ophthalmology,Primary Care,10,150,31,2.7,0.41,True,False,In-network,375,True,Hospital_10,3.36,West,1,0.999851
P02811,Provider_2811,City_11,NY,43.2994,-74.2179,Orthopedics,ENT,Surgical,10,400,37,4.54,0.85,False,True,Out-of-network,107,False,Hospital_11,4.29,South,1,0.99988925
P02812,Provider_2812,City_12,NC,35.8096,-78.9693,ENT,Endocrinology,Specialty Care,31,220,29,3.02,0.33,True,True,In-network,256,True,Hospital_12,3.26,East,1,0.9998652
P02813,Provider_2813,City_13,NY,43.3994,-74.1179,Urology,General Practice,Specialty Care,7,380,52,1.42,0.97,False,False,In-network,319,True,Hospital_13,3.27,South,1,0.9998802
P02814,Provider_2814,City_14,CA,36.9283,-119.2679,Ophthalmology,Psychiatry,Specialty Care,15,180,41,3.48,0.32,False,False,Out-of-network,500,True,Hospital_14,1.3,North,1,0.9994167
P02815,Provider_2815,City_15,NY,43.4994,-74.0179,Ophthalmology,Gastroenterology,Specialty Care,38,180,19,1.26,0.49,False,True,Out-of-network,329,True,Hospital_15,4.97,West,1,0.9998802
P02816,Provider_2816,City_16,CO,39.8001,-105.5321,Gastroenterology,General Practice,Specialty Care,13,420,29,1.92,0.45,False,False,In-network,217,True,Hospital_16,4.64,East,1,0.9998615
P02817,Provider_2817,City_17,NV,39.1026,-116.1194,General Practice,Urology,Primary Care,2,100,60,4.15,0.89,False,False,In-network,108,False,Hospital_17,4.69,West,1,0.99988925
P02818,Provider_2818,City_18,NC,36.1096,-78.6693,Orthopedics,Urology,Surgical,22,400,42,2.34,0.63,False,False,In-network,394,False,Hospital_18,4.64,West,1,0.9998802
P02819,Provider_2819,City_19,IL,41.0331,-88.9985,ENT,Cardiology,Specialty Care,1,220,60,2.75,0.87,True,False,In-network,454,True,Hospital_19,1.3,West,1,0.99952865
P02820,Provider_2820,City_20,AZ,34.4989,-110.6437,Pediatrics,Ophthalmology,Primary Care,28,150,58,1.13,0.11,False,True,In-network,477,True,Hospital_20,4.77,South,1,0.999851
P02821,Provider_2821,City_21,NV,38.8026,-116.4194,Dermatology,Pediatrics,Specialty Care,3,200,40,3.84,0.97,False,True,Out-of-network,455,True,Hospital_21,4.74,West,1,0.9998808
P02822,Provider_2822,City_22,NY,43.3494,-74.1679,General Practice,General Practice,Primary Care,32,100,7,1.44,0.53,True,True,In-network,288,True,Hospital_22,2.84,East,1,0.9997526
P02823,Provider_2823,City_23,CO,39.6501,-105.6821,Psychiatry,Cardiology,Specialty Care,3,250,53,3.06,0.9,False,False,Out-of-network,181,True,Hospital_23,2.58,North,1,0.99970335
P02824,Provider_2824,City_24,OH,40.5673,-82.7571,Urology,Urology,Specialty Care,6,380,39,4.34,0.69,False,True,Out-of-network,389,False,Hospital_24,3.45,West,1,0.9998808
P02825,Provider_2825,City_25,PA,41.4033,-76.9945,Psychiatry,Orthopedics,Specialty Care,30,250,49,1.88,0.83,True,False,In-network,154,True,Hospital_25,4.24,North,1,0.99988866
P02826,Provider_2826,City_26,CA,37.0283,-119.1679,Orthopedics,Dermatology,Surgical,30,400,39,1.01,0.9,True,True,In-network,204,True,Hospital_26,3.64,West,1,0.99988866
P02827,Provider_2827,City_27,PA,41.5033,-76.8945,Dermatology,Urology,Specialty Care,2,200,47,3.74,0.12,True,False,In-network,125,True,Hospital_27,2.32,North,1,0.999458
P02828,Provider_2828,City_28,WA,48.1011,-120.3901,Urology,Urology,Specialty Care,15,380,5,4.64,0.73,False,False,Out-of-network,116,False,Hospital_28,1.12,North,1,0.9995641
P02829,Provider_2829,City_29,OH,40.8173,-82.5071,Urology,Pediatrics,Specialty Care,11,380,16,2.17,0.56,True,False,In-network,402,True,Hospital_29,3.58,South,1,0.9998802
P02830,Provider_2830,City_30,NY,43.7494,-73.7679,Psychiatry,Urology,Specialty Care,36,250,16,3.7,0.81,False,False,Out-of-network,228,False,Hospital_30,4.38,North,1,0.99988925
P02831,Provider_2831,City_31,MI,44.3148,-85.6024,Pediatrics,Ophthalmology,Primary Care,39,150,20,4.76,0.38,True,False,In-network,78,False,Hospital_31,2.9,South,1,0.9997489
P02832,Provider_2832,City_32,PA,41.2533,-77.1445,Urology,Endocrinology,Specialty Care,38,380,18,1.58,0.81,True,False,Out-of-network,321,False,Hospital_32,3.06,South,1,0.9998802
P02833,Provider_2833,City_33,TX,32.0686,-99.8018,Ophthalmology,Cardiology,Specialty Care,26,180,9,2.93,0.58,False,False,In-network,103,True,Hospital_33,4.95,East,1,0.99988866
P02834,Provider_2834,City_34,WA,47.9011,-120.5901,Gastroenterology,Orthopedics,Specialty Care,25,420,50,2.31,0.85,True,True,Out-of-network,254,True,Hospital_34,2.88,East,1,0.99979717
P02835,Provider_2835,City_35,NY,43.4994,-74.0179,Pediatrics,Psychiatry,Primary Care,35,150,11,1.48,0.22,False,True,Out-of-network,88,True,Hospital_35,2.85,West,1,0.9997141
P02836,Provider_2836,City_36,OH,40.6673,-82.6571,Psychiatry,Pediatrics,Specialty Care,10,250,41,2.01,0.98,True,True,In-network,398,False,Hospital_36,1.15,South,1,0.99952865
P02837,Provider_2837,City_37,NC,36.0596,-78.7193,Urology,Urology,Specialty Care,19,380,18,2.45,0.83,False,True,Out-of-network,68,False,Hospital_37,3.4,South,1,0.99988866
P02838,Provider_2838,City_38,FL,28.3444,-81.4103,Urology,Ophthalmology,Specialty Care,36,380,9,4.57,0.88,True,True,In-network,75,True,Hospital_38,4.72,West,1,0.99988925
P02839,Provider_2839,City_39,TX,32.3686,-99.5018,Urology,ENT,Specialty Care,31,380,33,1.29,0.33,True,False,Out-of-network,255,False,Hospital_39,4.39,South,1,0.9998615
P02840,Provider_2840,City_40,PA,41.6533,-76.7445,Dermatology,Urology,Specialty Care,10,200,27,4.43,0.72,False,False,Out-of-network,266,True,Hospital_40,4.97,East,1,0.99988925
P02841,Provider_2841,City_41,NV,38.8026,-116.4194,Gastroenterology,General Practice,Specialty Care,38,420,35,3.1,0.16,True,False,In-network,361,True,Hospital_41,3.28,East,1,0.9998517
P02842,Provider_2842,City_42,MI,44.3648,-85.5524,Ophthalmology,Gastroenterology,Specialty Care,26,180,56,1.48,0.69,False,False,In-network,288,False,Hospital_42,4.09,West,1,0.9998802
P02843,Provider_2843,City_43,TX,32.0686,-99.8018,Pediatrics,Endocrinology,Primary Care,17,150,17,4.27,0.32,False,False,Out-of-network,177,True,Hospital_43,2.75,South,1,0.99968505
P02844,Provider_2844,City_44,CA,36.9283,-119.2679,Gastroenterology,Urology,Specialty Care,1,420,8,1.11,0.43,True,False,In-network,279,True,Hospital_44,3.31,South,1,0.99986184
P02845,Provider_2845,City_45,PA,41.4033,-76.9945,Endocrinology,ENT,Specialty Care,39,400,49,3.68,0.69,False,False,Out-of-network,284,True,Hospital_45,1.81,South,1,0.99953103
P02846,Provider_2846,City_46,MA,42.6572,-71.1324,Psychiatry,Endocrinology,Specialty Care,37,250,16,4.94,0.4,True,True,Out-of-network,296,True,Hospital_46,1.44,West,1,0.9994167
P02847,Provider_2847,City_47,NV,39.1026,-116.1194,ENT,Orthopedics,Specialty Care,4,220,52,3.26,0.53,False,False,Out-of-network,449,True,Hospital_47,3.75,North,1,0.9998808
P02848,Provider_2848,City_48,NC,36.1096,-78.6693,Gastroenterology,Orthopedics,Specialty Care,17,420,22,2.76,0.64,False,False,Out-of-network,166,False,Hospital_48,3.02,South,1,0.99988866
P02849,Provider_2849,City_49,PA,41.6033,-76.7945,General Practice,Dermatology,Primary Care,31,100,43,1.2,0.52,True,True,Out-of-network,226,True,Hospital_49,3.51,East,1,0.99988866
P02850,Provider_2850,City_50,NV,39.2526,-115.9694,Cardiology,ENT,Specialty Care,37,500,28,3.39,0.35,False,True,Out-of-network,167,True,Hospital_50,3.99,West,1,0.99893135
P02851,Provider_2851,City_51,AZ,34.0489,-111.0937,Pediatrics,Psychiatry,Primary Care,27,150,42,1.83,0.78,False,False,Out-of-network,210,False,Hospital_51,3.54,North,1,0.99988866
P02852,Provider_2852,City_52,MA,42.4572,-71.3324,Pediatrics,Urology,Primary Care,22,150,39,3.54,0.75,False,False,Out-of-network,498,True,Hospital_52,2.3,West,1,0.99953103
P02853,Provider_2853,City_53,MI,44.4148,-85.5024,Orthopedics,Ophthalmology,Surgical,27,400,7,2.75,0.84,False,False,Out-of-network,333,True,Hospital_53,1.72,North,1,0.99952865
P02854,Provider_2854,City_54,FL,28.1444,-81.6103,Dermatology,General Practice,Specialty Care,6,200,56,4.94,0.92,False,True,In-network,377,False,Hospital_54,4.4,West,1,0.9998808
P02855,Provider_2855,City_55,OH,40.6173,-82.7071,Endocrinology,Neurology,Specialty Care,28,400,18,4.43,0.59,False,True,In-network,409,True,Hospital_55,4.67,West,1,0.9998808
P02856,Provider_2856,City_56,NV,39.0526,-116.1694,ENT,Dermatology,Specialty Care,13,220,36,2.54,0.21,True,True,Out-of-network,386,False,Hospital_56,1.78,East,1,0.9994137
P02857,Provider_2857,City_57,AZ,34.3489,-110.7937,ENT,Pediatrics,Specialty Care,23,220,39,4.87,0.61,True,True,Out-of-network,130,False,Hospital_57,2.97,South,1,0.99982846
P02858,Provider_2858,City_58,GA,32.5156,-82.5501,Gastroenterology,Neurology,Specialty Care,27,420,54,1.78,0.01,False,False,Out-of-network,164,True,Hospital_58,2.32,North,1,0.99945515
P02859,Provider_2859,City_59,AZ,34.4489,-110.6937,Neurology,Urology,Specialty Care,13,450,59,4.77,0.75,True,False,Out-of-network,117,False,Hospital_59,4.58,South,1,0.9991406
P02860,Provider_2860,City_60,NY,43.7494,-73.7679,Ophthalmology,Urology,Specialty Care,9,180,54,1.0,0.23,True,False,In-network,169,False,Hospital_60,4.73,South,1,0.9998615
P02861,Provider_2861,City_61,IL,40.6331,-89.3985,Endocrinology,ENT,Specialty Care,17,400,46,4.46,0.75,True,True,In-network,258,False,Hospital_61,3.81,East,1,0.99988925
P02862,Provider_2862,City_62,PA,41.2533,-77.1445,Cardiology,Neurology,Specialty Care,2,500,18,4.31,0.64,True,False,Out-of-network,114,False,Hospital_62,2.12,South,0,0.0028457039
P02863,Provider_2863,City_63,NV,38.9026,-116.3194,Ophthalmology,Neurology,Specialty Care,35,180,23,1.07,0.77,True,True,Out-of-network,360,True,Hospital_63,2.23,North,1,0.99952865
P02864,Provider_2864,City_64,NY,43.4494,-74.0679,Dermatology,Dermatology,Specialty Care,37,200,49,2.74,0.62,True,True,In-network,351,False,Hospital_64,2.7,West,1,0.9997013
P02865,Provider_2865,City_65,GA,32.3656,-82.7001,Neurology,Endocrinology,Specialty Care,4,450,45,1.21,0.33,False,False,Out-of-network,64,False,Hospital_65,1.66,West,0,0.002277519
P02866,Provider_2866,City_66,AZ,34.2989,-110.8437,Ophthalmology,Orthopedics,Specialty Care,32,180,47,3.54,0.16,True,False,Out-of-network,208,False,Hospital_66,2.9,East,1,0.9997489
P02867,Provider_2867,City_67,OH,40.7173,-82.6071,Psychiatry,Orthopedics,Specialty Care,36,250,18,2.82,0.24,False,True,Out-of-network,255,True,Hospital_67,3.5,South,1,0.9998615
P02868,Provider_2868,City_68,CO,39.9001,-105.4321,Psychiatry,Cardiology,Specialty Care,3,250,59,4.41,0.61,True,False,Out-of-network,264,True,Hospital_68,3.92,North,1,0.99988925
P02869,Provider_2869,City_69,IL,41.0331,-88.9985,Cardiology,Ophthalmology,Specialty Care,17,500,36,2.98,0.97,True,True,In-network,113,False,Hospital_69,2.15,South,0,0.0028312707
P02870,Provider_2870,City_70,WA,48.2011,-120.2901,Dermatology,Pediatrics,Specialty Care,5,200,23,1.76,0.03,False,True,In-network,431,True,Hospital_70,4.51,North,1,0.999851
P02871,Provider_2871,City_71,NY,43.2994,-74.2179,Urology,ENT,Specialty Care,4,380,25,1.61,0.9,True,False,Out-of-network,369,True,Hospital_71,2.36,South,1,0.99952865
P02872,Provider_2872,City_72,CO,39.6001,-105.7321,Psychiatry,Endocrinology,Specialty Care,13,250,9,4.89,0.77,True,True,In-network,282,False,Hospital_72,2.59,East,1,0.99970406
P02873,Provider_2873,City_73,IL,40.7331,-89.2985,Pediatrics,Orthopedics,Primary Care,34,150,32,1.42,0.56,False,False,In-network,274,False,Hospital_73,3.97,East,1,0.9998889
P02874,Provider_2874,City_74,IL,40.7831,-89.2485,Orthopedics,Cardiology,Surgical,33,400,9,4.08,0.65,False,True,In-network,70,False,Hospital_74,2.02,North,1,0.9995641
P02875,Provider_2875,City_75,OH,40.6173,-82.7071,Psychiatry,Neurology,Specialty Care,7,250,29,4.08,0.68,True,False,In-network,174,False,Hospital_75,4.58,South,1,0.99988925
P02876,Provider_2876,City_76,TX,32.2186,-99.6518,Psychiatry,Dermatology,Specialty Care,18,250,7,4.8,0.61,False,True,In-network,94,True,Hospital_76,4.41,East,1,0.99988925
P02877,Provider_2877,City_77,AZ,34.3489,-110.7937,Cardiology,Orthopedics,Specialty Care,40,500,20,3.22,0.17,True,False,In-network,468,True,Hospital_77,4.75,South,1,0.9988501
P02878,Provider_2878,City_78,NC,36.1096,-78.6693,Pediatrics,Dermatology,Primary Care,15,150,59,2.45,0.59,False,True,Out-of-network,481,True,Hospital_78,4.25,West,1,0.9998802
P02879,Provider_2879,City_79,CA,37.1783,-119.0179,General Practice,Endocrinology,Primary Care,23,100,60,3.75,0.93,True,False,In-network,310,False,Hospital_79,3.81,South,1,0.9998808
P02880,Provider_2880,City_80,CA,37.2283,-118.9679,Pediatrics,Dermatology,Primary Care,14,150,25,3.01,0.19,False,False,Out-of-network,269,True,Hospital_80,2.75,South,1,0.99969196
P02881,Provider_2881,City_81,TX,31.9686,-99.9018,Psychiatry,Dermatology,Specialty Care,7,250,57,2.29,0.86,False,True,In-network,476,True,Hospital_81,4.51,East,1,0.9998802
P02882,Provider_2882,City_82,TX,32.0186,-99.8518,Gastroenterology,General Practice,Specialty Care,13,420,20,1.96,0.36,True,False,Out-of-network,281,False,Hospital_82,4.62,West,1,0.99986184
P02883,Provider_2883,City_83,CA,36.8783,-119.3179,Endocrinology,Ophthalmology,Specialty Care,34,400,42,3.96,0.15,True,False,In-network,331,True,Hospital_83,3.48,West,1,0.9998517
P02884,Provider_2884,City_84,NC,35.9096,-78.8693,Urology,Ophthalmology,Specialty Care,10,380,56,1.98,0.75,False,True,Out-of-network,500,True,Hospital_84,4.28,South,1,0.9998802
P02885,Provider_2885,City_85,CA,36.9783,-119.2179,ENT,Endocrinology,Specialty Care,5,220,50,1.01,0.96,True,False,Out-of-network,449,False,Hospital_85,1.96,West,1,0.99952865
P02886,Provider_2886,City_86,OH,40.6673,-82.6571,Psychiatry,Psychiatry,Specialty Care,36,250,51,2.48,0.81,True,True,In-network,396,False,Hospital_86,1.9,East,1,0.99952865
P02887,Provider_2887,City_87,MI,44.6148,-85.3024,Neurology,Psychiatry,Specialty Care,24,450,13,1.22,0.49,False,True,In-network,152,True,Hospital_87,4.01,West,1,0.9991364
P02888,Provider_2888,City_88,IL,40.9831,-89.0485,Pediatrics,Psychiatry,Primary Care,34,150,23,4.53,0.47,True,False,Out-of-network,245,False,Hospital_88,4.44,South,1,0.9998622
P02889,Provider_2889,City_89,CA,37.1783,-119.0179,Endocrinology,Gastroenterology,Specialty Care,39,400,12,4.25,0.01,False,True,In-network,470,True,Hospital_89,3.94,West,1,0.9998517
P02890,Provider_2890,City_90,NY,43.7494,-73.7679,Psychiatry,Psychiatry,Specialty Care,17,250,9,4.49,0.13,False,False,Out-of-network,353,False,Hospital_90,4.16,East,1,0.9998517
P02891,Provider_2891,City_91,MI,44.3148,-85.6024,Orthopedics,Orthopedics,Surgical,29,400,14,4.63,0.88,True,False,Out-of-network,486,False,Hospital_91,4.22,South,1,0.9998808
P02892,Provider_2892,City_92,OH,40.4673,-82.8571,Pediatrics,Neurology,Primary Care,15,150,39,1.14,0.85,True,False,Out-of-network,78,False,Hospital_92,3.69,East,1,0.99988866
P02893,Provider_2893,City_93,TX,32.0686,-99.8018,Psychiatry,ENT,Specialty Care,12,250,31,2.47,0.58,True,True,Out-of-network,285,True,Hospital_93,2.85,South,1,0.9997526
P02894,Provider_2894,City_94,FL,28.1444,-81.6103,Psychiatry,General Practice,Specialty Care,29,250,5,1.75,1.0,False,False,Out-of-network,226,False,Hospital_94,2.06,East,1,0.99956197
P02895,Provider_2895,City_95,NC,35.9596,-78.8193,Gastroenterology,Endocrinology,Specialty Care,39,420,54,1.45,0.34,False,True,In-network,109,True,Hospital_95,1.57,South,1,0.99945515
P02896,Provider_2896,City_96,AZ,34.2989,-110.8437,Gastroenterology,Neurology,Specialty Care,12,420,22,1.33,0.63,True,False,Out-of-network,445,False,Hospital_96,2.46,North,1,0.99952865
P02897,Provider_2897,City_97,CA,37.0783,-119.1179,Psychiatry,Neurology,Specialty Care,35,250,45,2.23,0.04,True,True,Out-of-network,461,True,Hospital_97,1.58,South,1,0.9994137
P02898,Provider_2898,City_98,IL,40.9831,-89.0485,Dermatology,Urology,Specialty Care,10,200,55,4.87,0.28,False,True,In-network,374,True,Hospital_98,1.71,East,1,0.9994167
P02899,Provider_2899,City_99,TX,32.3686,-99.5018,Psychiatry,Endocrinology,Specialty Care,1,250,8,2.27,0.09,True,False,Out-of-network,140,False,Hospital_99,3.07,East,1,0.9998615
P02900,Provider_2900,City_100,MI,44.7648,-85.1524,Dermatology,Cardiology,Specialty Care,22,200,49,3.06,0.83,False,False,In-network,103,False,Hospital_100,3.27,West,1,0.99988925
P02901,Provider_2901,City_101,NC,35.7596,-79.0193,Urology,Urology,Specialty Care,36,380,52,2.23,0.92,True,False,In-network,428,True,Hospital_1,3.67,South,1,0.9998802
P02902,Provider_2902,City_102,NY,43.3494,-74.1679,Neurology,Neurology,Specialty Care,27,450,51,3.98,0.76,True,True,Out-of-network,88,True,Hospital_2,2.84,South,0,0.010773753
P02903,Provider_2903,City_103,IL,40.7331,-89.2985,Neurology,Ophthalmology,Specialty Care,13,450,28,1.83,0.02,True,False,In-network,310,False,Hospital_3,1.68,South,0,0.0021167668
P02904,Provider_2904,City_104,AZ,34.1989,-110.9437,Pediatrics,ENT,Primary Care,20,150,29,2.02,0.96,False,True,In-network,364,False,Hospital_4,1.35,West,1,0.99952865
P02905,Provider_2905,City_105,CO,39.7501,-105.5821,Gastroenterology,Endocrinology,Specialty Care,25,420,23,1.24,0.81,False,True,Out-of-network,206,False,Hospital_5,1.89,East,1,0.99956197
P02906,Provider_2906,City_106,GA,32.4156,-82.6501,Gastroenterology,Cardiology,Specialty Care,9,420,54,2.65,0.0,True,False,Out-of-network,393,True,Hospital_6,1.33,North,1,0.9994137
P02907,Provider_2907,City_107,GA,32.4656,-82.6001,ENT,Neurology,Specialty Care,6,220,55,3.86,0.28,False,False,Out-of-network,137,True,Hospital_7,3.11,West,1,0.9998622
P02908,Provider_2908,City_108,PA,41.5533,-76.8445,Dermatology,Orthopedics,Specialty Care,15,200,45,2.97,0.16,False,True,In-network,324,True,Hospital_8,2.73,East,1,0.99962854
P02909,Provider_2909,City_109,CA,37.1783,-119.0179,Gastroenterology,Endocrinology,Specialty Care,37,420,31,1.18,0.77,True,False,In-network,441,False,Hospital_9,1.36,South,1,0.99952865
P02910,Provider_2910,City_110,NY,43.7494,-73.7679,Urology,Urology,Specialty Care,16,380,46,3.52,0.06,False,True,Out-of-network,134,False,Hospital_10,2.46,North,1,0.999458
P02911,Provider_2911,City_111,AZ,34.0489,-111.0937,Endocrinology,Dermatology,Specialty Care,21,400,27,3.33,0.85,False,True,In-network,304,True,Hospital_11,1.19,East,1,0.99953103
P02912,Provider_2912,City_112,NY,43.3494,-74.1679,General Practice,Cardiology,Primary Care,1,100,21,2.44,0.42,True,True,Out-of-network,210,True,Hospital_12,1.98,East,1,0.99945515
P02913,Provider_2913,City_113,IL,40.7331,-89.2985,Psychiatry,General Practice,Specialty Care,28,250,19,2.79,0.82,True,False,Out-of-network,475,False,Hospital_13,3.72,East,1,0.9998802
P02914,Provider_2914,City_114,TX,32.1186,-99.7518,Orthopedics,Neurology,Surgical,10,400,11,2.82,0.35,True,True,Out-of-network,172,False,Hospital_14,4.91,South,1,0.9998615
P02915,Provider_2915,City_115,CA,36.9783,-119.2179,Endocrinology,Urology,Specialty Care,2,400,58,2.96,0.94,False,False,Out-of-network,258,False,Hospital_15,1.61,East,1,0.99956197
P02916,Provider_2916,City_116,OH,40.6673,-82.6571,Pediatrics,Urology,Primary Care,8,150,19,1.14,0.44,True,True,Out-of-network,82,False,Hospital_16,4.72,East,1,0.9998615
P02917,Provider_2917,City_117,AZ,34.3489,-110.7937,Dermatology,ENT,Specialty Care,23,200,29,1.25,0.91,True,True,Out-of-network,404,True,Hospital_17,2.29,South,1,0.99952865
P02918,Provider_2918,City_118,NC,36.1096,-78.6693,General Practice,ENT,Primary Care,32,100,54,1.7,0.16,False,True,In-network,420,True,Hospital_18,2.64,West,1,0.99960095
P02919,Provider_2919,City_119,IL,41.0331,-88.9985,Pediatrics,Urology,Primary Care,15,150,37,4.52,0.32,False,True,Out-of-network,60,False,Hospital_19,2.97,South,1,0.9997867
P02920,Provider_2920,City_120,NV,39.2526,-115.9694,Urology,Cardiology,Specialty Care,40,380,43,1.79,0.61,False,False,Out-of-network,176,True,Hospital_20,2.91,East,1,0.99979717
P02921,Provider_2921,City_121,CO,39.5501,-105.7821,Psychiatry,Ophthalmology,Specialty Care,12,250,34,1.31,0.77,False,False,In-network,193,False,Hospital_21,1.33,South,1,0.99956197
P02922,Provider_2922,City_122,CO,39.6001,-105.7321,ENT,Ophthalmology,Specialty Care,26,220,5,3.72,0.06,True,True,In-network,492,False,Hospital_22,4.68,East,1,0.9998517
P02923,Provider_2923,City_123,PA,41.3033,-77.0945,Pediatrics,Gastroenterology,Primary Care,1,150,56,3.91,0.79,True,False,In-network,320,True,Hospital_23,3.84,North,1,0.9998808
P02924,Provider_2924,City_124,MI,44.4648,-85.4524,Ophthalmology,Cardiology,Specialty Care,21,180,40,4.71,0.31,False,True,In-network,484,False,Hospital_24,4.03,West,1,0.9998517
P02925,Provider_2925,City_125,PA,41.4033,-76.9945,Ophthalmology,Urology,Specialty Care,21,180,15,1.85,0.07,False,True,In-network,151,True,Hospital_25,1.15,South,1,0.99945515
P02926,Provider_2926,City_126,WA,48.0011,-120.4901,Cardiology,Orthopedics,Specialty Care,31,500,57,3.59,0.15,False,True,In-network,475,True,Hospital_26,4.04,North,1,0.9988501
P02927,Provider_2927,City_127,NV,39.1026,-116.1194,Orthopedics,Dermatology,Surgical,21,400,13,2.21,0.35,True,False,Out-of-network,219,True,Hospital_27,3.38,East,1,0.9998615
P02928,Provider_2928,City_128,OH,40.7673,-82.5571,Orthopedics,Pediatrics,Surgical,29,400,59,4.99,0.18,True,False,Out-of-network,399,False,Hospital_28,4.11,East,1,0.9998517
P02929,Provider_2929,City_129,OH,40.8173,-82.5071,General Practice,Pediatrics,Primary Care,39,100,56,4.13,0.66,True,True,Out-of-network,159,False,Hospital_29,1.91,South,1,0.9995641
P02930,Provider_2930,City_130,IL,41.0831,-88.9485,Urology,Pediatrics,Specialty Care,39,380,31,2.62,0.53,True,False,Out-of-network,219,True,Hospital_30,4.64,West,1,0.99988866
P02931,Provider_2931,City_131,AZ,34.0489,-111.0937,Gastroenterology,Urology,Specialty Care,17,420,36,4.3,0.39,False,False,Out-of-network,386,False,Hospital_31,2.88,South,1,0.9997298
P02932,Provider_2932,City_132,IL,40.6831,-89.3485,Cardiology,Neurology,Specialty Care,6,500,52,1.45,0.63,True,False,In-network,388,True,Hospital_32,1.92,South,0,0.0026315362
P02933,Provider_2933,City_133,CA,36.8783,-119.3179,Orthopedics,Cardiology,Surgical,7,400,18,2.27,0.29,True,True,Out-of-network,474,True,Hospital_33,2.65,West,1,0.99960095
P02934,Provider_2934,City_134,NC,35.9096,-78.8693,Dermatology,Orthopedics,Specialty Care,1,200,31,4.24,0.52,True,True,In-network,244,False,Hospital_34,4.6,East,1,0.99988925
P02935,Provider_2935,City_135,IL,40.8331,-89.1985,Gastroenterology,Psychiatry,Specialty Care,37,420,32,2.59,0.82,False,False,Out-of-network,240,True,Hospital_35,1.76,West,1,0.99956197
P02936,Provider_2936,City_136,WA,48.0011,-120.4901,Pediatrics,Urology,Primary Care,35,150,25,1.6,0.33,False,False,Out-of-network,86,False,Hospital_36,4.02,East,1,0.9998615
P02937,Provider_2937,City_137,NY,43.5994,-73.9179,Urology,Urology,Specialty Care,38,380,17,4.6,0.55,True,False,In-network,438,False,Hospital_37,4.01,South,1,0.9998808
P02938,Provider_2938,City_138,MA,42.7572,-71.0324,Gastroenterology,Psychiatry,Specialty Care,3,420,34,4.94,0.35,True,True,In-network,249,False,Hospital_38,3.56,West,1,0.9998622
P02939,Provider_2939,City_139,MI,44.7148,-85.2024,Ophthalmology,Pediatrics,Specialty Care,25,180,47,2.45,0.89,False,False,In-network,63,True,Hospital_39,3.35,South,1,0.99988866
P02940,Provider_2940,City_140,NV,39.2526,-115.9694,Ophthalmology,Ophthalmology,Specialty Care,26,180,44,3.13,0.73,True,False,Out-of-network,160,False,Hospital_40,4.73,West,1,0.99988925
P02941,Provider_2941,City_141,TX,31.9686,-99.9018,Pediatrics,Gastroenterology,Primary Care,1,150,43,2.83,0.93,True,True,In-network,392,True,Hospital_41,2.57,South,1,0.9996792
P02942,Provider_2942,City_142,CO,39.6001,-105.7321,Dermatology,Urology,Specialty Care,2,200,47,3.58,0.14,True,False,Out-of-network,357,True,Hospital_42,2.59,North,1,0.999603
P02943,Provider_2943,City_143,TX,32.0686,-99.8018,Endocrinology,Pediatrics,Specialty Care,12,400,21,2.0,0.82,False,False,In-network,125,False,Hospital_43,1.47,East,1,0.99956197
P02944,Provider_2944,City_144,NV,38.9526,-116.2694,ENT,Psychiatry,Specialty Care,3,220,22,3.24,0.81,True,True,In-network,470,True,Hospital_44,3.03,East,1,0.9998808
P02945,Provider_2945,City_145,FL,28.1944,-81.5603,Cardiology,Ophthalmology,Specialty Care,28,500,60,2.75,0.07,False,True,In-network,331,False,Hospital_45,3.06,West,1,0.99884427
P02946,Provider_2946,City_146,MI,44.5648,-85.3524,Neurology,Neurology,Specialty Care,17,450,56,4.25,0.11,True,False,In-network,246,True,Hospital_46,1.59,North,0,0.002289136
P02947,Provider_2947,City_147,NC,36.0596,-78.7193,ENT,ENT,Specialty Care,17,220,56,2.42,0.19,False,False,Out-of-network,283,True,Hospital_47,2.07,West,1,0.99942243
P02948,Provider_2948,City_148,NY,43.6494,-73.8679,Ophthalmology,Endocrinology,Specialty Care,30,180,48,2.26,0.62,False,True,In-network,495,True,Hospital_48,4.41,East,1,0.9998802
P02949,Provider_2949,City_149,WA,48.1511,-120.3401,Pediatrics,Gastroenterology,Primary Care,35,150,20,4.7,0.93,True,True,Out-of-network,486,True,Hospital_49,4.0,South,1,0.9998808
P02950,Provider_2950,City_150,AZ,34.4989,-110.6437,Orthopedics,Endocrinology,Surgical,29,400,7,1.08,0.98,True,False,Out-of-network,378,True,Hospital_50,4.16,East,1,0.9998802
P02951,Provider_2951,City_151,GA,32.1656,-82.9001,Dermatology,Urology,Specialty Care,25,200,23,3.53,0.83,False,False,Out-of-network,204,False,Hospital_51,3.55,South,1,0.99988925
P02952,Provider_2952,City_152,MA,42.4572,-71.3324,Dermatology,Cardiology,Specialty Care,17,200,15,2.49,0.45,False,False,In-network,159,True,Hospital_52,2.06,South,1,0.99945515
P02953,Provider_2953,City_153,MI,44.4148,-85.5024,Orthopedics,General Practice,Surgical,38,400,19,4.11,0.84,True,False,Out-of-network,357,True,Hospital_53,3.46,West,1,0.9998808
P02954,Provider_2954,City_154,PA,41.3533,-77.0445,Dermatology,Dermatology,Specialty Care,16,200,29,1.14,0.68,False,False,In-network,455,False,Hospital_54,2.28,South,1,0.99952865
P02955,Provider_2955,City_155,CO,39.7501,-105.5821,Endocrinology,Dermatology,Specialty Care,14,400,60,4.45,0.34,False,False,Out-of-network,345,False,Hospital_55,3.36,North,1,0.9998517
P02956,Provider_2956,City_156,IL,40.8831,-89.1485,Neurology,ENT,Specialty Care,22,450,34,2.6,0.51,True,False,Out-of-network,455,True,Hospital_56,4.13,East,1,0.9990707
P02957,Provider_2957,City_157,NY,43.5994,-73.9179,Pediatrics,Dermatology,Primary Care,21,150,44,1.42,0.64,False,False,In-network,196,False,Hospital_57,1.32,East,1,0.99956197
P02958,Provider_2958,City_158,CO,39.9001,-105.4321,Endocrinology,Dermatology,Specialty Care,32,400,53,4.08,0.33,False,False,Out-of-network,443,False,Hospital_58,2.95,East,1,0.99977046
P02959,Provider_2959,City_159,NV,39.2026,-116.0194,Cardiology,Dermatology,Specialty Care,22,500,55,4.0,0.41,False,False,In-network,140,False,Hospital_59,3.71,North,1,0.99893135
P02960,Provider_2960,City_160,OH,40.8673,-82.4571,ENT,Gastroenterology,Specialty Care,36,220,43,2.79,0.63,False,True,In-network,314,True,Hospital_60,2.72,West,1,0.9997013
P02961,Provider_2961,City_161,CA,36.7783,-119.4179,Neurology,Dermatology,Specialty Care,12,450,8,3.16,0.22,True,True,Out-of-network,257,True,Hospital_61,3.33,South,1,0.99893135
P02962,Provider_2962,City_162,OH,40.4673,-82.8571,General Practice,Cardiology,Primary Care,29,100,11,2.95,0.72,True,True,In-network,189,False,Hospital_62,3.47,South,1,0.99988866
P02963,Provider_2963,City_163,CA,36.8783,-119.3179,Gastroenterology,Ophthalmology,Specialty Care,40,420,28,4.1,0.17,True,True,In-network,199,True,Hospital_63,4.83,South,1,0.9998622
P02964,Provider_2964,City_164,FL,28.1444,-81.6103,Psychiatry,Pediatrics,Specialty Care,6,250,15,3.67,0.57,False,False,Out-of-network,162,True,Hospital_64,2.12,East,1,0.9995641
P02965,Provider_2965,City_165,IL,40.8331,-89.1985,ENT,Dermatology,Specialty Care,14,220,41,1.31,0.39,False,True,Out-of-network,271,True,Hospital_65,1.95,East,1,0.99945647
P02966,Provider_2966,City_166,NC,36.0096,-78.7693,Dermatology,ENT,Specialty Care,7,200,15,2.24,0.78,True,False,In-network,167,False,Hospital_66,3.73,West,1,0.99988866
P02967,Provider_2967,City_167,NV,39.1026,-116.1194,Orthopedics,Orthopedics,Surgical,7,400,46,1.95,0.44,False,False,In-network,131,True,Hospital_67,3.17,North,1,0.9998615
P02968,Provider_2968,City_168,CO,39.9001,-105.4321,Urology,Urology,Specialty Care,23,380,39,2.25,0.56,True,True,In-network,160,True,Hospital_68,3.68,West,1,0.99988866
P02969,Provider_2969,City_169,CA,37.1783,-119.0179,Pediatrics,Orthopedics,Primary Care,20,150,59,3.29,0.82,True,True,In-network,118,True,Hospital_69,1.94,West,1,0.9995641
P02970,Provider_2970,City_170,GA,32.6156,-82.4501,Neurology,Orthopedics,Specialty Care,12,450,54,1.67,0.76,False,True,In-network,500,False,Hospital_70,1.43,West,0,0.0026315362
P02971,Provider_2971,City_171,AZ,34.0489,-111.0937,Gastroenterology,Cardiology,Specialty Care,34,420,44,2.11,0.38,False,False,In-network,53,False,Hospital_71,1.16,East,1,0.99945515
P02972,Provider_2972,City_172,TX,32.0186,-99.8518,Gastroenterology,Psychiatry,Specialty Care,14,420,45,4.88,0.25,False,False,In-network,354,False,Hospital_72,4.58,West,1,0.9998517
P02973,Provider_2973,City_173,CA,36.8783,-119.3179,Orthopedics,General Practice,Surgical,34,400,28,1.23,0.82,True,False,Out-of-network,471,True,Hospital_73,3.48,East,1,0.9998802
P02974,Provider_2974,City_174,TX,32.1186,-99.7518,Orthopedics,Urology,Surgical,27,400,43,3.83,0.13,False,False,Out-of-network,299,True,Hospital_74,3.8,West,1,0.9998517
P02975,Provider_2975,City_175,GA,32.3656,-82.7001,Gastroenterology,ENT,Specialty Care,25,420,51,4.14,0.2,True,False,Out-of-network,484,False,Hospital_75,3.51,North,1,0.9998517
P02976,Provider_2976,City_176,MA,42.6572,-71.1324,Cardiology,Dermatology,Specialty Care,37,500,57,3.26,0.13,False,False,In-network,455,True,Hospital_76,2.64,East,0,0.0031232508
P02977,Provider_2977,City_177,TX,32.2686,-99.6018,Dermatology,Gastroenterology,Specialty Care,7,200,29,4.59,0.26,False,False,Out-of-network,473,False,Hospital_77,3.36,North,1,0.9998517
P02978,Provider_2978,City_178,MA,42.7572,-71.0324,Cardiology,Psychiatry,Specialty Care,14,500,31,3.95,0.95,False,True,In-network,117,False,Hospital_78,4.51,North,1,0.9991406
P02979,Provider_2979,City_179,TX,32.3686,-99.5018,Ophthalmology,Psychiatry,Specialty Care,37,180,49,4.78,0.69,True,False,In-network,165,True,Hospital_79,4.02,North,1,0.99988925
P02980,Provider_2980,City_180,CA,37.2283,-118.9679,Urology,Orthopedics,Specialty Care,7,380,51,3.93,0.91,False,True,In-network,297,False,Hospital_80,4.34,South,1,0.9998808
P02981,Provider_2981,City_181,NC,35.7596,-79.0193,Cardiology,General Practice,Specialty Care,8,500,36,1.4,0.72,False,True,In-network,303,True,Hospital_81,3.98,North,1,0.9990707
P02982,Provider_2982,City_182,NV,38.8526,-116.3694,ENT,Urology,Specialty Care,25,220,11,4.91,0.73,False,True,Out-of-network,56,True,Hospital_82,3.75,South,1,0.99988925
P02983,Provider_2983,City_183,PA,41.3033,-77.0945,Neurology,Neurology,Specialty Care,39,450,39,4.94,0.07,True,True,In-network,207,False,Hospital_83,3.29,East,1,0.99893135
P02984,Provider_2984,City_184,GA,32.3156,-82.7501,Cardiology,Dermatology,Specialty Care,14,500,56,1.01,0.25,True,False,In-network,224,False,Hospital_84,3.46,West,1,0.99892586
P02985,Provider_2985,City_185,MA,42.6072,-71.1824,Cardiology,Neurology,Specialty Care,38,500,41,1.3,0.94,True,True,Out-of-network,164,False,Hospital_85,3.83,East,1,0.9991364
P02986,Provider_2986,City_186,FL,28.2444,-81.5103,Orthopedics,Urology,Surgical,39,400,48,2.23,0.38,True,False,Out-of-network,192,True,Hospital_86,1.46,West,1,0.99945515
P02987,Provider_2987,City_187,PA,41.5033,-76.8945,Endocrinology,Endocrinology,Specialty Care,33,400,36,2.83,0.01,True,False,Out-of-network,392,False,Hospital_87,2.96,East,1,0.9997693
P02988,Provider_2988,City_188,NC,36.1096,-78.6693,Orthopedics,Dermatology,Surgical,2,400,36,4.62,0.0,False,False,In-network,304,True,Hospital_88,3.94,West,1,0.9998517
P02989,Provider_2989,City_189,NY,43.6994,-73.8179,Neurology,Dermatology,Specialty Care,33,450,34,3.27,0.36,True,False,In-network,410,True,Hospital_89,2.74,East,0,0.005613248
P02990,Provider_2990,City_190,CA,37.2283,-118.9679,Orthopedics,Ophthalmology,Surgical,26,400,57,4.91,0.61,False,False,In-network,96,True,Hospital_90,3.0,East,1,0.99988925
P02991,Provider_2991,City_191,OH,40.4173,-82.9071,Endocrinology,Endocrinology,Specialty Care,27,400,13,1.33,0.89,True,False,In-network,79,False,Hospital_91,3.38,North,1,0.99988866
P02992,Provider_2992,City_192,MI,44.3648,-85.5524,Urology,Endocrinology,Specialty Care,10,380,49,2.68,0.59,False,True,In-network,63,False,Hospital_92,4.38,North,1,0.99988866
P02993,Provider_2993,City_193,WA,47.8511,-120.6401,Orthopedics,Orthopedics,Surgical,5,400,34,2.81,0.07,True,False,Out-of-network,459,True,Hospital_93,4.2,North,1,0.999851
P02994,Provider_2994,City_194,OH,40.5673,-82.7571,Urology,Urology,Specialty Care,32,380,13,3.61,0.56,False,False,In-network,230,True,Hospital_94,1.94,South,1,0.9995641
P02995,Provider_2995,City_195,CA,36.9783,-119.2179,ENT,Urology,Specialty Care,23,220,11,4.23,0.49,True,True,In-network,200,True,Hospital_95,4.5,South,1,0.99988925
P02996,Provider_2996,City_196,AZ,34.2989,-110.8437,ENT,Dermatology,Specialty Care,38,220,46,2.43,0.19,True,True,In-network,388,False,Hospital_96,4.69,South,1,0.999851
P02997,Provider_2997,City_197,CO,39.8501,-105.4821,Gastroenterology,Psychiatry,Specialty Care,6,420,56,2.47,0.44,False,False,Out-of-network,489,False,Hospital_97,1.41,East,1,0.9994137
P02998,Provider_2998,City_198,IL,40.9831,-89.0485,Orthopedics,Neurology,Surgical,22,400,6,4.78,0.04,False,True,In-network,341,True,Hospital_98,3.53,North,1,0.9998517
P02999,Provider_2999,City_199,OH,40.8173,-82.5071,Dermatology,Orthopedics,Specialty Care,21,200,50,2.91,0.17,False,True,Out-of-network,366,True,Hospital_99,4.13,West,1,0.999851
P03000,Provider_3000,City_200,PA,41.6533,-76.7445,Cardiology,Cardiology,Specialty Care,19,500,8,4.53,0.98,True,False,In-network,95,False,Hospital_100,4.86,East,1,0.9991406
P03001,Provider_3001,City_1,PA,41.2033,-77.1945,Cardiology,Ophthalmology,Specialty Care,2,500,55,2.26,0.74,True,True,Out-of-network,178,False,Hospital_1,3.64,West,1,0.9991364
P03002,Provider_3002,City_2,WA,47.8011,-120.6901,Ophthalmology,Gastroenterology,Specialty Care,31,180,57,4.85,0.12,True,False,In-network,256,False,Hospital_2,2.28,West,1,0.999458
P03003,Provider_3003,City_3,GA,32.2656,-82.8001,Neurology,Psychiatry,Specialty Care,11,450,14,2.94,0.89,False,True,Out-of-network,180,False,Hospital_3,1.62,West,0,0.0028312707
P03004,Provider_3004,City_4,WA,47.9011,-120.5901,ENT,Endocrinology,Specialty Care,40,220,49,2.73,0.62,False,True,Out-of-network,439,True,Hospital_4,3.47,North,1,0.9998802
P03005,Provider_3005,City_5,NC,35.9596,-78.8193,Gastroenterology,Gastroenterology,Specialty Care,34,420,52,1.41,0.39,True,False,Out-of-network,176,True,Hospital_5,1.47,South,1,0.99945515
P03006,Provider_3006,City_6,GA,32.4156,-82.6501,Endocrinology,Urology,Specialty Care,39,400,35,3.96,0.84,True,True,In-network,170,False,Hospital_6,2.34,East,1,0.9995641
P03007,Provider_3007,City_7,CO,39.8501,-105.4821,Neurology,Dermatology,Specialty Care,23,450,55,4.38,0.04,True,True,In-network,381,True,Hospital_7,3.96,West,1,0.9988501
P03008,Provider_3008,City_8,CA,37.1283,-119.0679,Gastroenterology,Gastroenterology,Specialty Care,23,420,58,1.2,0.7,False,True,Out-of-network,452,True,Hospital_8,2.97,West,1,0.99981457
P03009,Provider_3009,City_9,FL,28.3944,-81.3603,Gastroenterology,Endocrinology,Specialty Care,20,420,58,4.76,0.19,True,False,Out-of-network,192,True,Hospital_9,2.12,North,1,0.999458
P03010,Provider_3010,City_10,CA,37.2283,-118.9679,Gastroenterology,Urology,Specialty Care,32,420,31,2.4,0.58,False,False,Out-of-network,456,False,Hospital_10,3.49,South,1,0.9998802
P03011,Provider_3011,City_11,WA,47.7511,-120.7401,Dermatology,Pediatrics,Specialty Care,8,200,33,1.85,0.34,True,False,Out-of-network,414,False,Hospital_11,4.85,West,1,0.999851
P03012,Provider_3012,City_12,NC,35.8096,-78.9693,Ophthalmology,Urology,Specialty Care,6,180,28,2.3,0.13,False,False,In-network,356,True,Hospital_12,4.62,South,1,0.999851
P03013,Provider_3013,City_13,WA,47.8511,-120.6401,Urology,Orthopedics,Specialty Care,23,380,45,1.5,0.53,False,False,Out-of-network,119,False,Hospital_13,2.44,North,1,0.99956197
P03014,Provider_3014,City_14,WA,47.9011,-120.5901,Ophthalmology,Ophthalmology,Specialty Care,33,180,49,1.41,0.47,True,True,In-network,195,True,Hospital_14,3.59,West,1,0.9998615
P03015,Provider_3015,City_15,PA,41.4033,-76.9945,Gastroenterology,Neurology,Specialty Care,1,420,51,1.57,0.09,True,True,Out-of-network,95,False,Hospital_15,2.83,North,1,0.9997141
P03016,Provider_3016,City_16,NY,43.5494,-73.9679,Ophthalmology,Endocrinology,Specialty Care,6,180,19,3.15,0.16,True,False,In-network,286,True,Hospital_16,2.49,North,1,0.9994167
P03017,Provider_3017,City_17,CA,37.0783,-119.1179,Pediatrics,General Practice,Primary Care,2,150,22,1.58,0.17,True,True,Out-of-network,156,False,Hospital_17,4.23,South,1,0.9998615
P03018,Provider_3018,City_18,MI,44.6648,-85.2524,ENT,Neurology,Specialty Care,26,220,45,4.49,0.86,True,True,In-network,344,True,Hospital_18,2.32,East,1,0.99953103
P03019,Provider_3019,City_19,WA,48.1511,-120.3401,Neurology,General Practice,Specialty Care,1,450,34,1.73,0.99,False,False,Out-of-network,427,False,Hospital_19,4.74,North,1,0.9990707
P03020,Provider_3020,City_20,MA,42.8572,-70.9324,General Practice,Ophthalmology,Primary Care,24,100,30,1.07,0.49,False,True,Out-of-network,429,True,Hospital_20,2.97,South,1,0.99981457
P03021,Provider_3021,City_21,CO,39.5501,-105.7821,Psychiatry,Gastroenterology,Specialty Care,4,250,27,2.02,0.54,False,True,In-network,110,False,Hospital_21,3.43,West,1,0.99988866
P03022,Provider_3022,City_22,NC,35.8096,-78.9693,Gastroenterology,Neurology,Specialty Care,36,420,22,4.66,0.78,True,True,In-network,317,True,Hospital_22,2.68,East,1,0.99968076
P03023,Provider_3023,City_23,MI,44.4148,-85.5024,Gastroenterology,Dermatology,Specialty Care,16,420,9,4.25,0.34,False,False,In-network,336,False,Hospital_23,2.39,North,1,0.9994167
P03024,Provider_3024,City_24,NV,38.9526,-116.2694,Gastroenterology,General Practice,Specialty Care,3,420,22,2.73,0.7,True,True,Out-of-network,75,True,Hospital_24,3.46,West,1,0.99988866
P03025,Provider_3025,City_25,PA,41.4033,-76.9945,Urology,Endocrinology,Specialty Care,39,380,24,1.43,0.92,False,True,Out-of-network,71,False,Hospital_25,2.64,West,1,0.9997018
P03026,Provider_3026,City_26,NC,36.0096,-78.7693,ENT,Endocrinology,Specialty Care,1,220,19,3.63,0.82,True,True,Out-of-network,364,True,Hospital_26,3.81,East,1,0.9998808
P03027,Provider_3027,City_27,MI,44.6148,-85.3024,ENT,Psychiatry,Specialty Care,33,220,24,1.67,0.17,True,True,Out-of-network,99,False,Hospital_27,3.19,North,1,0.9998615
P03028,Provider_3028,City_28,CO,39.9001,-105.4321,Endocrinology,Urology,Specialty Care,31,400,21,2.78,0.99,False,True,Out-of-network,467,True,Hospital_28,2.75,North,1,0.9997261
P03029,Provider_3029,City_29,WA,48.1511,-120.3401,Endocrinology,Psychiatry,Specialty Care,29,400,17,4.43,0.94,False,False,Out-of-network,213,False,Hospital_29,3.52,East,1,0.99988925
P03030,Provider_3030,City_30,PA,41.6533,-76.7445,Ophthalmology,Endocrinology,Specialty Care,12,180,18,1.22,0.08,True,False,Out-of-network,92,True,Hospital_30,4.12,South,1,0.9998615
P03031,Provider_3031,City_31,AZ,34.0489,-111.0937,Endocrinology,Endocrinology,Specialty Care,22,400,14,2.13,0.6,True,False,Out-of-network,82,False,Hospital_31,2.04,East,1,0.99956197
P03032,Provider_3032,City_32,TX,32.0186,-99.8518,Endocrinology,General Practice,Specialty Care,23,400,39,3.2,0.73,True,False,In-network,328,True,Hospital_32,1.44,West,1,0.99953103
P03033,Provider_3033,City_33,PA,41.3033,-77.0945,Psychiatry,Ophthalmology,Specialty Care,12,250,59,3.64,0.35,False,True,Out-of-network,215,True,Hospital_33,2.06,West,1,0.999458
P03034,Provider_3034,City_34,PA,41.3533,-77.0445,Pediatrics,ENT,Primary Care,4,150,36,2.85,0.5,True,False,Out-of-network,350,True,Hospital_34,2.08,East,1,0.99952865
P03035,Provider_3035,City_35,NC,35.9596,-78.8193,Psychiatry,Pediatrics,Specialty Care,5,250,6,3.31,0.78,False,False,In-network,404,True,Hospital_35,1.55,South,1,0.99953103
P03036,Provider_3036,City_36,NC,36.0096,-78.7693,Pediatrics,Pediatrics,Primary Care,18,150,44,3.69,0.81,False,True,Out-of-network,188,False,Hospital_36,1.05,North,1,0.9995641
P03037,Provider_3037,City_37,NY,43.5994,-73.9179,Endocrinology,Ophthalmology,Specialty Care,16,400,20,1.89,0.56,True,True,In-network,72,False,Hospital_37,2.16,North,1,0.99956197
P03038,Provider_3038,City_38,MA,42.7572,-71.0324,Gastroenterology,Cardiology,Specialty Care,38,420,15,4.01,0.14,True,True,Out-of-network,500,False,Hospital_38,4.79,East,1,0.9998517
P03039,Provider_3039,City_39,AZ,34.4489,-110.6937,Endocrinology,Urology,Specialty Care,4,400,58,3.72,0.78,True,False,In-network,118,False,Hospital_39,2.91,North,1,0.9997981
P03040,Provider_3040,City_40,CO,40.0001,-105.3321,Psychiatry,Pediatrics,Specialty Care,25,250,52,2.61,0.1,True,True,In-network,334,False,Hospital_40,3.99,South,1,0.999851
P03041,Provider_3041,City_41,FL,27.9944,-81.7603,Endocrinology,Pediatrics,Specialty Care,1,400,24,2.26,0.08,True,False,In-network,79,False,Hospital_41,1.49,West,1,0.99945515
P03042,Provider_3042,City_42,WA,47.8011,-120.6901,Urology,Neurology,Specialty Care,1,380,29,3.09,0.87,True,False,Out-of-network,87,False,Hospital_42,3.81,East,1,0.99988925
P03043,Provider_3043,City_43,MA,42.5072,-71.2824,ENT,Pediatrics,Specialty Care,15,220,46,4.53,0.86,True,True,In-network,134,True,Hospital_43,2.86,West,1,0.9997981
P03044,Provider_3044,City_44,CA,36.9283,-119.2679,Endocrinology,Dermatology,Specialty Care,7,400,39,1.31,0.6,False,True,Out-of-network,325,False,Hospital_44,2.17,East,1,0.99952865
P03045,Provider_3045,City_45,GA,32.3656,-82.7001,Endocrinology,Urology,Specialty Care,2,400,6,1.22,0.94,False,False,Out-of-network,425,False,Hospital_45,1.0,East,1,0.99952865
P03046,Provider_3046,City_46,CO,39.8001,-105.5321,Gastroenterology,General Practice,Specialty Care,38,420,10,4.86,0.23,True,False,Out-of-network,243,False,Hospital_46,3.07,West,1,0.9998622
P03047,Provider_3047,City_47,GA,32.4656,-82.6001,ENT,Psychiatry,Specialty Care,37,220,54,4.64,0.16,False,True,Out-of-network,223,True,Hospital_47,4.73,East,1,0.9998622
P03048,Provider_3048,City_48,NY,43.6494,-73.8679,Urology,Gastroenterology,Specialty Care,31,380,14,4.44,0.63,True,False,In-network,91,True,Hospital_48,2.9,West,1,0.9997981
P03049,Provider_3049,City_49,AZ,34.4489,-110.6937,Dermatology,Gastroenterology,Specialty Care,3,200,10,2.55,0.5,True,True,Out-of-network,215,True,Hospital_49,4.07,East,1,0.99988866
P03050,Provider_3050,City_50,FL,28.4444,-81.3103,Gastroenterology,ENT,Specialty Care,5,420,22,3.44,0.87,False,True,Out-of-network,460,False,Hospital_50,1.92,West,1,0.99953103
P03051,Provider_3051,City_51,AZ,34.0489,-111.0937,Ophthalmology,Endocrinology,Specialty Care,8,180,24,4.76,0.05,True,False,In-network,395,False,Hospital_51,4.24,East,1,0.9998517
P03052,Provider_3052,City_52,IL,40.6831,-89.3485,Psychiatry,General Practice,Specialty Care,8,250,30,1.87,0.32,True,True,Out-of-network,395,True,Hospital_52,3.31,East,1,0.999851
P03053,Provider_3053,City_53,GA,32.2656,-82.8001,Neurology,Dermatology,Specialty Care,12,450,24,3.77,0.04,True,True,Out-of-network,384,True,Hospital_53,1.08,West,0,0.0021275654
P03054,Provider_3054,City_54,NY,43.4494,-74.0679,Orthopedics,General Practice,Surgical,1,400,17,4.53,0.15,False,False,Out-of-network,294,False,Hospital_54,2.78,West,1,0.9996939
P03055,Provider_3055,City_55,TX,32.1686,-99.7018,Endocrinology,Dermatology,Specialty Care,32,400,10,4.7,0.19,False,False,In-network,232,False,Hospital_55,2.92,South,1,0.9997489
P03056,Provider_3056,City_56,CA,37.0283,-119.1679,Neurology,Ophthalmology,Specialty Care,32,450,16,4.54,0.72,True,True,In-network,500,True,Hospital_56,3.04,West,1,0.9990753
P03057,Provider_3057,City_57,OH,40.7173,-82.6071,Ophthalmology,Psychiatry,Specialty Care,15,180,20,2.68,0.18,True,False,In-network,195,False,Hospital_57,2.52,East,1,0.99945515
P03058,Provider_3058,City_58,PA,41.5533,-76.8445,Neurology,Ophthalmology,Specialty Care,22,450,56,4.46,0.13,False,True,In-network,409,True,Hospital_58,1.96,West,0,0.0021275654
P03059,Provider_3059,City_59,WA,48.1511,-120.3401,Orthopedics,Dermatology,Surgical,26,400,16,4.96,0.96,False,False,In-network,57,False,Hospital_59,4.4,South,1,0.99988925
P03060,Provider_3060,City_60,NV,39.2526,-115.9694,Neurology,Pediatrics,Specialty Care,11,450,24,2.0,0.61,True,False,Out-of-network,499,False,Hospital_60,2.13,East,0,0.0026315362
P03061,Provider_3061,City_61,AZ,34.0489,-111.0937,Gastroenterology,Pediatrics,Specialty Care,16,420,45,2.33,0.59,False,False,In-network,84,True,Hospital_61,4.75,East,1,0.99988866
P03062,Provider_3062,City_62,MA,42.4572,-71.3324,Psychiatry,Neurology,Specialty Care,19,250,8,1.68,0.71,False,False,Out-of-network,304,False,Hospital_62,3.5,West,1,0.9998802
P03063,Provider_3063,City_63,FL,28.0944,-81.6603,Orthopedics,General Practice,Surgical,10,400,36,1.6,1.0,True,True,In-network,342,True,Hospital_63,1.99,West,1,0.99952865
P03064,Provider_3064,City_64,CO,39.7001,-105.6321,Dermatology,Urology,Specialty Care,32,200,38,2.57,0.41,True,False,In-network,167,False,Hospital_64,2.48,East,1,0.99945515
P03065,Provider_3065,City_65,NY,43.4994,-74.0179,Pediatrics,General Practice,Primary Care,40,150,57,1.75,0.94,True,False,Out-of-network,156,True,Hospital_65,2.18,North,1,0.99956197
P03066,Provider_3066,City_66,PA,41.4533,-76.9445,Gastroenterology,Endocrinology,Specialty Care,9,420,51,2.0,1.0,True,False,In-network,498,True,Hospital_66,4.52,North,1,0.9998802
P03067,Provider_3067,City_67,WA,48.0511,-120.4401,Neurology,Gastroenterology,Specialty Care,11,450,41,3.25,0.29,True,True,In-network,222,True,Hospital_67,4.07,East,1,0.99893135
P03068,Provider_3068,City_68,PA,41.5533,-76.8445,Neurology,ENT,Specialty Care,19,450,57,3.32,0.08,False,False,Out-of-network,236,False,Hospital_68,2.39,East,0,0.002289136
P03069,Provider_3069,City_69,MA,42.8072,-70.9824,Urology,Cardiology,Specialty Care,32,380,7,1.28,0.89,False,True,Out-of-network,455,False,Hospital_69,1.84,South,1,0.99952865
P03070,Provider_3070,City_70,NY,43.7494,-73.7679,Endocrinology,Neurology,Specialty Care,35,400,60,2.28,0.59,False,False,In-network,167,True,Hospital_70,1.27,South,1,0.99956197
P03071,Provider_3071,City_71,MA,42.4072,-71.3824,General Practice,Orthopedics,Primary Care,5,100,27,1.6,0.47,False,True,In-network,151,False,Hospital_71,2.9,South,1,0.9997477
P03072,Provider_3072,City_72,GA,32.2156,-82.8501,ENT,Pediatrics,Specialty Care,34,220,30,1.82,0.41,True,False,Out-of-network,206,False,Hospital_72,4.88,North,1,0.9998615
P03073,Provider_3073,City_73,CO,39.6501,-105.6821,Endocrinology,General Practice,Specialty Care,1,400,18,1.28,0.73,True,False,In-network,212,True,Hospital_73,1.69,South,1,0.99956197
P03074,Provider_3074,City_74,MA,42.5572,-71.2324,Gastroenterology,Psychiatry,Specialty Care,31,420,17,2.15,0.39,False,False,In-network,283,True,Hospital_74,2.95,East,1,0.9997727
P03075,Provider_3075,City_75,PA,41.4033,-76.9945,Neurology,Orthopedics,Specialty Care,16,450,33,3.38,0.26,True,True,Out-of-network,350,True,Hospital_75,1.77,South,0,0.0021275654
P03076,Provider_3076,City_76,PA,41.4533,-76.9445,Urology,Orthopedics,Specialty Care,19,380,41,1.5,0.37,True,False,Out-of-network,404,True,Hospital_76,2.91,West,1,0.9997284
P03077,Provider_3077,City_77,GA,32.4656,-82.6001,Ophthalmology,Urology,Specialty Care,18,180,45,3.26,0.14,True,False,Out-of-network,335,False,Hospital_77,2.52,South,1,0.9994167
P03078,Provider_3078,City_78,WA,48.1011,-120.3901,Cardiology,Dermatology,Specialty Care,34,500,23,3.01,0.54,True,False,Out-of-network,251,False,Hospital_78,3.14,South,1,0.99915946
P03079,Provider_3079,City_79,PA,41.6033,-76.7945,Urology,Neurology,Specialty Care,9,380,50,1.63,0.66,True,False,In-network,197,True,Hospital_79,5.0,East,1,0.99988866
P03080,Provider_3080,City_80,MA,42.8572,-70.9324,Psychiatry,Orthopedics,Specialty Care,15,250,14,1.03,0.62,False,True,In-network,429,False,Hospital_80,2.33,North,1,0.99952865
P03081,Provider_3081,City_81,PA,41.2033,-77.1945,Orthopedics,Urology,Surgical,19,400,9,2.09,0.55,True,False,Out-of-network,244,True,Hospital_81,3.81,North,1,0.99988866
P03082,Provider_3082,City_82,MI,44.3648,-85.5524,Urology,ENT,Specialty Care,10,380,29,3.42,0.85,False,True,Out-of-network,80,True,Hospital_82,1.78,South,1,0.9995641
P03083,Provider_3083,City_83,CA,36.8783,-119.3179,Gastroenterology,Ophthalmology,Specialty Care,36,420,28,1.9,0.82,True,False,In-network,232,False,Hospital_83,4.5,South,1,0.99988866
P03084,Provider_3084,City_84,NV,38.9526,-116.2694,Endocrinology,Endocrinology,Specialty Care,37,400,59,2.65,0.46,False,True,Out-of-network,76,False,Hospital_84,1.14,West,1,0.99945515
P03085,Provider_3085,City_85,GA,32.3656,-82.7001,Ophthalmology,Pediatrics,Specialty Care,14,180,49,2.13,0.22,False,True,In-network,323,True,Hospital_85,1.58,South,1,0.9994137
P03086,Provider_3086,City_86,FL,28.2444,-81.5103,Ophthalmology,Endocrinology,Specialty Care,32,180,45,1.09,0.04,False,False,In-network,338,True,Hospital_86,1.47,West,1,0.9994137
P03087,Provider_3087,City_87,PA,41.5033,-76.8945,Dermatology,Pediatrics,Specialty Care,31,200,53,2.79,0.67,True,True,Out-of-network,475,False,Hospital_87,4.19,South,1,0.9998802
P03088,Provider_3088,City_88,AZ,34.3989,-110.7437,Psychiatry,Orthopedics,Specialty Care,20,250,41,4.39,0.57,True,True,Out-of-network,487,True,Hospital_88,3.85,South,1,0.9998808
P03089,Provider_3089,City_89,NY,43.6994,-73.8179,Orthopedics,ENT,Surgical,25,400,29,4.71,0.07,True,True,Out-of-network,363,True,Hospital_89,2.42,West,1,0.9994167
P03090,Provider_3090,City_90,PA,41.6533,-76.7445,Ophthalmology,Psychiatry,Specialty Care,31,180,60,3.64,0.65,False,False,Out-of-network,272,False,Hospital_90,2.01,West,1,0.9995652
P03091,Provider_3091,City_91,GA,32.1656,-82.9001,ENT,Psychiatry,Specialty Care,4,220,27,1.23,0.69,False,True,Out-of-network,451,True,Hospital_91,2.29,South,1,0.99952865
P03092,Provider_3092,City_92,NV,38.8526,-116.3694,Neurology,Gastroenterology,Specialty Care,35,450,39,4.44,0.12,True,True,Out-of-network,419,False,Hospital_92,1.95,East,0,0.0021275654
P03093,Provider_3093,City_93,PA,41.3033,-77.0945,Gastroenterology,Dermatology,Specialty Care,10,420,5,2.96,0.88,True,False,In-network,421,True,Hospital_93,4.17,North,1,0.9998802
P03094,Provider_3094,City_94,CA,36.9283,-119.2679,Psychiatry,Psychiatry,Specialty Care,28,250,38,1.73,0.54,False,True,In-network,333,True,Hospital_94,4.38,North,1,0.9998802
P03095,Provider_3095,City_95,FL,28.1944,-81.5603,Neurology,Dermatology,Specialty Care,13,450,52,2.12,0.16,True,True,In-network,81,True,Hospital_95,4.96,East,1,0.99892586
P03096,Provider_3096,City_96,AZ,34.2989,-110.8437,Pediatrics,Gastroenterology,Primary Care,34,150,40,1.18,0.71,False,True,Out-of-network,395,True,Hospital_96,1.23,North,1,0.99952865
P03097,Provider_3097,City_97,MI,44.6148,-85.3024,Urology,Neurology,Specialty Care,28,380,12,1.17,0.16,False,False,Out-of-network,423,False,Hospital_97,4.92,South,1,0.999851
P03098,Provider_3098,City_98,MA,42.7572,-71.0324,Pediatrics,Pediatrics,Primary Care,40,150,14,1.9,0.05,True,True,In-network,479,True,Hospital_98,4.99,West,1,0.999851
P03099,Provider_3099,City_99,WA,48.1511,-120.3401,Orthopedics,Endocrinology,Surgical,24,400,7,2.66,0.81,True,True,Out-of-network,346,True,Hospital_99,4.71,West,1,0.9998802
P03100,Provider_3100,City_100,NY,43.7494,-73.7679,Pediatrics,Ophthalmology,Primary Care,15,150,36,2.86,0.16,False,True,In-network,135,True,Hospital_100,3.22,West,1,0.9998615
P03101,Provider_3101,City_101,PA,41.2033,-77.1945,Orthopedics,Orthopedics,Surgical,26,400,60,3.0,0.24,True,False,Out-of-network,285,True,Hospital_1,3.94,West,1,0.9998549
P03102,Provider_3102,City_102,NC,35.8096,-78.9693,General Practice,Endocrinology,Primary Care,19,100,53,1.0,0.7,False,False,In-network,113,True,Hospital_2,1.62,South,1,0.99956197
P03103,Provider_3103,City_103,NV,38.9026,-116.3194,General Practice,Dermatology,Primary Care,25,100,41,1.88,0.21,True,True,In-network,143,True,Hospital_3,4.87,North,1,0.9998615
P03104,Provider_3104,City_104,CA,36.9283,-119.2679,Dermatology,Pediatrics,Specialty Care,23,200,39,4.46,0.33,True,False,Out-of-network,160,True,Hospital_4,2.83,East,1,0.9997155
P03105,Provider_3105,City_105,MI,44.5148,-85.4024,Dermatology,Ophthalmology,Specialty Care,8,200,46,2.97,1.0,True,False,Out-of-network,228,True,Hospital_5,4.06,North,1,0.99988866
P03106,Provider_3106,City_106,OH,40.6673,-82.6571,Urology,Neurology,Specialty Care,16,380,33,1.66,0.88,False,True,In-network,410,True,Hospital_6,1.88,North,1,0.99952865
P03107,Provider_3107,City_107,IL,40.9331,-89.0985,Urology,Ophthalmology,Specialty Care,11,380,25,2.36,0.96,False,False,Out-of-network,334,False,Hospital_7,4.33,West,1,0.9998802
P03108,Provider_3108,City_108,IL,40.9831,-89.0485,Psychiatry,General Practice,Specialty Care,1,250,33,4.13,0.41,True,True,Out-of-network,139,True,Hospital_8,3.42,West,1,0.9998622
P03109,Provider_3109,City_109,CO,39.9501,-105.3821,Endocrinology,Psychiatry,Specialty Care,14,400,28,3.33,0.79,True,True,Out-of-network,146,False,Hospital_9,4.49,North,1,0.99988925
P03110,Provider_3110,City_110,PA,41.6533,-76.7445,Gastroenterology,Urology,Specialty Care,39,420,60,2.11,0.93,True,True,In-network,107,True,Hospital_10,2.7,North,1,0.9997224
P03111,Provider_3111,City_111,FL,27.9944,-81.7603,General Practice,ENT,Primary Care,34,100,37,1.39,0.02,False,False,Out-of-network,316,True,Hospital_11,4.14,North,1,0.999851
P03112,Provider_3112,City_112,MA,42.4572,-71.3324,Orthopedics,Ophthalmology,Surgical,21,400,35,3.73,0.49,False,True,In-network,56,False,Hospital_12,1.06,North,1,0.9995641
P03113,Provider_3113,City_113,NV,38.9026,-116.3194,Psychiatry,Pediatrics,Specialty Care,24,250,6,2.74,0.64,True,False,In-network,443,False,Hospital_13,2.68,North,1,0.9996792
P03114,Provider_3114,City_114,OH,40.5673,-82.7571,Gastroenterology,Orthopedics,Specialty Care,8,420,58,1.79,0.75,False,False,Out-of-network,435,True,Hospital_14,3.78,East,1,0.9998802
P03115,Provider_3115,City_115,MI,44.5148,-85.4024,General Practice,Neurology,Primary Care,22,100,6,1.98,0.26,True,True,In-network,420,True,Hospital_15,4.47,South,1,0.999851
P03116,Provider_3116,City_116,AZ,34.2989,-110.8437,Neurology,Gastroenterology,Specialty Care,21,450,47,1.72,0.38,False,False,In-network,349,True,Hospital_16,2.54,West,0,0.0021167668
P03117,Provider_3117,City_117,CO,39.8501,-105.4821,Endocrinology,Endocrinology,Specialty Care,25,400,40,4.01,0.79,True,False,In-network,160,False,Hospital_17,1.04,South,1,0.9995641
P03118,Provider_3118,City_118,MI,44.6648,-85.2524,Orthopedics,Neurology,Surgical,38,400,20,3.8,0.06,False,False,Out-of-network,245,False,Hospital_18,3.06,West,1,0.9998622
P03119,Provider_3119,City_119,CA,37.1783,-119.0179,Cardiology,Cardiology,Specialty Care,37,500,14,3.99,0.47,True,True,Out-of-network,152,True,Hospital_19,4.44,North,1,0.99893135
P03120,Provider_3120,City_120,NC,36.2096,-78.5693,Neurology,ENT,Specialty Care,3,450,34,1.32,0.85,False,False,In-network,449,False,Hospital_20,3.62,South,1,0.9990707
P03121,Provider_3121,City_121,TX,31.9686,-99.9018,Orthopedics,Urology,Surgical,19,400,59,2.26,0.87,False,True,Out-of-network,148,False,Hospital_21,3.3,North,1,0.99988866
P03122,Provider_3122,City_122,WA,47.8011,-120.6901,Neurology,General Practice,Specialty Care,32,450,56,3.02,0.65,True,True,Out-of-network,340,False,Hospital_22,1.56,East,0,0.002704023
P03123,Provider_3123,City_123,PA,41.3033,-77.0945,Dermatology,Neurology,Specialty Care,28,200,26,4.18,0.63,True,True,In-network,127,True,Hospital_23,1.25,South,1,0.9995641
P03124,Provider_3124,City_124,PA,41.3533,-77.0445,ENT,Orthopedics,Specialty Care,11,220,37,4.18,0.18,False,False,Out-of-network,422,False,Hospital_24,2.66,North,1,0.999603
P03125,Provider_3125,City_125,GA,32.3656,-82.7001,Dermatology,Cardiology,Specialty Care,26,200,44,1.89,0.3,True,True,In-network,454,True,Hospital_25,2.79,East,1,0.9996923
P03126,Provider_3126,City_126,NY,43.5494,-73.9679,Psychiatry,ENT,Specialty Care,28,250,57,1.95,0.86,True,True,In-network,195,True,Hospital_26,4.03,North,1,0.99988866
P03127,Provider_3127,City_127,IL,40.9331,-89.0985,Urology,Ophthalmology,Specialty Care,38,380,57,2.53,0.34,True,False,Out-of-network,219,False,Hospital_27,2.75,North,1,0.9996834
P03128,Provider_3128,City_128,WA,48.1011,-120.3901,Neurology,Endocrinology,Specialty Care,14,450,41,3.22,0.65,True,True,Out-of-network,478,True,Hospital_28,4.8,East,1,0.9990753
P03129,Provider_3129,City_129,NY,43.6994,-73.8179,Ophthalmology,Neurology,Specialty Care,31,180,42,1.22,0.94,True,True,In-network,118,False,Hospital_29,1.29,West,1,0.99956197
P03130,Provider_3130,City_130,CA,37.2283,-118.9679,Ophthalmology,Endocrinology,Specialty Care,2,180,18,3.15,0.36,False,True,Out-of-network,274,False,Hospital_30,1.04,East,1,0.9994592
P03131,Provider_3131,City_131,OH,40.4173,-82.9071,General Practice,ENT,Primary Care,31,100,42,2.28,0.31,False,False,Out-of-network,227,True,Hospital_31,2.34,South,1,0.99945515
P03132,Provider_3132,City_132,FL,28.0444,-81.7103,Ophthalmology,Endocrinology,Specialty Care,16,180,58,1.21,0.39,False,False,In-network,168,False,Hospital_32,4.18,South,1,0.9998615
P03133,Provider_3133,City_133,CO,39.6501,-105.6821,Orthopedics,General Practice,Surgical,11,400,23,3.22,0.65,True,True,In-network,142,True,Hospital_33,3.51,North,1,0.99988925
P03134,Provider_3134,City_134,AZ,34.1989,-110.9437,Pediatrics,Dermatology,Primary Care,33,150,35,4.99,0.12,False,True,Out-of-network,182,True,Hospital_34,1.74,West,1,0.999458
P03135,Provider_3135,City_135,IL,40.8331,-89.1985,Psychiatry,Urology,Specialty Care,27,250,39,3.77,0.71,True,True,In-network,195,False,Hospital_35,1.36,North,1,0.9995641
P03136,Provider_3136,City_136,NY,43.5494,-73.9679,Psychiatry,Urology,Specialty Care,6,250,19,2.5,0.04,True,True,In-network,68,False,Hospital_36,1.64,North,1,0.99945515
P03137,Provider_3137,City_137,IL,40.9331,-89.0985,General Practice,Orthopedics,Primary Care,20,100,38,3.05,0.47,False,True,In-network,162,False,Hospital_37,4.89,West,1,0.9998652
P03138,Provider_3138,City_138,MI,44.6648,-85.2524,Orthopedics,Psychiatry,Surgical,27,400,41,1.99,0.83,True,False,Out-of-network,146,True,Hospital_38,2.23,North,1,0.99956197
P03139,Provider_3139,City_139,CO,39.9501,-105.3821,Cardiology,Pediatrics,Specialty Care,24,500,32,4.25,0.92,True,True,Out-of-network,115,False,Hospital_39,4.39,North,1,0.9991406
P03140,Provider_3140,City_140,CO,40.0001,-105.3321,Urology,ENT,Specialty Care,21,380,45,1.74,0.24,True,True,Out-of-network,150,False,Hospital_40,1.69,South,1,0.99945515
P03141,Provider_3141,City_141,WA,47.7511,-120.7401,Pediatrics,Pediatrics,Primary Care,3,150,24,1.3,0.48,True,False,Out-of-network,104,False,Hospital_41,1.36,North,1,0.99956197
P03142,Provider_3142,City_142,NV,38.8526,-116.3694,Psychiatry,Endocrinology,Specialty Care,4,250,11,1.05,0.95,False,True,Out-of-network,99,False,Hospital_42,3.0,West,1,0.99988866
P03143,Provider_3143,City_143,FL,28.0944,-81.6603,ENT,Gastroenterology,Specialty Care,16,220,29,3.72,0.5,False,True,Out-of-network,79,True,Hospital_43,1.53,East,1,0.9995641
P03144,Provider_3144,City_144,CO,39.7001,-105.6321,Ophthalmology,Endocrinology,Specialty Care,40,180,56,3.45,0.23,True,False,Out-of-network,252,False,Hospital_44,4.59,North,1,0.9998622
P03145,Provider_3145,City_145,AZ,34.2489,-110.8937,Ophthalmology,General Practice,Specialty Care,10,180,40,1.32,0.62,True,False,In-network,211,False,Hospital_45,3.62,South,1,0.99988866
P03146,Provider_3146,City_146,TX,32.2186,-99.6518,Orthopedics,Endocrinology,Surgical,18,400,21,2.97,0.26,True,False,In-network,458,True,Hospital_46,2.51,West,1,0.9994137
P03147,Provider_3147,City_147,TX,32.2686,-99.6018,Dermatology,Urology,Specialty Care,34,200,45,3.65,0.77,False,False,In-network,476,True,Hospital_47,2.35,South,1,0.99953103
P03148,Provider_3148,City_148,PA,41.5533,-76.8445,General Practice,Gastroenterology,Primary Care,7,100,38,2.2,0.54,True,True,In-network,457,False,Hospital_48,2.11,North,1,0.99952865
P03149,Provider_3149,City_149,MA,42.8072,-70.9824,Dermatology,Cardiology,Specialty Care,21,200,22,1.69,0.53,False,False,In-network,490,False,Hospital_49,4.79,South,1,0.9998802
P03150,Provider_3150,City_150,NC,36.2096,-78.5693,Ophthalmology,Cardiology,Specialty Care,15,180,20,1.21,0.35,True,True,In-network,322,True,Hospital_50,4.84,South,1,0.999851
P03151,Provider_3151,City_151,NC,35.7596,-79.0193,Neurology,Ophthalmology,Specialty Care,3,450,34,2.72,0.43,False,False,Out-of-network,370,True,Hospital_51,4.0,East,1,0.99884427
P03152,Provider_3152,City_152,WA,47.8011,-120.6901,Pediatrics,Neurology,Primary Care,6,150,60,2.34,0.49,False,True,Out-of-network,309,True,Hospital_52,1.33,South,1,0.99952865
P03153,Provider_3153,City_153,MI,44.4148,-85.5024,Ophthalmology,Endocrinology,Specialty Care,17,180,30,2.55,0.07,True,True,In-network,233,True,Hospital_53,2.77,West,1,0.9997141
P03154,Provider_3154,City_154,TX,32.1186,-99.7518,ENT,General Practice,Specialty Care,33,220,7,2.31,0.04,True,True,In-network,363,False,Hospital_54,4.11,East,1,0.999851
P03155,Provider_3155,City_155,AZ,34.2489,-110.8937,Psychiatry,Cardiology,Specialty Care,35,250,58,3.49,0.91,True,False,In-network,259,True,Hospital_55,4.47,East,1,0.99988925
P03156,Provider_3156,City_156,OH,40.6673,-82.6571,Dermatology,Endocrinology,Specialty Care,1,200,14,4.65,0.59,False,True,In-network,468,False,Hospital_56,4.74,South,1,0.9998808
P03157,Provider_3157,City_157,TX,32.2686,-99.6018,Urology,Dermatology,Specialty Care,17,380,58,4.11,0.51,False,False,In-network,214,True,Hospital_57,2.1,West,1,0.9995641
P03158,Provider_3158,City_158,AZ,34.3989,-110.7437,General Practice,General Practice,Primary Care,36,100,42,1.3,0.51,False,False,In-network,245,False,Hospital_58,1.33,East,1,0.99956197
P03159,Provider_3159,City_159,GA,32.5656,-82.5001,Neurology,Neurology,Specialty Care,12,450,13,3.44,0.03,True,True,Out-of-network,401,True,Hospital_59,4.11,South,1,0.9988501
P03160,Provider_3160,City_160,OH,40.8673,-82.4571,Cardiology,Orthopedics,Specialty Care,26,500,10,4.77,0.51,False,True,Out-of-network,389,False,Hospital_60,2.46,East,0,0.002644954
P03161,Provider_3161,City_161,NV,38.8026,-116.4194,Neurology,ENT,Specialty Care,30,450,60,4.16,0.41,False,False,Out-of-network,204,True,Hospital_61,4.71,East,1,0.99893135
P03162,Provider_3162,City_162,OH,40.4673,-82.8571,Neurology,ENT,Specialty Care,20,450,60,3.57,0.53,True,True,In-network,275,False,Hospital_62,4.58,West,1,0.99914265
P03163,Provider_3163,City_163,FL,28.0944,-81.6603,Neurology,Ophthalmology,Specialty Care,28,450,29,1.04,0.2,True,True,In-network,57,True,Hospital_63,3.49,North,1,0.99892586
P03164,Provider_3164,City_164,MA,42.5572,-71.2324,Endocrinology,Dermatology,Specialty Care,27,400,45,1.46,0.07,False,False,Out-of-network,417,False,Hospital_64,4.8,East,1,0.999851
P03165,Provider_3165,City_165,MI,44.5148,-85.4024,Gastroenterology,Psychiatry,Specialty Care,16,420,16,2.7,0.22,False,True,Out-of-network,291,False,Hospital_65,4.46,South,1,0.999851
P03166,Provider_3166,City_166,NV,39.0526,-116.1694,Endocrinology,Endocrinology,Specialty Care,11,400,44,2.6,0.14,False,True,Out-of-network,401,False,Hospital_66,2.68,East,1,0.99960095
P03167,Provider_3167,City_167,IL,40.9331,-89.0985,Orthopedics,Endocrinology,Surgical,18,400,26,1.23,0.89,False,False,In-network,325,True,Hospital_67,3.61,North,1,0.9998802
P03168,Provider_3168,City_168,NV,39.1526,-116.0694,Gastroenterology,Orthopedics,Specialty Care,17,420,28,4.93,0.91,False,False,Out-of-network,487,False,Hospital_68,2.0,East,1,0.99953103
P03169,Provider_3169,City_169,NY,43.6994,-73.8179,Ophthalmology,Orthopedics,Specialty Care,8,180,15,3.06,0.45,False,True,Out-of-network,452,True,Hospital_69,4.69,North,1,0.9998517
P03170,Provider_3170,City_170,GA,32.6156,-82.4501,Gastroenterology,Cardiology,Specialty Care,25,420,53,3.2,0.98,False,True,Out-of-network,232,True,Hospital_70,3.67,South,1,0.99988925
P03171,Provider_3171,City_171,CO,39.5501,-105.7821,General Practice,Endocrinology,Primary Care,40,100,37,1.47,0.14,False,False,Out-of-network,447,True,Hospital_71,2.96,West,1,0.9997693
P03172,Provider_3172,City_172,TX,32.0186,-99.8518,Orthopedics,Endocrinology,Surgical,30,400,41,1.89,0.15,False,False,In-network,272,True,Hospital_72,2.57,East,1,0.9996301
P03173,Provider_3173,City_173,PA,41.3033,-77.0945,General Practice,Orthopedics,Primary Care,20,100,8,3.9,0.94,False,False,Out-of-network,80,True,Hospital_73,1.52,North,1,0.9995641
P03174,Provider_3174,City_174,NV,38.9526,-116.2694,Pediatrics,General Practice,Primary Care,6,150,58,3.47,0.98,True,False,In-network,404,False,Hospital_74,2.63,West,1,0.99968076
P03175,Provider_3175,City_175,PA,41.4033,-76.9945,Ophthalmology,Psychiatry,Specialty Care,30,180,7,4.93,0.3,True,True,Out-of-network,492,True,Hospital_75,3.29,West,1,0.9998517
P03176,Provider_3176,City_176,GA,32.4156,-82.6501,Orthopedics,Pediatrics,Surgical,17,400,59,1.68,0.14,True,False,Out-of-network,114,True,Hospital_76,1.03,North,1,0.99945515
P03177,Provider_3177,City_177,PA,41.5033,-76.8945,Ophthalmology,General Practice,Specialty Care,5,180,54,2.13,0.63,False,False,In-network,382,True,Hospital_77,1.28,West,1,0.99952865
P03178,Provider_3178,City_178,MI,44.6648,-85.2524,Urology,Urology,Specialty Care,35,380,52,1.79,0.3,True,True,In-network,130,True,Hospital_78,1.32,South,1,0.99945515
P03179,Provider_3179,City_179,FL,28.3944,-81.3603,Ophthalmology,Ophthalmology,Specialty Care,2,180,14,2.04,0.14,False,False,Out-of-network,466,True,Hospital_79,3.68,South,1,0.999851
P03180,Provider_3180,City_180,GA,32.6156,-82.4501,Neurology,General Practice,Specialty Care,33,450,38,1.96,0.37,True,False,Out-of-network,178,False,Hospital_80,3.36,North,1,0.99892586
P03181,Provider_3181,City_181,MA,42.4072,-71.3824,Orthopedics,General Practice,Surgical,19,400,17,4.86,0.49,False,False,Out-of-network,436,False,Hospital_81,3.09,North,1,0.9998808
P03182,Provider_3182,City_182,PA,41.2533,-77.1445,Dermatology,Endocrinology,Specialty Care,17,200,53,4.93,0.49,False,False,Out-of-network,385,False,Hospital_82,3.18,North,1,0.9998808
P03183,Provider_3183,City_183,TX,32.0686,-99.8018,Urology,Orthopedics,Specialty Care,30,380,56,2.26,0.64,False,False,In-network,495,False,Hospital_83,3.16,South,1,0.9998802
P03184,Provider_3184,City_184,OH,40.5673,-82.7571,General Practice,Dermatology,Primary Care,33,100,54,4.81,0.87,True,False,In-network,351,True,Hospital_84,1.57,North,1,0.99953103
P03185,Provider_3185,City_185,CO,39.7501,-105.5821,Endocrinology,Endocrinology,Specialty Care,22,400,46,3.44,0.99,True,True,In-network,140,True,Hospital_85,1.93,North,1,0.9995641
P03186,Provider_3186,City_186,MA,42.6572,-71.1324,Endocrinology,ENT,Specialty Care,34,400,42,4.77,0.68,False,True,Out-of-network,166,False,Hospital_86,2.79,West,1,0.9997713
P03187,Provider_3187,City_187,CA,37.0783,-119.1179,Neurology,Dermatology,Specialty Care,37,450,11,3.92,0.66,True,False,In-network,353,True,Hospital_87,3.83,East,1,0.9990753
P03188,Provider_3188,City_188,MA,42.7572,-71.0324,ENT,Pediatrics,Specialty Care,14,220,50,2.58,0.4,True,False,In-network,174,False,Hospital_88,3.74,West,1,0.9998615
P03189,Provider_3189,City_189,NY,43.6994,-73.8179,Psychiatry,Gastroenterology,Specialty Care,6,250,39,2.52,0.1,True,False,In-network,324,True,Hospital_89,2.58,North,1,0.99960095
P03190,Provider_3190,City_190,PA,41.6533,-76.7445,Gastroenterology,Urology,Specialty Care,5,420,56,1.63,0.7,False,False,Out-of-network,267,True,Hospital_90,2.19,East,1,0.99956197
P03191,Provider_3191,City_191,PA,41.2033,-77.1945,Urology,Ophthalmology,Specialty Care,16,380,39,2.63,0.91,False,True,In-network,217,True,Hospital_91,3.95,South,1,0.99988866
P03192,Provider_3192,City_192,NC,35.8096,-78.9693,Endocrinology,Endocrinology,Specialty Care,14,400,7,1.34,0.94,True,False,Out-of-network,75,True,Hospital_92,3.86,West,1,0.99988866
P03193,Provider_3193,City_193,OH,40.5173,-82.8071,Urology,Ophthalmology,Specialty Care,32,380,29,1.46,0.69,True,False,In-network,330,False,Hospital_93,1.96,North,1,0.99952865
P03194,Provider_3194,City_194,NC,35.9096,-78.8693,Dermatology,General Practice,Specialty Care,28,200,12,2.91,0.8,True,True,In-network,189,False,Hospital_94,2.2,East,1,0.99956197
P03195,Provider_3195,City_195,NC,35.9596,-78.8193,Endocrinology,Endocrinology,Specialty Care,26,400,13,2.33,0.58,True,True,In-network,408,False,Hospital_95,3.78,South,1,0.9998802
P03196,Provider_3196,City_196,AZ,34.2989,-110.8437,Gastroenterology,Cardiology,Specialty Care,39,420,36,4.51,0.1,False,True,Out-of-network,108,False,Hospital_96,4.15,West,1,0.9998622
P03197,Provider_3197,City_197,MA,42.7072,-71.0824,Gastroenterology,Dermatology,Specialty Care,17,420,19,1.72,0.5,True,True,Out-of-network,291,False,Hospital_97,2.61,South,1,0.9996792
P03198,Provider_3198,City_198,CO,39.9001,-105.4321,Pediatrics,Pediatrics,Primary Care,32,150,15,2.94,0.56,False,True,In-network,55,True,Hospital_98,2.93,West,1,0.99979717
P03199,Provider_3199,City_199,NV,39.2026,-116.0194,Ophthalmology,Neurology,Specialty Care,10,180,52,3.27,0.19,False,True,Out-of-network,110,False,Hospital_99,1.06,South,1,0.999458
P03200,Provider_3200,City_200,WA,48.2011,-120.2901,Neurology,Psychiatry,Specialty Care,26,450,52,2.46,0.67,True,True,Out-of-network,57,True,Hospital_100,4.27,East,1,0.9991364
P03201,Provider_3201,City_1,NC,35.7596,-79.0193,Ophthalmology,General Practice,Specialty Care,37,180,7,5.0,0.78,True,False,In-network,418,False,Hospital_1,2.46,South,1,0.99953103
P03202,Provider_3202,City_2,CO,39.6001,-105.7321,Gastroenterology,Endocrinology,Specialty Care,30,420,24,2.29,0.49,True,False,Out-of-network,147,True,Hospital_2,2.54,North,1,0.99956197
P03203,Provider_3203,City_3,CA,36.8783,-119.3179,Endocrinology,Orthopedics,Specialty Care,24,400,28,3.9,0.9,False,True,In-network,430,False,Hospital_3,2.54,North,1,0.99953103
P03204,Provider_3204,City_4,FL,28.1444,-81.6103,General Practice,Orthopedics,Primary Care,19,100,26,3.1,0.86,True,False,In-network,176,False,Hospital_4,2.68,North,1,0.99970335
P03205,Provider_3205,City_5,GA,32.3656,-82.7001,Urology,Neurology,Specialty Care,4,380,23,3.9,0.82,False,False,In-network,298,False,Hospital_5,2.16,East,1,0.99953103
P03206,Provider_3206,City_6,PA,41.4533,-76.9445,Psychiatry,Urology,Specialty Care,40,250,14,3.02,0.51,True,True,Out-of-network,321,True,Hospital_6,2.22,West,1,0.9995413
P03207,Provider_3207,City_7,GA,32.4656,-82.6001,General Practice,Pediatrics,Primary Care,24,100,20,4.87,0.68,False,True,In-network,188,False,Hospital_7,2.93,West,1,0.9997981
P03208,Provider_3208,City_8,GA,32.5156,-82.5501,ENT,Psychiatry,Specialty Care,21,220,27,2.31,0.85,True,False,In-network,243,False,Hospital_8,1.27,East,1,0.99956197
P03209,Provider_3209,City_9,CO,39.9501,-105.3821,Dermatology,General Practice,Specialty Care,32,200,44,3.82,0.22,True,True,In-network,174,False,Hospital_9,2.9,West,1,0.9997489
P03210,Provider_3210,City_10,OH,40.8673,-82.4571,Endocrinology,Orthopedics,Specialty Care,25,400,20,2.43,0.96,False,True,Out-of-network,193,False,Hospital_10,3.36,West,1,0.99988866
P03211,Provider_3211,City_11,MI,44.3148,-85.6024,Ophthalmology,Orthopedics,Specialty Care,26,180,14,4.81,0.24,True,False,Out-of-network,371,False,Hospital_11,2.22,South,1,0.9994167
P03212,Provider_3212,City_12,FL,28.0444,-81.7103,Gastroenterology,General Practice,Specialty Care,14,420,5,2.49,0.18,False,True,In-network,72,False,Hospital_12,3.36,East,1,0.9998615
P03213,Provider_3213,City_13,PA,41.3033,-77.0945,General Practice,Gastroenterology,Primary Care,16,100,24,3.37,0.07,True,True,Out-of-network,85,False,Hospital_13,4.46,East,1,0.9998622
P03214,Provider_3214,City_14,CO,39.7001,-105.6321,Pediatrics,Gastroenterology,Primary Care,4,150,45,2.54,0.22,True,False,Out-of-network,269,True,Hospital_14,1.63,North,1,0.99945515
P03215,Provider_3215,City_15,AZ,34.2489,-110.8937,Pediatrics,Psychiatry,Primary Care,30,150,31,4.84,0.62,False,True,In-network,385,False,Hospital_15,3.24,East,1,0.9998808
P03216,Provider_3216,City_16,AZ,34.2989,-110.8437,Ophthalmology,Urology,Specialty Care,5,180,38,2.21,0.68,False,False,In-network,120,True,Hospital_16,3.47,South,1,0.99988866
P03217,Provider_3217,City_17,CO,39.8501,-105.4821,ENT,ENT,Specialty Care,34,220,39,2.19,0.71,False,True,Out-of-network,186,False,Hospital_17,3.14,West,1,0.99988866
P03218,Provider_3218,City_18,TX,32.3186,-99.5518,Urology,Gastroenterology,Specialty Care,16,380,58,3.91,0.46,False,False,Out-of-network,465,True,Hospital_18,3.13,North,1,0.9998517
P03219,Provider_3219,City_19,IL,41.0331,-88.9985,Gastroenterology,Pediatrics,Specialty Care,23,420,9,3.17,0.24,True,False,In-network,172,True,Hospital_19,3.16,South,1,0.9998622
P03220,Provider_3220,City_20,TX,32.4186,-99.4518,General Practice,Orthopedics,Primary Care,36,100,46,4.22,1.0,True,True,In-network,183,False,Hospital_20,1.99,East,1,0.9995641
P03221,Provider_3221,City_21,IL,40.6331,-89.3985,ENT,Ophthalmology,Specialty Care,24,220,29,3.46,0.97,False,True,In-network,312,True,Hospital_21,1.5,West,1,0.99953103
P03222,Provider_3222,City_22,CO,39.6001,-105.7321,Endocrinology,Endocrinology,Specialty Care,36,400,54,3.15,0.63,False,True,In-network,305,True,Hospital_22,1.24,North,1,0.99953103
P03223,Provider_3223,City_23,IL,40.7331,-89.2985,Ophthalmology,Gastroenterology,Specialty Care,38,180,37,2.42,0.93,True,True,In-network,264,True,Hospital_23,4.47,East,1,0.99988866
P03224,Provider_3224,City_24,AZ,34.1989,-110.9437,Orthopedics,Dermatology,Surgical,14,400,49,1.73,0.44,False,False,In-network,186,True,Hospital_24,1.28,West,1,0.99945515
P03225,Provider_3225,City_25,NC,35.9596,-78.8193,Dermatology,Psychiatry,Specialty Care,17,200,27,3.07,0.79,False,True,In-network,263,False,Hospital_25,3.11,East,1,0.99988925
P03226,Provider_3226,City_26,FL,28.2444,-81.5103,Cardiology,Urology,Specialty Care,36,500,53,3.34,0.3,False,False,Out-of-network,500,True,Hospital_26,1.36,East,0,0.0021275654
P03227,Provider_3227,City_27,NV,39.1026,-116.1194,Urology,Pediatrics,Specialty Care,5,380,50,3.93,0.74,False,True,Out-of-network,321,False,Hospital_27,3.78,West,1,0.9998808
P03228,Provider_3228,City_28,MI,44.6648,-85.2524,Cardiology,Ophthalmology,Specialty Care,8,500,53,3.79,0.56,False,False,In-network,419,False,Hospital_28,2.95,West,0,0.018053599
P03229,Provider_3229,City_29,PA,41.6033,-76.7945,Neurology,Endocrinology,Specialty Care,23,450,29,4.76,0.75,True,True,Out-of-network,353,True,Hospital_29,3.95,East,1,0.9990753
P03230,Provider_3230,City_30,CA,37.2283,-118.9679,Ophthalmology,Dermatology,Specialty Care,29,180,25,1.18,0.86,True,False,In-network,176,True,Hospital_30,3.39,East,1,0.99988866
P03231,Provider_3231,City_31,NC,35.7596,-79.0193,Urology,Ophthalmology,Specialty Care,2,380,54,1.68,0.68,False,True,In-network,458,False,Hospital_31,2.52,North,1,0.99952865
P03232,Provider_3232,City_32,IL,40.6831,-89.3485,Pediatrics,Endocrinology,Primary Care,9,150,8,2.5,0.38,False,True,Out-of-network,428,False,Hospital_32,1.75,North,1,0.9994137
P03233,Provider_3233,City_33,PA,41.3033,-77.0945,Neurology,Neurology,Specialty Care,9,450,54,2.31,0.46,True,False,Out-of-network,359,False,Hospital_33,2.75,South,0,0.005584857
P03234,Provider_3234,City_34,GA,32.3156,-82.7501,Pediatrics,Neurology,Primary Care,7,150,37,1.26,0.53,True,False,Out-of-network,86,False,Hospital_34,3.01,South,1,0.99988866
P03235,Provider_3235,City_35,CA,36.9783,-119.2179,Urology,Neurology,Specialty Care,24,380,52,4.28,0.78,False,False,Out-of-network,291,False,Hospital_35,2.25,East,1,0.99953103
P03236,Provider_3236,City_36,NC,36.0096,-78.7693,Cardiology,ENT,Specialty Care,20,500,60,4.85,0.38,True,True,In-network,442,True,Hospital_36,1.36,East,0,0.0021275654
P03237,Provider_3237,City_37,MI,44.6148,-85.3024,Neurology,Cardiology,Specialty Care,17,450,37,2.28,0.0,False,True,In-network,376,True,Hospital_37,2.69,North,0,0.0051241303
P03238,Provider_3238,City_38,MI,44.6648,-85.2524,Orthopedics,Ophthalmology,Surgical,24,400,13,2.31,0.2,False,True,In-network,347,False,Hospital_38,3.69,East,1,0.999851
P03239,Provider_3239,City_39,CO,39.9501,-105.3821,General Practice,Gastroenterology,Primary Care,39,100,43,4.93,0.27,True,False,Out-of-network,352,True,Hospital_39,4.83,East,1,0.9998517
P03240,Provider_3240,City_40,CO,40.0001,-105.3321,Neurology,ENT,Specialty Care,20,450,18,2.14,0.42,False,False,Out-of-network,329,True,Hospital_40,3.32,East,1,0.99884427
P03241,Provider_3241,City_41,NV,38.8026,-116.4194,Neurology,Endocrinology,Specialty Care,9,450,19,3.44,0.53,True,False,Out-of-network,103,True,Hospital_41,4.14,West,1,0.9991406
P03242,Provider_3242,City_42,PA,41.2533,-77.1445,Endocrinology,Gastroenterology,Specialty Care,4,400,60,4.93,0.76,True,False,In-network,148,False,Hospital_42,3.06,West,1,0.99988925
P03243,Provider_3243,City_43,WA,47.8511,-120.6401,Orthopedics,Ophthalmology,Surgical,33,400,50,4.07,0.34,False,False,Out-of-network,70,True,Hospital_43,1.15,East,1,0.999458
P03244,Provider_3244,City_44,CA,36.9283,-119.2679,Dermatology,Neurology,Specialty Care,26,200,49,2.58,0.69,True,False,In-network,329,False,Hospital_44,4.22,East,1,0.9998802
P03245,Provider_3245,City_45,NC,35.9596,-78.8193,Dermatology,Gastroenterology,Specialty Care,27,200,47,3.78,0.97,True,False,Out-of-network,353,True,Hospital_45,1.69,East,1,0.99953103
P03246,Provider_3246,City_46,FL,28.2444,-81.5103,Urology,Orthopedics,Specialty Care,4,380,15,2.15,0.71,False,False,In-network,253,True,Hospital_46,4.35,West,1,0.99988866
P03247,Provider_3247,City_47,GA,32.4656,-82.6001,ENT,ENT,Specialty Care,25,220,22,2.94,0.87,False,True,Out-of-network,340,False,Hospital_47,2.61,North,1,0.9996792
P03248,Provider_3248,City_48,CA,37.1283,-119.0679,Neurology,Gastroenterology,Specialty Care,29,450,60,2.88,0.28,True,False,In-network,99,False,Hospital_48,2.05,North,0,0.002277519
P03249,Provider_3249,City_49,AZ,34.4489,-110.6937,Orthopedics,Gastroenterology,Surgical,6,400,54,3.95,0.16,True,True,Out-of-network,196,False,Hospital_49,2.27,North,1,0.999458
P03250,Provider_3250,City_50,GA,32.6156,-82.4501,General Practice,ENT,Primary Care,16,100,54,3.04,0.79,True,True,In-network,187,True,Hospital_50,3.68,North,1,0.99989164
P03251,Provider_3251,City_51,MA,42.4072,-71.3824,Orthopedics,Gastroenterology,Surgical,21,400,38,4.43,0.89,True,False,In-network,114,True,Hospital_51,4.4,West,1,0.99988925
P03252,Provider_3252,City_52,NY,43.3494,-74.1679,Urology,Gastroenterology,Specialty Care,35,380,59,2.13,0.57,True,True,Out-of-network,295,False,Hospital_52,1.25,West,1,0.99952865
P03253,Provider_3253,City_53,NV,38.9026,-116.3194,Pediatrics,Ophthalmology,Primary Care,17,150,7,2.84,0.33,True,False,Out-of-network,244,True,Hospital_53,1.69,West,1,0.99945515
P03254,Provider_3254,City_54,CO,39.7001,-105.6321,Urology,ENT,Specialty Care,8,380,11,1.55,0.81,True,True,In-network,202,True,Hospital_54,4.82,West,1,0.99988866
P03255,Provider_3255,City_55,CO,39.7501,-105.5821,ENT,Psychiatry,Specialty Care,34,220,13,2.57,0.07,True,False,In-network,323,False,Hospital_55,4.71,West,1,0.999851
P03256,Provider_3256,City_56,NY,43.5494,-73.9679,Psychiatry,Endocrinology,Specialty Care,39,250,46,4.98,0.9,False,True,In-network,475,False,Hospital_56,2.47,East,1,0.99953103
P03257,Provider_3257,City_57,NC,36.0596,-78.7193,Ophthalmology,Ophthalmology,Specialty Care,25,180,9,2.51,0.89,True,False,In-network,132,True,Hospital_57,4.49,East,1,0.99988866
P03258,Provider_3258,City_58,GA,32.5156,-82.5501,Gastroenterology,Urology,Specialty Care,38,420,52,3.0,0.33,False,True,In-network,227,True,Hospital_58,3.03,East,1,0.9998652
P03259,Provider_3259,City_59,NV,39.2026,-116.0194,Ophthalmology,Pediatrics,Specialty Care,8,180,48,3.48,0.21,True,False,In-network,416,False,Hospital_59,1.35,West,1,0.9994167
P03260,Provider_3260,City_60,TX,32.4186,-99.4518,ENT,Orthopedics,Specialty Care,18,220,42,1.59,0.58,False,True,Out-of-network,376,True,Hospital_60,3.22,West,1,0.9998802
P03261,Provider_3261,City_61,CO,39.5501,-105.7821,Urology,ENT,Specialty Care,13,380,48,1.39,1.0,False,True,Out-of-network,462,True,Hospital_61,4.86,West,1,0.9998802
P03262,Provider_3262,City_62,TX,32.0186,-99.8518,Gastroenterology,Neurology,Specialty Care,30,420,58,1.5,0.16,False,False,Out-of-network,108,True,Hospital_62,1.06,South,1,0.99945515
P03263,Provider_3263,City_63,NC,35.8596,-78.9193,Urology,Ophthalmology,Specialty Care,24,380,36,3.81,0.16,True,False,In-network,497,False,Hospital_63,4.84,West,1,0.9998517
P03264,Provider_3264,City_64,NC,35.9096,-78.8693,ENT,Gastroenterology,Specialty Care,2,220,16,3.79,0.53,False,True,In-network,393,False,Hospital_64,4.47,South,1,0.9998808
P03265,Provider_3265,City_65,GA,32.3656,-82.7001,General Practice,Orthopedics,Primary Care,18,100,13,1.25,0.16,False,False,In-network,331,True,Hospital_65,2.43,East,1,0.9994137
P03266,Provider_3266,City_66,GA,32.4156,-82.6501,Endocrinology,Neurology,Specialty Care,38,400,38,1.89,0.33,True,True,In-network,306,True,Hospital_66,2.86,West,1,0.9997284
P03267,Provider_3267,City_67,WA,48.0511,-120.4401,Ophthalmology,General Practice,Specialty Care,5,180,40,2.26,0.69,True,False,In-network,274,True,Hospital_67,3.55,West,1,0.9998889
P03268,Provider_3268,City_68,NV,39.1526,-116.0694,Urology,ENT,Specialty Care,1,380,29,4.76,0.44,False,False,Out-of-network,117,False,Hospital_68,2.56,South,1,0.99963105
P03269,Provider_3269,City_69,CA,37.1783,-119.0179,Psychiatry,Cardiology,Specialty Care,32,250,21,2.93,0.15,False,False,In-network,321,False,Hospital_69,4.94,East,1,0.999851
P03270,Provider_3270,City_70,OH,40.8673,-82.4571,Gastroenterology,Psychiatry,Specialty Care,16,420,8,1.36,0.17,True,True,In-network,63,True,Hospital_70,4.96,West,1,0.9998615
P03271,Provider_3271,City_71,MI,44.3148,-85.6024,Cardiology,Cardiology,Specialty Care,4,500,8,4.81,0.18,False,True,Out-of-network,80,False,Hospital_71,4.84,North,1,0.99893135
P03272,Provider_3272,City_72,PA,41.2533,-77.1445,General Practice,ENT,Primary Care,24,100,26,2.21,0.65,False,True,In-network,415,True,Hospital_72,4.94,East,1,0.9998802
P03273,Provider_3273,City_73,PA,41.3033,-77.0945,Dermatology,Dermatology,Specialty Care,39,200,6,1.48,0.35,False,True,In-network,325,True,Hospital_73,4.56,North,1,0.999851
P03274,Provider_3274,City_74,NC,35.9096,-78.8693,Orthopedics,Psychiatry,Surgical,1,400,15,4.85,0.23,True,False,Out-of-network,157,False,Hospital_74,4.7,North,1,0.9998622
P03275,Provider_3275,City_75,GA,32.3656,-82.7001,Ophthalmology,Endocrinology,Specialty Care,36,180,36,3.81,0.12,True,False,In-network,321,True,Hospital_75,4.86,South,1,0.9998517
P03276,Provider_3276,City_76,OH,40.6673,-82.6571,Urology,Urology,Specialty Care,3,380,18,1.46,0.57,True,False,In-network,150,False,Hospital_76,1.06,South,1,0.99956197
P03277,Provider_3277,City_77,NC,36.0596,-78.7193,Urology,Psychiatry,Specialty Care,15,380,25,1.71,0.88,True,True,Out-of-network,196,False,Hospital_77,3.02,North,1,0.99988866
P03278,Provider_3278,City_78,MI,44.6648,-85.2524,Urology,Neurology,Specialty Care,5,380,44,3.05,0.88,False,True,In-network,300,True,Hospital_78,3.63,East,1,0.9998834
P03279,Provider_3279,City_79,AZ,34.4489,-110.6937,Psychiatry,Urology,Specialty Care,15,250,22,3.58,0.21,True,True,Out-of-network,242,False,Hospital_79,4.16,East,1,0.9998622
P03280,Provider_3280,City_80,AZ,34.4989,-110.6437,Ophthalmology,Endocrinology,Specialty Care,39,180,43,1.13,0.48,True,False,In-network,175,True,Hospital_80,4.86,South,1,0.99988866
P03281,Provider_3281,City_81,GA,32.1656,-82.9001,Endocrinology,Ophthalmology,Specialty Care,12,400,44,4.93,0.4,False,True,Out-of-network,262,False,Hospital_81,1.2,South,1,0.999458
P03282,Provider_3282,City_82,GA,32.2156,-82.8501,Cardiology,Cardiology,Specialty Care,6,500,56,4.64,0.1,True,True,Out-of-network,92,True,Hospital_82,4.64,South,1,0.99893135
P03283,Provider_3283,City_83,NC,35.8596,-78.9193,Orthopedics,Gastroenterology,Surgical,35,400,59,1.06,0.02,True,True,Out-of-network,288,True,Hospital_83,3.96,South,1,0.999851
P03284,Provider_3284,City_84,WA,47.9011,-120.5901,Cardiology,Cardiology,Specialty Care,16,500,50,1.93,0.61,False,False,In-network,367,False,Hospital_84,1.73,South,0,0.0026315362
P03285,Provider_3285,City_85,CO,39.7501,-105.5821,Neurology,Cardiology,Specialty Care,29,450,7,4.87,0.71,False,True,Out-of-network,148,True,Hospital_85,4.2,West,1,0.9991406
P03286,Provider_3286,City_86,AZ,34.2989,-110.8437,Gastroenterology,Pediatrics,Specialty Care,6,420,22,1.54,0.68,False,False,Out-of-network,228,True,Hospital_86,3.48,North,1,0.99988866
P03287,Provider_3287,City_87,FL,28.2944,-81.4603,ENT,Psychiatry,Specialty Care,10,220,48,1.91,0.54,True,True,In-network,419,False,Hospital_87,3.48,North,1,0.9998802
P03288,Provider_3288,City_88,MA,42.7572,-71.0324,Gastroenterology,Cardiology,Specialty Care,10,420,15,1.07,0.39,True,False,In-network,185,False,Hospital_88,2.86,North,1,0.9997477
P03289,Provider_3289,City_89,NV,39.2026,-116.0194,Urology,Ophthalmology,Specialty Care,25,380,39,3.05,0.35,False,False,In-network,378,False,Hospital_89,4.12,West,1,0.9998549
P03290,Provider_3290,City_90,IL,41.0831,-88.9485,Orthopedics,ENT,Surgical,32,400,37,2.53,0.47,False,False,Out-of-network,463,True,Hospital_90,1.79,South,1,0.9994137
P03291,Provider_3291,City_91,IL,40.6331,-89.3985,Orthopedics,Cardiology,Surgical,18,400,33,1.28,0.16,False,False,In-network,83,False,Hospital_91,2.98,West,1,0.9997856
P03292,Provider_3292,City_92,FL,28.0444,-81.7103,Neurology,Urology,Specialty Care,24,450,59,2.38,0.25,False,True,Out-of-network,198,False,Hospital_92,1.83,North,0,0.002277519
P03293,Provider_3293,City_93,MA,42.5072,-71.2824,Urology,Urology,Specialty Care,23,380,11,2.55,0.22,False,True,In-network,474,False,Hospital_93,3.67,West,1,0.999851
P03294,Provider_3294,City_94,AZ,34.1989,-110.9437,Cardiology,ENT,Specialty Care,34,500,53,4.33,0.91,False,False,In-network,334,False,Hospital_94,3.1,North,1,0.9990753
P03295,Provider_3295,City_95,GA,32.3656,-82.7001,General Practice,General Practice,Primary Care,30,100,36,4.5,0.15,False,True,Out-of-network,112,False,Hospital_95,4.91,North,1,0.9998622
P03296,Provider_3296,City_96,AZ,34.2989,-110.8437,Dermatology,Urology,Specialty Care,36,200,29,2.04,0.47,False,True,In-network,110,True,Hospital_96,3.21,West,1,0.9998615
P03297,Provider_3297,City_97,PA,41.5033,-76.8945,Endocrinology,Orthopedics,Specialty Care,25,400,41,4.53,0.77,False,True,In-network,187,False,Hospital_97,1.05,East,1,0.9995641
P03298,Provider_3298,City_98,MA,42.7572,-71.0324,Urology,Psychiatry,Specialty Care,16,380,11,4.52,0.95,False,True,Out-of-network,361,False,Hospital_98,2.79,West,1,0.9997539
P03299,Provider_3299,City_99,CA,37.1783,-119.0179,Orthopedics,Pediatrics,Surgical,28,400,12,4.23,0.66,True,False,Out-of-network,343,True,Hospital_99,1.92,South,1,0.99953103
P03300,Provider_3300,City_100,OH,40.8673,-82.4571,Endocrinology,General Practice,Specialty Care,11,400,22,3.14,0.61,False,False,In-network,295,True,Hospital_100,2.12,West,1,0.99953103
P03301,Provider_3301,City_101,NY,43.2994,-74.2179,Ophthalmology,General Practice,Specialty Care,28,180,24,2.34,0.52,True,True,Out-of-network,322,False,Hospital_1,2.92,North,1,0.99978167
P03302,Provider_3302,City_102,NV,38.8526,-116.3694,Cardiology,Cardiology,Specialty Care,39,500,39,4.25,0.58,True,False,In-network,114,True,Hospital_2,4.17,West,1,0.9991406
P03303,Provider_3303,City_103,OH,40.5173,-82.8071,Psychiatry,Cardiology,Specialty Care,28,250,37,2.44,0.29,False,False,Out-of-network,280,False,Hospital_3,4.86,South,1,0.99986184
P03304,Provider_3304,City_104,CA,36.9283,-119.2679,Neurology,Urology,Specialty Care,34,450,15,4.29,0.18,False,True,In-network,429,True,Hospital_4,2.99,West,1,0.9988501
P03305,Provider_3305,City_105,CA,36.9783,-119.2179,Ophthalmology,ENT,Specialty Care,21,180,24,3.05,0.28,False,True,In-network,469,False,Hospital_5,4.25,North,1,0.9998549
P03306,Provider_3306,City_106,MA,42.6572,-71.1324,Orthopedics,Gastroenterology,Surgical,13,400,48,2.28,0.1,True,False,In-network,155,True,Hospital_6,2.32,West,1,0.99945515
P03307,Provider_3307,City_107,GA,32.4656,-82.6001,Gastroenterology,Dermatology,Specialty Care,39,420,53,2.43,0.97,False,True,Out-of-network,136,True,Hospital_7,2.04,South,1,0.99956197
P03308,Provider_3308,City_108,PA,41.5533,-76.8445,Psychiatry,Orthopedics,Specialty Care,27,250,57,3.27,0.79,False,True,Out-of-network,53,False,Hospital_8,3.79,West,1,0.99988925
P03309,Provider_3309,City_109,IL,41.0331,-88.9985,Gastroenterology,Neurology,Specialty Care,11,420,47,1.03,0.74,False,True,In-network,103,True,Hospital_9,3.81,East,1,0.99988866
P03310,Provider_3310,City_110,MI,44.7648,-85.1524,Cardiology,Endocrinology,Specialty Care,2,500,13,1.04,0.93,True,True,In-network,462,True,Hospital_10,2.95,North,0,0.017963434
P03311,Provider_3311,City_111,IL,40.6331,-89.3985,Urology,Pediatrics,Specialty Care,36,380,5,4.93,0.61,False,True,Out-of-network,54,True,Hospital_11,1.11,South,1,0.9995641
P03312,Provider_3312,City_112,FL,28.0444,-81.7103,Neurology,Endocrinology,Specialty Care,36,450,12,4.96,0.32,True,True,In-network,221,False,Hospital_12,1.1,South,0,0.002289136
P03313,Provider_3313,City_113,NC,35.8596,-78.9193,Psychiatry,ENT,Specialty Care,40,250,58,1.74,0.98,True,False,In-network,256,True,Hospital_13,3.27,West,1,0.99988866
P03314,Provider_3314,City_114,CO,39.7001,-105.6321,General Practice,ENT,Primary Care,14,100,34,4.01,0.65,False,False,Out-of-network,234,False,Hospital_14,2.31,East,1,0.9995641
P03315,Provider_3315,City_115,OH,40.6173,-82.7071,Dermatology,Neurology,Specialty Care,32,200,20,1.01,0.55,False,False,In-network,129,False,Hospital_15,1.72,East,1,0.99956197
P03316,Provider_3316,City_116,CO,39.8001,-105.5321,Dermatology,Dermatology,Specialty Care,25,200,33,2.99,0.05,False,False,In-network,453,True,Hospital_16,1.55,South,1,0.9994137
P03317,Provider_3317,City_117,CA,37.0783,-119.1179,Endocrinology,Orthopedics,Specialty Care,10,400,52,2.44,0.28,True,True,In-network,412,True,Hospital_17,3.12,West,1,0.999851
P03318,Provider_3318,City_118,NV,39.1526,-116.0694,Orthopedics,Gastroenterology,Surgical,30,400,48,2.18,0.9,True,True,In-network,237,False,Hospital_18,4.16,West,1,0.99988866
P03319,Provider_3319,City_119,WA,48.1511,-120.3401,Urology,Neurology,Specialty Care,3,380,12,4.48,0.81,False,False,Out-of-network,96,True,Hospital_19,1.91,North,1,0.9995641
P03320,Provider_3320,City_120,MI,44.7648,-85.1524,Cardiology,ENT,Specialty Care,17,500,52,4.81,0.85,True,False,In-network,125,False,Hospital_20,3.37,North,1,0.9991406
P03321,Provider_3321,City_121,CA,36.7783,-119.4179,Psychiatry,ENT,Specialty Care,15,250,50,3.44,0.07,True,True,Out-of-network,445,False,Hospital_21,1.17,North,1,0.9994167
P03322,Provider_3322,City_122,AZ,34.0989,-111.0437,Pediatrics,Endocrinology,Primary Care,32,150,40,3.86,0.23,False,False,In-network,66,True,Hospital_22,3.41,North,1,0.9998622
P03323,Provider_3323,City_123,WA,47.8511,-120.6401,General Practice,Pediatrics,Primary Care,15,100,25,4.51,0.01,False,False,In-network,366,True,Hospital_23,4.4,East,1,0.9998517
P03324,Provider_3324,City_124,FL,28.1444,-81.6103,Gastroenterology,Neurology,Specialty Care,10,420,56,2.12,0.45,False,True,Out-of-network,55,True,Hospital_24,4.03,West,1,0.9998615
P03325,Provider_3325,City_125,NC,35.9596,-78.8193,Endocrinology,Orthopedics,Specialty Care,12,400,24,4.26,0.91,False,False,In-network,348,True,Hospital_25,1.72,West,1,0.99953103
P03326,Provider_3326,City_126,PA,41.4533,-76.9445,Dermatology,Cardiology,Specialty Care,7,200,27,2.61,0.32,True,False,Out-of-network,285,False,Hospital_26,1.53,North,1,0.9994137
P03327,Provider_3327,City_127,PA,41.5033,-76.8945,Ophthalmology,Endocrinology,Specialty Care,36,180,27,4.17,0.78,True,False,Out-of-network,86,False,Hospital_27,1.53,East,1,0.9995641
P03328,Provider_3328,City_128,GA,32.5156,-82.5501,ENT,Urology,Specialty Care,8,220,37,4.89,0.78,True,True,In-network,402,False,Hospital_28,2.87,South,1,0.99978274
P03329,Provider_3329,City_129,PA,41.6033,-76.7945,Endocrinology,Cardiology,Specialty Care,10,400,28,1.86,0.27,True,True,Out-of-network,418,True,Hospital_29,4.57,South,1,0.999851
P03330,Provider_3330,City_130,GA,32.6156,-82.4501,Neurology,Endocrinology,Specialty Care,30,450,59,1.17,0.28,False,True,In-network,452,True,Hospital_30,1.09,West,0,0.0021167668
P03331,Provider_3331,City_131,PA,41.2033,-77.1945,Gastroenterology,Endocrinology,Specialty Care,6,420,34,3.79,0.59,True,True,Out-of-network,140,False,Hospital_31,3.17,South,1,0.99988925
P03332,Provider_3332,City_132,NC,35.8096,-78.9693,Gastroenterology,General Practice,Specialty Care,24,420,11,4.12,0.58,True,True,In-network,414,False,Hospital_32,4.28,North,1,0.9998808
P03333,Provider_3333,City_133,OH,40.5173,-82.8071,Gastroenterology,Endocrinology,Specialty Care,16,420,38,1.72,0.56,False,False,Out-of-network,477,False,Hospital_33,3.59,South,1,0.9998802
P03334,Provider_3334,City_134,MA,42.5572,-71.2324,General Practice,Ophthalmology,Primary Care,37,100,58,4.55,0.73,True,True,Out-of-network,199,True,Hospital_34,1.09,South,1,0.9995641
P03335,Provider_3335,City_135,AZ,34.2489,-110.8937,Gastroenterology,Psychiatry,Specialty Care,7,420,50,1.23,0.36,True,False,In-network,322,True,Hospital_35,2.49,South,1,0.9994137
P03336,Provider_3336,City_136,OH,40.6673,-82.6571,Orthopedics,Urology,Surgical,2,400,60,1.71,0.54,True,False,In-network,262,False,Hospital_36,3.9,North,1,0.99988866
P03337,Provider_3337,City_137,FL,28.2944,-81.4603,Cardiology,Psychiatry,Specialty Care,27,500,39,1.14,0.55,True,False,In-network,254,True,Hospital_37,1.21,North,0,0.0028312707
P03338,Provider_3338,City_138,MA,42.7572,-71.0324,Neurology,Orthopedics,Specialty Care,9,450,43,1.92,0.15,True,True,In-network,365,False,Hospital_38,1.28,North,0,0.0021167668
P03339,Provider_3339,City_139,FL,28.3944,-81.3603,Gastroenterology,ENT,Specialty Care,12,420,39,2.83,0.0,False,False,In-network,458,True,Hospital_39,1.27,South,1,0.9994137
P03340,Provider_3340,City_140,TX,32.4186,-99.4518,Pediatrics,Psychiatry,Primary Care,11,150,56,4.39,0.46,True,False,In-network,302,True,Hospital_40,3.33,East,1,0.9998517
P03341,Provider_3341,City_141,NC,35.7596,-79.0193,Ophthalmology,Dermatology,Specialty Care,40,180,30,3.14,0.17,True,False,In-network,415,True,Hospital_41,2.74,West,1,0.9996611
P03342,Provider_3342,City_142,MA,42.4572,-71.3324,General Practice,Psychiatry,Primary Care,39,100,6,1.26,0.97,True,False,In-network,247,False,Hospital_42,4.23,West,1,0.99988866
P03343,Provider_3343,City_143,NY,43.3994,-74.1179,Endocrinology,Neurology,Specialty Care,21,400,26,1.27,0.9,False,False,Out-of-network,455,False,Hospital_43,4.44,South,1,0.9998802
P03344,Provider_3344,City_144,NV,38.9526,-116.2694,General Practice,Endocrinology,Primary Care,35,100,34,2.18,0.61,True,False,In-network,498,True,Hospital_44,4.18,North,1,0.9998802
P03345,Provider_3345,City_145,IL,40.8331,-89.1985,Dermatology,ENT,Specialty Care,10,200,11,1.22,0.23,False,False,In-network,288,True,Hospital_45,3.42,South,1,0.999851
P03346,Provider_3346,City_146,NV,39.0526,-116.1694,Endocrinology,Neurology,Specialty Care,9,400,55,4.98,0.66,True,False,Out-of-network,490,False,Hospital_46,3.71,East,1,0.9998808
P03347,Provider_3347,City_147,WA,48.0511,-120.4401,ENT,Cardiology,Specialty Care,37,220,31,4.38,0.42,True,False,Out-of-network,208,False,Hospital_47,1.66,West,1,0.999458
P03348,Provider_3348,City_148,NV,39.1526,-116.0694,Gastroenterology,Neurology,Specialty Care,13,420,29,2.32,0.13,False,True,Out-of-network,167,False,Hospital_48,2.56,North,1,0.99962914
P03349,Provider_3349,City_149,MA,42.8072,-70.9824,Cardiology,General Practice,Specialty Care,28,500,53,1.02,0.16,True,False,In-network,463,False,Hospital_49,2.54,South,0,0.0021167668
P03350,Provider_3350,City_150,AZ,34.4989,-110.6437,Psychiatry,Gastroenterology,Specialty Care,37,250,30,3.68,0.57,False,True,In-network,128,False,Hospital_50,1.08,North,1,0.9995641
P03351,Provider_3351,City_151,MA,42.4072,-71.3824,General Practice,ENT,Primary Care,31,100,22,1.54,0.52,False,True,Out-of-network,106,True,Hospital_51,3.77,South,1,0.99988866
P03352,Provider_3352,City_152,FL,28.0444,-81.7103,Endocrinology,Urology,Specialty Care,19,400,42,2.93,0.69,True,True,Out-of-network,460,True,Hospital_52,3.1,East,1,0.9998802
P03353,Provider_3353,City_153,CO,39.6501,-105.6821,ENT,Dermatology,Specialty Care,37,220,44,1.17,0.07,True,True,In-network,317,False,Hospital_53,4.03,South,1,0.999851
P03354,Provider_3354,City_154,NC,35.9096,-78.8693,Ophthalmology,Neurology,Specialty Care,22,180,57,3.31,0.14,False,False,In-network,393,False,Hospital_54,4.26,West,1,0.9998517
P03355,Provider_3355,City_155,CA,36.9783,-119.2179,ENT,Pediatrics,Specialty Care,10,220,6,2.74,0.06,False,False,Out-of-network,337,False,Hospital_55,3.56,West,1,0.999851
P03356,Provider_3356,City_156,CA,37.0283,-119.1679,Psychiatry,Pediatrics,Specialty Care,25,250,33,2.44,0.43,True,False,In-network,95,True,Hospital_56,3.6,North,1,0.9998615
P03357,Provider_3357,City_157,WA,48.0511,-120.4401,Dermatology,Cardiology,Specialty Care,29,200,27,2.26,0.14,False,False,Out-of-network,168,True,Hospital_57,2.58,North,1,0.99962914
P03358,Provider_3358,City_158,IL,40.9831,-89.0485,Orthopedics,Dermatology,Surgical,19,400,5,2.88,0.66,True,False,In-network,62,False,Hospital_58,2.05,East,1,0.99956197
P03359,Provider_3359,City_159,PA,41.6033,-76.7945,Pediatrics,Gastroenterology,Primary Care,12,150,14,1.5,0.65,False,True,Out-of-network,340,False,Hospital_59,2.34,North,1,0.99952865
P03360,Provider_3360,City_160,AZ,34.4989,-110.6437,Gastroenterology,Endocrinology,Specialty Care,35,420,6,4.3,0.71,True,True,In-network,198,False,Hospital_60,3.25,North,1,0.99988925
P03361,Provider_3361,City_161,IL,40.6331,-89.3985,Pediatrics,Urology,Primary Care,27,150,9,4.85,0.32,True,False,In-network,232,True,Hospital_61,4.72,West,1,0.9998622
P03362,Provider_3362,City_162,NV,38.8526,-116.3694,Psychiatry,Gastroenterology,Specialty Care,39,250,52,3.15,0.79,False,False,In-network,55,True,Hospital_62,2.9,North,1,0.9997981
P03363,Provider_3363,City_163,TX,32.0686,-99.8018,Cardiology,Gastroenterology,Specialty Care,14,500,37,4.81,0.58,False,True,In-network,80,True,Hospital_63,4.82,South,1,0.9991406
P03364,Provider_3364,City_164,NV,38.9526,-116.2694,Pediatrics,Ophthalmology,Primary Care,16,150,25,1.17,1.0,False,True,In-network,375,False,Hospital_64,2.26,South,1,0.99952865
P03365,Provider_3365,City_165,WA,47.9511,-120.5401,Neurology,Orthopedics,Specialty Care,14,450,6,3.3,0.07,True,False,Out-of-network,378,False,Hospital_65,1.54,North,0,0.0021275654
P03366,Provider_3366,City_166,TX,32.2186,-99.6518,Dermatology,ENT,Specialty Care,8,200,24,1.35,0.27,False,False,Out-of-network,494,False,Hospital_66,4.95,East,1,0.999851
P03367,Provider_3367,City_167,NV,39.1026,-116.1194,Orthopedics,Psychiatry,Surgical,22,400,35,4.03,0.9,False,True,In-network,313,False,Hospital_67,4.27,West,1,0.9998808
P03368,Provider_3368,City_168,TX,32.3186,-99.5518,Gastroenterology,Endocrinology,Specialty Care,40,420,60,2.12,0.38,False,True,Out-of-network,239,True,Hospital_68,3.37,North,1,0.9998615
P03369,Provider_3369,City_169,PA,41.6033,-76.7945,Cardiology,Pediatrics,Specialty Care,28,500,58,3.74,0.9,True,False,In-network,436,False,Hospital_69,2.4,South,0,0.002644954
P03370,Provider_3370,City_170,TX,32.4186,-99.4518,Orthopedics,Endocrinology,Surgical,16,400,49,4.37,0.8,True,False,Out-of-network,456,True,Hospital_70,4.18,East,1,0.9998808
P03371,Provider_3371,City_171,MA,42.4072,-71.3824,Cardiology,Dermatology,Specialty Care,38,500,16,4.29,0.13,False,True,In-network,214,True,Hospital_71,2.93,North,0,0.013332247
P03372,Provider_3372,City_172,OH,40.4673,-82.8571,Psychiatry,Gastroenterology,Specialty Care,40,250,38,1.82,0.76,False,False,In-network,357,False,Hospital_72,2.82,South,1,0.9997526
P03373,Provider_3373,City_173,CO,39.6501,-105.6821,Dermatology,Ophthalmology,Specialty Care,1,200,24,1.33,0.22,False,False,In-network,380,False,Hospital_73,2.13,East,1,0.9994137
P03374,Provider_3374,City_174,NY,43.4494,-74.0679,Orthopedics,Dermatology,Surgical,11,400,30,1.92,0.67,False,True,In-network,254,False,Hospital_74,1.95,West,1,0.99956197
P03375,Provider_3375,City_175,FL,28.1944,-81.5603,Pediatrics,Gastroenterology,Primary Care,21,150,7,3.03,0.99,True,False,In-network,286,True,Hospital_75,4.37,West,1,0.9998834
P03376,Provider_3376,City_176,PA,41.4533,-76.9445,Pediatrics,General Practice,Primary Care,13,150,18,3.71,0.65,True,True,Out-of-network,457,True,Hospital_76,3.27,South,1,0.9998808
P03377,Provider_3377,City_177,OH,40.7173,-82.6071,Endocrinology,Ophthalmology,Specialty Care,18,400,53,1.25,0.74,True,True,In-network,359,True,Hospital_77,1.12,West,1,0.99952865
P03378,Provider_3378,City_178,WA,48.1011,-120.3901,Gastroenterology,Psychiatry,Specialty Care,37,420,27,4.74,0.16,True,False,Out-of-network,199,False,Hospital_78,4.98,North,1,0.9998622
P03379,Provider_3379,City_179,PA,41.6033,-76.7945,Pediatrics,Endocrinology,Primary Care,25,150,44,2.37,0.46,True,False,Out-of-network,398,False,Hospital_79,3.23,South,1,0.999851
P03380,Provider_3380,City_180,MA,42.8572,-70.9324,Cardiology,Ophthalmology,Specialty Care,21,500,9,1.14,0.84,False,False,In-network,425,False,Hospital_80,2.82,South,0,0.009968886
P03381,Provider_3381,City_181,AZ,34.0489,-111.0937,General Practice,General Practice,Primary Care,2,100,60,4.73,0.48,False,True,In-network,141,False,Hospital_81,3.32,South,1,0.99988925
P03382,Provider_3382,City_182,FL,28.0444,-81.7103,Pediatrics,Urology,Primary Care,2,150,8,3.18,0.54,True,False,In-network,360,True,Hospital_82,1.49,North,1,0.99953103
P03383,Provider_3383,City_183,MI,44.4148,-85.5024,Orthopedics,Cardiology,Surgical,9,400,34,2.04,0.54,True,False,Out-of-network,217,False,Hospital_83,2.95,East,1,0.9998276
P03384,Provider_3384,City_184,IL,40.7831,-89.2485,Dermatology,General Practice,Specialty Care,23,200,18,1.48,0.4,False,False,In-network,239,True,Hospital_84,4.48,East,1,0.9998615
P03385,Provider_3385,City_185,NY,43.4994,-74.0179,Gastroenterology,Urology,Specialty Care,17,420,33,2.59,0.31,True,True,In-network,370,False,Hospital_85,1.04,West,1,0.9994137
P03386,Provider_3386,City_186,IL,40.8831,-89.1485,Psychiatry,Ophthalmology,Specialty Care,17,250,27,2.48,0.76,False,True,Out-of-network,82,False,Hospital_86,2.28,North,1,0.99956197
P03387,Provider_3387,City_187,MI,44.6148,-85.3024,Cardiology,Dermatology,Specialty Care,22,500,57,4.63,0.43,True,False,Out-of-network,124,False,Hospital_87,3.75,West,1,0.99893135
P03388,Provider_3388,City_188,PA,41.5533,-76.8445,Cardiology,Pediatrics,Specialty Care,39,500,34,1.79,0.04,False,False,Out-of-network,230,True,Hospital_88,4.12,North,1,0.99892586
P03389,Provider_3389,City_189,AZ,34.4489,-110.6937,Pediatrics,Orthopedics,Primary Care,19,150,34,1.76,0.9,False,False,In-network,319,False,Hospital_89,2.38,East,1,0.99952865
P03390,Provider_3390,City_190,MA,42.8572,-70.9324,Gastroenterology,Neurology,Specialty Care,40,420,36,3.79,0.63,True,False,In-network,72,True,Hospital_90,3.9,West,1,0.99988925
P03391,Provider_3391,City_191,NC,35.7596,-79.0193,Urology,Dermatology,Specialty Care,27,380,7,4.41,0.39,False,True,In-network,327,True,Hospital_91,4.29,North,1,0.9998517
P03392,Provider_3392,City_192,NC,35.8096,-78.9693,ENT,Neurology,Specialty Care,30,220,7,2.91,0.9,False,True,Out-of-network,457,False,Hospital_92,3.55,South,1,0.9998802
P03393,Provider_3393,City_193,TX,32.0686,-99.8018,Cardiology,Pediatrics,Specialty Care,19,500,22,4.0,0.72,True,True,In-network,286,False,Hospital_93,2.26,South,0,0.002644954
P03394,Provider_3394,City_194,TX,32.1186,-99.7518,Pediatrics,Psychiatry,Primary Care,13,150,23,3.09,0.26,True,False,Out-of-network,410,True,Hospital_94,2.91,East,1,0.9997298
P03395,Provider_3395,City_195,CA,36.9783,-119.2179,ENT,Psychiatry,Specialty Care,27,220,34,2.57,0.31,False,True,In-network,468,True,Hospital_95,4.47,West,1,0.999851
P03396,Provider_3396,City_196,OH,40.6673,-82.6571,Neurology,Psychiatry,Specialty Care,1,450,40,3.28,0.75,False,False,Out-of-network,311,False,Hospital_96,1.18,North,0,0.002644954
P03397,Provider_3397,City_197,CO,39.8501,-105.4821,Gastroenterology,Gastroenterology,Specialty Care,10,420,43,2.6,0.19,False,True,Out-of-network,311,True,Hospital_97,1.92,South,1,0.9994137
P03398,Provider_3398,City_198,IL,40.9831,-89.0485,ENT,Endocrinology,Specialty Care,23,220,33,3.6,0.81,False,False,In-network,458,True,Hospital_98,1.16,South,1,0.99953103
P03399,Provider_3399,City_199,PA,41.6033,-76.7945,Cardiology,Orthopedics,Specialty Care,15,500,54,2.58,0.11,True,True,In-network,288,False,Hospital_99,3.97,East,1,0.99884427
P03400,Provider_3400,City_200,AZ,34.4989,-110.6437,Neurology,Neurology,Specialty Care,20,450,52,3.78,0.11,True,True,In-network,159,True,Hospital_100,3.79,North,1,0.99893135
P03401,Provider_3401,City_1,TX,31.9686,-99.9018,General Practice,Dermatology,Primary Care,3,100,55,2.12,0.33,False,False,Out-of-network,107,False,Hospital_1,3.88,North,1,0.9998615
P03402,Provider_3402,City_2,NC,35.8096,-78.9693,General Practice,Psychiatry,Primary Care,27,100,12,2.36,0.01,True,False,In-network,184,True,Hospital_2,1.35,West,1,0.99945515
P03403,Provider_3403,City_3,FL,28.0944,-81.6603,Cardiology,Neurology,Specialty Care,11,500,54,4.14,0.69,True,False,Out-of-network,99,False,Hospital_3,4.29,South,1,0.9991406
P03404,Provider_3404,City_4,CO,39.7001,-105.6321,Pediatrics,Pediatrics,Primary Care,17,150,54,4.87,0.29,False,False,In-network,305,False,Hospital_4,2.11,South,1,0.9994167
P03405,Provider_3405,City_5,MI,44.5148,-85.4024,Orthopedics,Neurology,Surgical,34,400,15,3.51,0.09,False,True,In-network,63,True,Hospital_5,4.2,North,1,0.9998622
P03406,Provider_3406,City_6,IL,40.8831,-89.1485,Neurology,Ophthalmology,Specialty Care,40,450,58,2.9,0.87,False,True,Out-of-network,319,False,Hospital_6,3.1,West,1,0.9990707
P03407,Provider_3407,City_7,CO,39.8501,-105.4821,Gastroenterology,ENT,Specialty Care,6,420,59,4.11,0.17,False,False,Out-of-network,407,True,Hospital_7,2.5,West,1,0.9994167
P03408,Provider_3408,City_8,NC,36.1096,-78.6693,Psychiatry,Cardiology,Specialty Care,33,250,14,2.89,0.12,False,False,Out-of-network,119,True,Hospital_8,4.81,South,1,0.9998615
P03409,Provider_3409,City_9,TX,32.3686,-99.5018,Endocrinology,Ophthalmology,Specialty Care,34,400,31,3.03,0.2,True,True,Out-of-network,77,True,Hospital_9,1.37,North,1,0.9994698
P03410,Provider_3410,City_10,CO,40.0001,-105.3321,Orthopedics,Dermatology,Surgical,32,400,14,1.13,0.91,True,True,Out-of-network,199,True,Hospital_10,1.53,North,1,0.99956197
P03411,Provider_3411,City_11,TX,31.9686,-99.9018,Dermatology,Dermatology,Specialty Care,21,200,60,1.32,0.06,False,False,In-network,175,True,Hospital_11,2.98,North,1,0.9997856
P03412,Provider_3412,City_12,WA,47.8011,-120.6901,Cardiology,Urology,Specialty Care,3,500,50,1.29,0.77,False,True,Out-of-network,208,False,Hospital_12,1.38,North,0,0.0028312707
P03413,Provider_3413,City_13,NV,38.9026,-116.3194,Cardiology,Psychiatry,Specialty Care,20,500,30,2.86,0.07,False,False,In-network,134,True,Hospital_13,3.13,West,1,0.99892586
P03414,Provider_3414,City_14,TX,32.1186,-99.7518,Cardiology,Urology,Specialty Care,29,500,41,2.54,0.34,True,True,In-network,301,False,Hospital_14,2.21,West,0,0.0021167668
P03415,Provider_3415,City_15,MI,44.5148,-85.4024,ENT,ENT,Specialty Care,10,220,31,2.85,0.4,True,True,In-network,380,False,Hospital_15,2.65,North,1,0.99960095
P03416,Provider_3416,City_16,NV,39.0526,-116.1694,Urology,Endocrinology,Specialty Care,6,380,58,4.61,0.17,True,False,Out-of-network,175,True,Hospital_16,4.23,North,1,0.9998622
P03417,Provider_3417,City_17,CO,39.8501,-105.4821,Cardiology,Pediatrics,Specialty Care,24,500,25,2.06,0.78,False,False,In-network,420,False,Hospital_17,1.15,West,0,0.0026315362
P03418,Provider_3418,City_18,MI,44.6648,-85.2524,Dermatology,Gastroenterology,Specialty Care,36,200,41,2.69,0.01,True,False,In-network,441,False,Hospital_18,1.67,North,1,0.9994137
P03419,Provider_3419,City_19,AZ,34.4489,-110.6937,Psychiatry,General Practice,Specialty Care,38,250,47,4.57,0.63,False,False,Out-of-network,130,True,Hospital_19,1.75,West,1,0.9995641
P03420,Provider_3420,City_20,NY,43.7494,-73.7679,ENT,Dermatology,Specialty Care,36,220,40,2.11,0.16,True,False,In-network,182,False,Hospital_20,3.07,East,1,0.9998615
P03421,Provider_3421,City_21,PA,41.2033,-77.1945,Dermatology,ENT,Specialty Care,18,200,16,1.6,0.23,False,True,Out-of-network,309,False,Hospital_21,3.11,North,1,0.999851
P03422,Provider_3422,City_22,AZ,34.0989,-111.0437,Cardiology,Neurology,Specialty Care,25,500,57,4.48,0.87,True,True,In-network,477,True,Hospital_22,1.35,East,0,0.002644954
P03423,Provider_3423,City_23,IL,40.7331,-89.2985,Pediatrics,Psychiatry,Primary Care,26,150,21,1.53,0.53,True,False,Out-of-network,275,False,Hospital_23,4.69,North,1,0.9998889
P03424,Provider_3424,City_24,AZ,34.1989,-110.9437,ENT,Psychiatry,Specialty Care,7,220,58,4.29,0.94,False,True,Out-of-network,132,True,Hospital_24,3.28,South,1,0.99988925
P03425,Provider_3425,City_25,FL,28.1944,-81.5603,Endocrinology,General Practice,Specialty Care,4,400,30,1.96,0.65,False,True,Out-of-network,412,True,Hospital_25,2.07,West,1,0.99952865
P03426,Provider_3426,City_26,MA,42.6572,-71.1324,Orthopedics,Cardiology,Surgical,35,400,28,1.3,0.18,False,True,In-network,131,True,Hospital_26,4.88,West,1,0.9998615
P03427,Provider_3427,City_27,FL,28.2944,-81.4603,Cardiology,Gastroenterology,Specialty Care,25,500,5,1.68,0.36,False,True,In-network,267,False,Hospital_27,2.34,South,0,0.002277519
P03428,Provider_3428,City_28,CA,37.1283,-119.0679,General Practice,ENT,Primary Care,31,100,18,4.8,0.9,True,False,Out-of-network,311,True,Hospital_28,1.22,South,1,0.99953103
P03429,Provider_3429,City_29,NV,39.2026,-116.0194,Psychiatry,Psychiatry,Specialty Care,4,250,17,3.79,0.65,False,True,Out-of-network,102,False,Hospital_29,2.61,West,1,0.99970335
P03430,Provider_3430,City_30,NC,36.2096,-78.5693,Endocrinology,Endocrinology,Specialty Care,4,400,55,4.53,0.27,False,False,Out-of-network,213,True,Hospital_30,3.94,North,1,0.9998622
P03431,Provider_3431,City_31,MA,42.4072,-71.3824,Orthopedics,Urology,Surgical,27,400,9,3.27,0.08,True,False,In-network,403,False,Hospital_31,4.86,East,1,0.9998517
P03432,Provider_3432,City_32,OH,40.4673,-82.8571,Orthopedics,Dermatology,Surgical,7,400,55,3.07,0.36,True,True,In-network,325,True,Hospital_32,2.68,South,1,0.999603
P03433,Provider_3433,City_33,FL,28.0944,-81.6603,ENT,Ophthalmology,Specialty Care,21,220,25,1.06,0.15,False,True,In-network,388,True,Hospital_33,4.44,South,1,0.999851
P03434,Provider_3434,City_34,NC,35.9096,-78.8693,Ophthalmology,Urology,Specialty Care,24,180,37,2.7,0.34,True,True,In-network,310,False,Hospital_34,4.98,South,1,0.999851
P03435,Provider_3435,City_35,NY,43.4994,-74.0179,Cardiology,Orthopedics,Specialty Care,23,500,56,2.64,0.67,True,True,Out-of-network,428,False,Hospital_35,3.25,North,1,0.9990707
P03436,Provider_3436,City_36,IL,40.8831,-89.1485,Urology,Ophthalmology,Specialty Care,8,380,8,2.47,0.24,True,False,Out-of-network,435,True,Hospital_36,2.57,South,1,0.99960095
P03437,Provider_3437,City_37,AZ,34.3489,-110.7937,Psychiatry,Orthopedics,Specialty Care,12,250,26,4.81,0.55,True,False,In-network,439,False,Hospital_37,4.72,North,1,0.9998808
P03438,Provider_3438,City_38,MI,44.6648,-85.2524,Dermatology,Gastroenterology,Specialty Care,36,200,9,2.32,0.36,True,False,Out-of-network,372,True,Hospital_38,4.85,East,1,0.999851
P03439,Provider_3439,City_39,NC,36.1596,-78.6193,Cardiology,ENT,Specialty Care,10,500,26,4.71,0.21,False,True,Out-of-network,328,True,Hospital_39,2.0,South,0,0.0021275654
P03440,Provider_3440,City_40,NC,36.2096,-78.5693,General Practice,Neurology,Primary Care,15,100,20,2.18,0.54,True,True,Out-of-network,151,True,Hospital_40,1.56,East,1,0.99956197
P03441,Provider_3441,City_41,MA,42.4072,-71.3824,Urology,Cardiology,Specialty Care,33,380,57,2.66,1.0,False,False,In-network,242,False,Hospital_41,1.38,South,1,0.99956197
P03442,Provider_3442,City_42,GA,32.2156,-82.8501,Cardiology,Orthopedics,Specialty Care,33,500,50,3.69,0.15,False,False,Out-of-network,354,True,Hospital_42,4.69,North,1,0.9988501
P03443,Provider_3443,City_43,IL,40.7331,-89.2985,ENT,Psychiatry,Specialty Care,9,220,39,4.0,0.25,True,True,Out-of-network,392,False,Hospital_43,4.04,North,1,0.9998517
P03444,Provider_3444,City_44,FL,28.1444,-81.6103,Ophthalmology,Cardiology,Specialty Care,9,180,31,3.81,0.61,True,False,In-network,218,True,Hospital_44,2.37,East,1,0.9995641
P03445,Provider_3445,City_45,PA,41.4033,-76.9945,Psychiatry,ENT,Specialty Care,38,250,15,3.21,0.74,True,True,In-network,60,True,Hospital_45,1.73,East,1,0.9995641
P03446,Provider_3446,City_46,CA,37.0283,-119.1679,Gastroenterology,Dermatology,Specialty Care,31,420,23,1.54,0.37,False,True,Out-of-network,89,False,Hospital_46,1.08,West,1,0.99945515
P03447,Provider_3447,City_47,FL,28.2944,-81.4603,Cardiology,General Practice,Specialty Care,31,500,17,4.53,0.25,True,True,Out-of-network,487,True,Hospital_47,2.31,North,0,0.0021275654
P03448,Provider_3448,City_48,MI,44.6648,-85.2524,Endocrinology,Orthopedics,Specialty Care,2,400,7,4.98,0.16,False,False,In-network,420,False,Hospital_48,2.84,North,1,0.9996939
P03449,Provider_3449,City_49,NC,36.1596,-78.6193,Ophthalmology,Orthopedics,Specialty Care,23,180,60,1.15,0.01,True,True,In-network,175,True,Hospital_49,3.96,West,1,0.9998615
P03450,Provider_3450,City_50,AZ,34.4989,-110.6437,Ophthalmology,Pediatrics,Specialty Care,39,180,40,2.94,0.51,True,False,Out-of-network,254,True,Hospital_50,4.47,East,1,0.99988866
P03451,Provider_3451,City_51,GA,32.1656,-82.9001,Cardiology,Ophthalmology,Specialty Care,33,500,6,2.52,0.76,False,False,Out-of-network,85,True,Hospital_51,2.5,North,0,0.0028312707
P03452,Provider_3452,City_52,NC,35.8096,-78.9693,Cardiology,Pediatrics,Specialty Care,22,500,16,4.69,0.87,True,True,Out-of-network,62,False,Hospital_52,2.86,West,0,0.012191549
P03453,Provider_3453,City_53,TX,32.0686,-99.8018,ENT,Dermatology,Specialty Care,38,220,60,4.83,0.5,True,True,In-network,386,False,Hospital_53,2.63,South,1,0.99968076
P03454,Provider_3454,City_54,NV,38.9526,-116.2694,ENT,Neurology,Specialty Care,7,220,41,2.06,0.37,True,False,In-network,74,False,Hospital_54,2.71,North,1,0.99965477
P03455,Provider_3455,City_55,CO,39.7501,-105.5821,Dermatology,General Practice,Specialty Care,22,200,45,4.88,0.73,False,True,Out-of-network,229,True,Hospital_55,3.87,West,1,0.99988925
P03456,Provider_3456,City_56,FL,28.2444,-81.5103,Gastroenterology,General Practice,Specialty Care,28,420,56,3.59,0.41,False,True,In-network,120,True,Hospital_56,4.5,South,1,0.9998622
P03457,Provider_3457,City_57,PA,41.5033,-76.8945,ENT,Gastroenterology,Specialty Care,2,220,45,2.18,0.97,True,True,In-network,267,True,Hospital_57,4.13,North,1,0.99988866
P03458,Provider_3458,City_58,PA,41.5533,-76.8445,General Practice,Psychiatry,Primary Care,16,100,48,1.85,0.96,True,False,In-network,395,True,Hospital_58,4.84,South,1,0.9998802
P03459,Provider_3459,City_59,IL,41.0331,-88.9985,Orthopedics,Urology,Surgical,4,400,41,3.41,0.01,True,True,In-network,162,False,Hospital_59,1.18,South,1,0.999458
P03460,Provider_3460,City_60,CA,37.2283,-118.9679,ENT,Endocrinology,Specialty Care,10,220,20,3.14,0.14,False,False,Out-of-network,253,True,Hospital_60,3.73,East,1,0.9998622
P03461,Provider_3461,City_61,PA,41.2033,-77.1945,Gastroenterology,ENT,Specialty Care,29,420,47,1.29,0.5,True,False,In-network,78,False,Hospital_61,1.56,North,1,0.99956197
P03462,Provider_3462,City_62,CO,39.6001,-105.7321,Psychiatry,Dermatology,Specialty Care,37,250,19,4.04,0.98,True,False,In-network,495,True,Hospital_62,4.33,East,1,0.9998808
P03463,Provider_3463,City_63,TX,32.0686,-99.8018,Endocrinology,Ophthalmology,Specialty Care,8,400,29,1.66,0.09,False,False,In-network,299,True,Hospital_63,2.59,East,1,0.99960095
P03464,Provider_3464,City_64,NV,38.9526,-116.2694,Ophthalmology,Neurology,Specialty Care,24,180,42,1.8,0.3,False,True,In-network,75,True,Hospital_64,1.92,South,1,0.99945515
P03465,Provider_3465,City_65,IL,40.8331,-89.1985,Cardiology,Psychiatry,Specialty Care,27,500,10,4.8,0.51,True,True,In-network,417,False,Hospital_65,1.54,South,0,0.002644954
P03466,Provider_3466,City_66,CO,39.8001,-105.5321,General Practice,Orthopedics,Primary Care,33,100,22,1.04,0.61,False,False,Out-of-network,445,True,Hospital_66,4.04,East,1,0.9998802
P03467,Provider_3467,City_67,NV,39.1026,-116.1194,Ophthalmology,Endocrinology,Specialty Care,19,180,56,1.7,0.25,False,False,Out-of-network,439,False,Hospital_67,4.13,West,1,0.999851
P03468,Provider_3468,City_68,IL,40.9831,-89.0485,Endocrinology,Ophthalmology,Specialty Care,28,400,34,1.9,0.75,True,True,In-network,376,False,Hospital_68,2.94,South,1,0.99978167
P03469,Provider_3469,City_69,WA,48.1511,-120.3401,Urology,Endocrinology,Specialty Care,9,380,43,4.96,0.61,True,False,In-network,240,False,Hospital_69,2.37,South,1,0.9995641
P03470,Provider_3470,City_70,NY,43.7494,-73.7679,Ophthalmology,Endocrinology,Specialty Care,33,180,29,2.99,0.99,True,False,In-network,60,True,Hospital_70,3.57,East,1,0.99988866
P03471,Provider_3471,City_71,CA,36.7783,-119.4179,Psychiatry,Pediatrics,Specialty Care,40,250,35,3.4,0.11,True,True,In-network,420,True,Hospital_71,2.74,East,1,0.9996611
P03472,Provider_3472,City_72,WA,47.8011,-120.6901,Ophthalmology,Gastroenterology,Specialty Care,30,180,51,3.78,0.34,False,False,In-network,462,False,Hospital_72,2.2,North,1,0.9994167
P03473,Provider_3473,City_73,CA,36.8783,-119.3179,Urology,Dermatology,Specialty Care,1,380,30,4.77,0.45,False,True,In-network,311,True,Hospital_73,4.66,South,1,0.9998517
P03474,Provider_3474,City_74,MI,44.4648,-85.4524,Dermatology,General Practice,Specialty Care,38,200,37,4.4,0.81,False,True,Out-of-network,463,True,Hospital_74,2.22,East,1,0.99953103
P03475,Provider_3475,City_75,CA,36.9783,-119.2179,Pediatrics,Dermatology,Primary Care,40,150,22,1.01,0.79,True,True,In-network,165,True,Hospital_75,2.51,South,1,0.99956197
P03476,Provider_3476,City_76,FL,28.2444,-81.5103,Orthopedics,Neurology,Surgical,20,400,32,3.57,0.93,False,False,Out-of-network,346,True,Hospital_76,4.0,East,1,0.9998808
P03477,Provider_3477,City_77,NC,36.0596,-78.7193,Cardiology,Orthopedics,Specialty Care,23,500,25,3.93,0.2,True,True,Out-of-network,59,False,Hospital_77,1.41,South,0,0.002289136
P03478,Provider_3478,City_78,GA,32.5156,-82.5501,Cardiology,Psychiatry,Specialty Care,15,500,6,4.1,0.56,False,False,In-network,253,True,Hospital_78,4.38,East,1,0.9991406
P03479,Provider_3479,City_79,AZ,34.4489,-110.6937,ENT,Gastroenterology,Specialty Care,36,220,58,1.29,0.01,False,False,In-network,114,False,Hospital_79,1.02,West,1,0.99945515
P03480,Provider_3480,City_80,NC,36.2096,-78.5693,Endocrinology,Orthopedics,Specialty Care,36,400,54,3.5,0.35,False,False,Out-of-network,162,True,Hospital_80,2.69,West,1,0.99965656
P03481,Provider_3481,City_81,FL,27.9944,-81.7603,Pediatrics,General Practice,Primary Care,12,150,6,3.18,0.12,True,True,In-network,372,True,Hospital_81,1.2,South,1,0.9994167
P03482,Provider_3482,City_82,MI,44.3648,-85.5524,ENT,Cardiology,Specialty Care,22,220,23,4.32,0.83,False,True,In-network,383,True,Hospital_82,1.41,North,1,0.99953103
P03483,Provider_3483,City_83,OH,40.5173,-82.8071,Pediatrics,Ophthalmology,Primary Care,18,150,10,2.03,0.55,False,False,In-network,429,True,Hospital_83,3.89,South,1,0.9998802
P03484,Provider_3484,City_84,MI,44.4648,-85.4524,Pediatrics,Endocrinology,Primary Care,1,150,54,3.71,0.1,True,True,Out-of-network,255,True,Hospital_84,2.0,West,1,0.999458
P03485,Provider_3485,City_85,CA,36.9783,-119.2179,Ophthalmology,Psychiatry,Specialty Care,24,180,35,3.15,0.64,True,True,Out-of-network,498,True,Hospital_85,1.02,East,1,0.99953103
P03486,Provider_3486,City_86,OH,40.6673,-82.6571,ENT,Ophthalmology,Specialty Care,16,220,32,3.39,0.28,False,True,Out-of-network,441,False,Hospital_86,2.56,West,1,0.999603
P03487,Provider_3487,City_87,NV,39.1026,-116.1194,Pediatrics,Dermatology,Primary Care,37,150,38,1.65,0.76,False,True,Out-of-network,351,True,Hospital_87,4.31,West,1,0.9998802
P03488,Provider_3488,City_88,NY,43.6494,-73.8679,Neurology,Dermatology,Specialty Care,33,450,58,4.15,0.79,False,True,Out-of-network,236,True,Hospital_88,2.53,North,0,0.0028457039
P03489,Provider_3489,City_89,AZ,34.4489,-110.6937,Psychiatry,Gastroenterology,Specialty Care,17,250,26,4.45,0.71,False,True,In-network,280,True,Hospital_89,2.4,South,1,0.9995652
P03490,Provider_3490,City_90,AZ,34.4989,-110.6437,General Practice,Urology,Primary Care,29,100,36,2.54,0.75,False,True,Out-of-network,98,False,Hospital_90,2.47,West,1,0.99956197
P03491,Provider_3491,City_91,MI,44.3148,-85.6024,Endocrinology,Cardiology,Specialty Care,35,400,37,3.2,0.96,False,True,In-network,85,False,Hospital_91,4.03,West,1,0.99988925
P03492,Provider_3492,City_92,NY,43.3494,-74.1679,Endocrinology,Ophthalmology,Specialty Care,1,400,52,3.72,0.96,True,False,In-network,441,True,Hospital_92,3.67,North,1,0.9998808
P03493,Provider_3493,City_93,CO,39.6501,-105.6821,Gastroenterology,Urology,Specialty Care,35,420,13,1.75,0.46,False,False,Out-of-network,206,True,Hospital_93,4.23,North,1,0.9998615
P03494,Provider_3494,City_94,NY,43.4494,-74.0679,Urology,Dermatology,Specialty Care,2,380,44,1.19,0.45,False,True,Out-of-network,155,True,Hospital_94,4.67,East,1,0.9998615
P03495,Provider_3495,City_95,MI,44.5148,-85.4024,Urology,Psychiatry,Specialty Care,21,380,16,1.66,0.52,False,True,Out-of-network,111,True,Hospital_95,4.75,East,1,0.99988866
P03496,Provider_3496,City_96,MI,44.5648,-85.3524,Gastroenterology,Gastroenterology,Specialty Care,22,420,48,4.25,0.35,False,False,Out-of-network,170,True,Hospital_96,2.13,West,1,0.999458
P03497,Provider_3497,City_97,CO,39.8501,-105.4821,Ophthalmology,Ophthalmology,Specialty Care,6,180,11,1.13,0.25,False,False,Out-of-network,496,True,Hospital_97,4.06,East,1,0.999851
P03498,Provider_3498,City_98,TX,32.3186,-99.5518,Gastroenterology,Urology,Specialty Care,10,420,44,2.9,0.57,True,True,In-network,184,False,Hospital_98,2.38,West,1,0.99956197
P03499,Provider_3499,City_99,NY,43.6994,-73.8179,Neurology,General Practice,Specialty Care,10,450,54,2.28,0.06,False,False,Out-of-network,332,False,Hospital_99,3.21,West,1,0.99884427
P03500,Provider_3500,City_100,PA,41.6533,-76.7445,Pediatrics,Endocrinology,Primary Care,8,150,41,4.87,0.3,True,True,Out-of-network,359,False,Hospital_100,3.2,East,1,0.9998517
P03501,Provider_3501,City_101,IL,40.6331,-89.3985,ENT,Dermatology,Specialty Care,1,220,49,1.05,0.35,True,False,In-network,205,True,Hospital_1,1.86,North,1,0.99945515
P03502,Provider_3502,City_102,NV,38.8526,-116.3694,Dermatology,Psychiatry,Specialty Care,28,200,55,2.72,0.94,False,True,In-network,146,True,Hospital_2,3.54,North,1,0.99988866
P03503,Provider_3503,City_103,MA,42.5072,-71.2824,Psychiatry,Endocrinology,Specialty Care,21,250,50,2.56,0.81,False,False,Out-of-network,498,False,Hospital_3,2.55,West,1,0.99952865
P03504,Provider_3504,City_104,IL,40.7831,-89.2485,General Practice,Psychiatry,Primary Care,24,100,59,4.28,0.87,False,False,In-network,480,False,Hospital_4,2.72,West,1,0.99970275
P03505,Provider_3505,City_105,CA,36.9783,-119.2179,Psychiatry,Urology,Specialty Care,34,250,41,1.1,0.51,False,True,Out-of-network,291,True,Hospital_5,1.73,West,1,0.99952865
P03506,Provider_3506,City_106,PA,41.4533,-76.9445,Pediatrics,Orthopedics,Primary Care,18,150,10,1.9,0.5,False,False,Out-of-network,426,False,Hospital_6,3.78,West,1,0.9998802
P03507,Provider_3507,City_107,PA,41.5033,-76.8945,General Practice,Pediatrics,Primary Care,11,100,17,3.71,0.76,False,True,In-network,258,True,Hospital_7,3.87,North,1,0.99988925
P03508,Provider_3508,City_108,CA,37.1283,-119.0679,Urology,ENT,Specialty Care,37,380,7,1.27,0.16,False,True,In-network,295,True,Hospital_8,4.35,North,1,0.999851
P03509,Provider_3509,City_109,CO,39.9501,-105.3821,Ophthalmology,Ophthalmology,Specialty Care,34,180,33,2.94,0.24,False,True,Out-of-network,445,True,Hospital_9,2.67,West,1,0.99960095
P03510,Provider_3510,City_110,MI,44.7648,-85.1524,Endocrinology,Neurology,Specialty Care,9,400,60,3.03,0.7,False,False,Out-of-network,112,True,Hospital_10,2.14,North,1,0.99957377
P03511,Provider_3511,City_111,OH,40.4173,-82.9071,Psychiatry,Ophthalmology,Specialty Care,17,250,38,3.9,0.82,True,False,Out-of-network,476,False,Hospital_11,4.47,West,1,0.9998808
P03512,Provider_3512,City_112,IL,40.6831,-89.3485,Dermatology,Orthopedics,Specialty Care,38,200,23,2.69,0.48,False,True,Out-of-network,239,False,Hospital_12,2.19,West,1,0.99956197
P03513,Provider_3513,City_113,IL,40.7331,-89.2985,Psychiatry,General Practice,Specialty Care,33,250,24,1.08,0.81,False,True,In-network,207,True,Hospital_13,3.56,South,1,0.99988866
P03514,Provider_3514,City_114,WA,47.9011,-120.5901,Psychiatry,General Practice,Specialty Care,15,250,47,3.78,0.13,False,False,In-network,128,False,Hospital_14,4.3,East,1,0.9998622
P03515,Provider_3515,City_115,FL,28.1944,-81.5603,Cardiology,ENT,Specialty Care,20,500,8,3.19,0.51,False,False,In-network,368,True,Hospital_15,4.47,East,1,0.9990753
P03516,Provider_3516,City_116,NC,36.0096,-78.7693,Pediatrics,Orthopedics,Primary Care,13,150,13,2.1,0.68,True,False,Out-of-network,190,False,Hospital_16,1.58,North,1,0.99956197
P03517,Provider_3517,City_117,AZ,34.3489,-110.7937,Endocrinology,Dermatology,Specialty Care,27,400,9,3.24,0.36,True,False,Out-of-network,244,False,Hospital_17,4.42,South,1,0.9998622
P03518,Provider_3518,City_118,NV,39.1526,-116.0694,Cardiology,Gastroenterology,Specialty Care,10,500,49,1.58,0.0,False,True,Out-of-network,172,False,Hospital_18,3.91,East,1,0.99892586
P03519,Provider_3519,City_119,CO,39.9501,-105.3821,General Practice,Dermatology,Primary Care,16,100,30,4.26,0.67,True,True,Out-of-network,104,True,Hospital_19,1.33,East,1,0.9995641
P03520,Provider_3520,City_120,MI,44.7648,-85.1524,Orthopedics,Endocrinology,Surgical,27,400,49,1.52,0.13,True,True,In-network,253,False,Hospital_20,4.21,North,1,0.9998615
P03521,Provider_3521,City_121,NC,35.7596,-79.0193,Psychiatry,Gastroenterology,Specialty Care,19,250,43,1.92,0.67,True,True,Out-of-network,495,False,Hospital_21,1.67,West,1,0.99952865
P03522,Provider_3522,City_122,WA,47.8011,-120.6901,Psychiatry,Psychiatry,Specialty Care,7,250,27,2.1,0.54,False,False,Out-of-network,218,False,Hospital_22,3.91,North,1,0.99988866
P03523,Provider_3523,City_123,PA,41.3033,-77.0945,Endocrinology,Psychiatry,Specialty Care,31,400,51,3.03,0.78,True,True,In-network,379,False,Hospital_23,2.88,North,1,0.9997875
P03524,Provider_3524,City_124,NC,35.9096,-78.8693,Endocrinology,Orthopedics,Specialty Care,2,400,8,3.63,0.47,True,False,In-network,103,True,Hospital_24,2.89,North,1,0.9997489
P03525,Provider_3525,City_125,NY,43.4994,-74.0179,ENT,General Practice,Specialty Care,21,220,26,2.63,0.11,True,False,Out-of-network,428,False,Hospital_25,3.3,South,1,0.999851
P03526,Provider_3526,City_126,IL,40.8831,-89.1485,Pediatrics,Cardiology,Primary Care,13,150,21,4.68,0.5,False,True,Out-of-network,474,False,Hospital_26,3.16,North,1,0.9998808
P03527,Provider_3527,City_127,NY,43.5994,-73.9179,Orthopedics,Urology,Surgical,5,400,26,4.8,0.87,True,True,Out-of-network,263,False,Hospital_27,3.92,North,1,0.99988925
P03528,Provider_3528,City_128,FL,28.3444,-81.4103,Dermatology,Gastroenterology,Specialty Care,10,200,33,4.32,0.59,True,False,Out-of-network,417,True,Hospital_28,3.89,West,1,0.9998808
P03529,Provider_3529,City_129,CO,39.9501,-105.3821,Neurology,Cardiology,Specialty Care,35,450,46,4.37,0.75,False,True,Out-of-network,289,False,Hospital_29,4.81,North,1,0.9990753
P03530,Provider_3530,City_130,GA,32.6156,-82.4501,Psychiatry,Cardiology,Specialty Care,21,250,22,1.71,0.46,False,True,Out-of-network,150,False,Hospital_30,1.42,West,1,0.99945515
P03531,Provider_3531,City_131,MA,42.4072,-71.3824,Ophthalmology,General Practice,Specialty Care,21,180,35,4.4,0.31,False,True,Out-of-network,218,True,Hospital_31,3.45,West,1,0.9998622
P03532,Provider_3532,City_132,CO,39.6001,-105.7321,General Practice,Urology,Primary Care,22,100,52,3.27,0.93,True,True,In-network,406,True,Hospital_32,4.33,South,1,0.9998808
P03533,Provider_3533,City_133,MI,44.4148,-85.5024,Pediatrics,ENT,Primary Care,7,150,26,2.02,0.93,True,False,Out-of-network,351,True,Hospital_33,3.07,North,1,0.9998802
P03534,Provider_3534,City_134,PA,41.3533,-77.0445,Endocrinology,Urology,Specialty Care,2,400,33,4.32,0.59,False,True,In-network,325,True,Hospital_34,3.53,South,1,0.9998808
P03535,Provider_3535,City_135,WA,47.9511,-120.5401,Neurology,Orthopedics,Specialty Care,30,450,14,2.53,0.14,True,True,In-network,498,True,Hospital_35,4.77,South,1,0.99884427
P03536,Provider_3536,City_136,OH,40.6673,-82.6571,Pediatrics,Neurology,Primary Care,39,150,34,3.24,0.42,False,True,In-network,236,False,Hospital_36,1.75,East,1,0.999458
P03537,Provider_3537,City_137,NY,43.5994,-73.9179,Urology,Urology,Specialty Care,34,380,44,2.27,0.16,True,False,Out-of-network,176,False,Hospital_37,2.78,South,1,0.9997141
P03538,Provider_3538,City_138,CA,37.1283,-119.0679,Neurology,Urology,Specialty Care,17,450,47,3.51,0.06,False,False,In-network,141,False,Hospital_38,4.87,East,1,0.99893135
P03539,Provider_3539,City_139,OH,40.8173,-82.5071,Orthopedics,Orthopedics,Surgical,34,400,15,4.12,0.25,False,True,Out-of-network,334,True,Hospital_39,2.84,South,1,0.9996939
P03540,Provider_3540,City_140,CA,37.2283,-118.9679,Neurology,General Practice,Specialty Care,13,450,32,4.58,0.19,False,False,In-network,65,False,Hospital_40,2.92,East,0,0.013332247
P03541,Provider_3541,City_141,MA,42.4072,-71.3824,Pediatrics,Gastroenterology,Primary Care,17,150,36,2.73,0.65,False,False,In-network,129,False,Hospital_41,1.04,North,1,0.99956197
P03542,Provider_3542,City_142,NY,43.3494,-74.1679,Dermatology,Pediatrics,Specialty Care,11,200,24,4.28,0.56,True,True,Out-of-network,71,False,Hospital_42,4.08,East,1,0.99988925
P03543,Provider_3543,City_143,TX,32.0686,-99.8018,Orthopedics,Cardiology,Surgical,10,400,36,4.6,0.41,True,False,Out-of-network,257,False,Hospital_43,3.52,East,1,0.9998622
P03544,Provider_3544,City_144,MI,44.4648,-85.4524,Urology,Orthopedics,Specialty Care,38,380,50,1.72,0.96,True,False,Out-of-network,449,False,Hospital_44,4.45,West,1,0.9998802
P03545,Provider_3545,City_145,TX,32.1686,-99.7018,Cardiology,Pediatrics,Specialty Care,30,500,17,3.6,0.9,True,False,In-network,292,False,Hospital_45,1.05,North,0,0.002644954
P03546,Provider_3546,City_146,PA,41.4533,-76.9445,Endocrinology,Orthopedics,Specialty Care,8,400,11,2.99,0.31,True,False,In-network,59,True,Hospital_46,1.69,South,1,0.99945515
P03547,Provider_3547,City_147,MI,44.6148,-85.3024,Psychiatry,Urology,Specialty Care,29,250,23,3.51,0.33,True,False,Out-of-network,485,False,Hospital_47,1.94,West,1,0.9994167
P03548,Provider_3548,City_148,NY,43.6494,-73.8679,Psychiatry,Psychiatry,Specialty Care,36,250,35,2.16,0.12,False,True,In-network,397,True,Hospital_48,4.92,West,1,0.999851
P03549,Provider_3549,City_149,NC,36.1596,-78.6193,Neurology,Urology,Specialty Care,21,450,15,2.29,0.12,True,False,Out-of-network,62,True,Hospital_49,4.03,South,1,0.99892586
P03550,Provider_3550,City_150,MA,42.8572,-70.9324,Dermatology,Pediatrics,Specialty Care,9,200,30,2.6,0.61,True,True,In-network,277,False,Hospital_50,1.49,East,1,0.9995629
P03551,Provider_3551,City_151,WA,47.7511,-120.7401,Cardiology,Pediatrics,Specialty Care,1,500,56,4.71,0.73,True,False,In-network,361,True,Hospital_51,4.37,South,1,0.9990753
P03552,Provider_3552,City_152,MI,44.3648,-85.5524,Ophthalmology,Endocrinology,Specialty Care,25,180,29,2.76,0.75,False,True,Out-of-network,306,True,Hospital_52,3.12,East,1,0.9998802
P03553,Provider_3553,City_153,MA,42.5072,-71.2824,Neurology,Endocrinology,Specialty Care,21,450,48,1.09,0.79,False,True,Out-of-network,258,True,Hospital_53,3.97,East,1,0.9991364
P03554,Provider_3554,City_154,TX,32.1186,-99.7518,Orthopedics,Ophthalmology,Surgical,14,400,5,4.86,0.97,True,False,In-network,439,True,Hospital_54,3.34,South,1,0.9998808
P03555,Provider_3555,City_155,TX,32.1686,-99.7018,General Practice,Neurology,Primary Care,34,100,14,4.75,0.86,False,True,Out-of-network,383,False,Hospital_55,2.88,South,1,0.99978274
P03556,Provider_3556,City_156,CO,39.8001,-105.5321,Cardiology,Endocrinology,Specialty Care,14,500,40,2.07,0.08,True,False,In-network,108,True,Hospital_56,4.84,East,1,0.99892586
P03557,Provider_3557,City_157,PA,41.5033,-76.8945,Endocrinology,General Practice,Specialty Care,13,400,58,1.56,0.96,False,True,Out-of-network,220,False,Hospital_57,1.33,West,1,0.99956197
P03558,Provider_3558,City_158,OH,40.7673,-82.5571,ENT,ENT,Specialty Care,22,220,11,5.0,0.36,True,False,Out-of-network,294,False,Hospital_58,3.58,West,1,0.9998517
P03559,Provider_3559,City_159,AZ,34.4489,-110.6937,Endocrinology,Neurology,Specialty Care,18,400,54,1.85,0.19,False,False,Out-of-network,480,True,Hospital_59,1.38,North,1,0.9994137
P03560,Provider_3560,City_160,WA,48.2011,-120.2901,Dermatology,Pediatrics,Specialty Care,40,200,9,2.01,0.52,True,True,Out-of-network,459,True,Hospital_60,1.92,South,1,0.99952865
P03561,Provider_3561,City_161,MI,44.3148,-85.6024,ENT,General Practice,Specialty Care,8,220,49,3.11,0.5,False,False,Out-of-network,410,False,Hospital_61,1.73,East,1,0.99953103
P03562,Provider_3562,City_162,NV,38.8526,-116.3694,Psychiatry,Urology,Specialty Care,37,250,48,1.62,0.79,False,False,Out-of-network,186,True,Hospital_62,1.46,South,1,0.99956197
P03563,Provider_3563,City_163,OH,40.5173,-82.8071,Ophthalmology,Neurology,Specialty Care,9,180,12,4.32,0.37,False,False,Out-of-network,411,False,Hospital_63,4.74,East,1,0.9998517
P03564,Provider_3564,City_164,FL,28.1444,-81.6103,Urology,Neurology,Specialty Care,12,380,39,1.47,0.5,True,False,In-network,286,True,Hospital_64,4.26,East,1,0.9998802
P03565,Provider_3565,City_165,NY,43.4994,-74.0179,Pediatrics,Gastroenterology,Primary Care,5,150,12,3.14,0.45,True,False,In-network,263,True,Hospital_65,2.42,North,1,0.999458
P03566,Provider_3566,City_166,GA,32.4156,-82.6501,Gastroenterology,Pediatrics,Specialty Care,17,420,26,3.41,0.17,True,False,Out-of-network,359,True,Hospital_66,4.37,North,1,0.9998517
P03567,Provider_3567,City_167,IL,40.9331,-89.0985,Endocrinology,Pediatrics,Specialty Care,10,400,23,1.69,0.57,False,False,In-network,240,False,Hospital_67,3.98,South,1,0.99988866
P03568,Provider_3568,City_168,CO,39.9001,-105.4321,Gastroenterology,Endocrinology,Specialty Care,29,420,30,1.73,0.6,False,True,In-network,182,False,Hospital_68,1.93,North,1,0.99956197
P03569,Provider_3569,City_169,FL,28.3944,-81.3603,Pediatrics,Psychiatry,Primary Care,26,150,34,3.51,0.52,False,False,In-network,465,False,Hospital_69,1.48,West,1,0.99953103
P03570,Provider_3570,City_170,NY,43.7494,-73.7679,Ophthalmology,Cardiology,Specialty Care,25,180,41,2.75,0.78,True,True,Out-of-network,462,True,Hospital_70,2.53,North,1,0.99952865
P03571,Provider_3571,City_171,AZ,34.0489,-111.0937,General Practice,Psychiatry,Primary Care,22,100,48,2.65,0.85,False,True,Out-of-network,55,False,Hospital_71,4.19,South,1,0.99988866
P03572,Provider_3572,City_172,AZ,34.0989,-111.0437,Pediatrics,General Practice,Primary Care,3,150,42,1.57,0.95,False,False,Out-of-network,442,True,Hospital_72,2.81,East,1,0.9997526
P03573,Provider_3573,City_173,CO,39.6501,-105.6821,Gastroenterology,Psychiatry,Specialty Care,40,420,39,4.72,0.34,True,True,Out-of-network,57,True,Hospital_73,4.79,North,1,0.9998622
P03574,Provider_3574,City_174,OH,40.5673,-82.7571,Pediatrics,Urology,Primary Care,16,150,41,4.82,0.69,True,False,Out-of-network,341,True,Hospital_74,1.89,North,1,0.99953103
P03575,Provider_3575,City_175,IL,40.8331,-89.1985,Pediatrics,ENT,Primary Care,26,150,53,1.93,0.07,False,False,In-network,480,False,Hospital_75,4.08,West,1,0.999851
P03576,Provider_3576,City_176,OH,40.6673,-82.6571,Urology,General Practice,Specialty Care,4,380,38,3.43,0.24,False,False,Out-of-network,85,True,Hospital_76,2.35,West,1,0.999458
P03577,Provider_3577,City_177,MI,44.6148,-85.3024,Urology,Neurology,Specialty Care,10,380,60,2.44,0.25,True,True,Out-of-network,177,True,Hospital_77,2.79,South,1,0.9997141
P03578,Provider_3578,City_178,TX,32.3186,-99.5518,Pediatrics,Pediatrics,Primary Care,35,150,55,4.65,0.56,True,True,In-network,221,True,Hospital_78,4.82,East,1,0.99988925
P03579,Provider_3579,City_179,AZ,34.4489,-110.6937,Neurology,Neurology,Specialty Care,16,450,49,1.05,0.2,False,True,Out-of-network,387,False,Hospital_79,2.26,West,0,0.0021167668
P03580,Provider_3580,City_180,NV,39.2526,-115.9694,General Practice,General Practice,Primary Care,13,100,37,3.25,0.99,True,True,Out-of-network,417,False,Hospital_80,4.65,East,1,0.9998808
P03581,Provider_3581,City_181,GA,32.1656,-82.9001,Pediatrics,Endocrinology,Primary Care,13,150,16,2.52,0.45,True,True,Out-of-network,200,True,Hospital_81,2.56,South,1,0.99962914
P03582,Provider_3582,City_182,FL,28.0444,-81.7103,Dermatology,General Practice,Specialty Care,13,200,47,4.06,0.47,False,False,Out-of-network,167,True,Hospital_82,3.37,South,1,0.9998622
P03583,Provider_3583,City_183,NV,38.9026,-116.3194,Neurology,Cardiology,Specialty Care,21,450,34,4.08,0.23,False,True,In-network,263,True,Hospital_83,2.15,West,0,0.002289136
P03584,Provider_3584,City_184,TX,32.1186,-99.7518,Gastroenterology,ENT,Specialty Care,22,420,29,3.36,0.09,False,True,Out-of-network,301,True,Hospital_84,3.92,West,1,0.9998517
P03585,Provider_3585,City_185,PA,41.4033,-76.9945,Gastroenterology,Endocrinology,Specialty Care,19,420,40,2.32,0.52,True,True,Out-of-network,280,False,Hospital_85,2.24,West,1,0.9995629
P03586,Provider_3586,City_186,TX,32.2186,-99.6518,ENT,Cardiology,Specialty Care,26,220,20,1.93,0.21,True,False,In-network,61,False,Hospital_86,3.42,West,1,0.9998615
P03587,Provider_3587,City_187,MA,42.7072,-71.0824,Neurology,Ophthalmology,Specialty Care,23,450,43,4.1,0.22,True,True,Out-of-network,221,True,Hospital_87,2.88,East,0,0.013332247
P03588,Provider_3588,City_188,NC,36.1096,-78.6693,General Practice,Orthopedics,Primary Care,20,100,6,2.08,0.58,False,False,In-network,436,True,Hospital_88,2.82,West,1,0.9997526
P03589,Provider_3589,City_189,MA,42.8072,-70.9824,Psychiatry,Cardiology,Specialty Care,18,250,50,2.45,0.7,True,False,Out-of-network,308,True,Hospital_89,1.01,East,1,0.99952865
P03590,Provider_3590,City_190,NV,39.2526,-115.9694,Orthopedics,Pediatrics,Surgical,37,400,51,3.22,0.6,False,False,Out-of-network,77,False,Hospital_90,1.33,East,1,0.9995641
P03591,Provider_3591,City_191,CA,36.7783,-119.4179,Urology,Pediatrics,Specialty Care,10,380,55,2.92,0.79,True,True,Out-of-network,247,False,Hospital_91,4.2,North,1,0.99988866
P03592,Provider_3592,City_192,OH,40.4673,-82.8571,Psychiatry,Psychiatry,Specialty Care,38,250,48,4.29,0.5,False,False,Out-of-network,190,True,Hospital_92,4.63,East,1,0.99988925
P03593,Provider_3593,City_193,TX,32.0686,-99.8018,Dermatology,Psychiatry,Specialty Care,38,200,5,2.62,0.81,True,False,In-network,62,True,Hospital_93,1.61,South,1,0.99956197
P03594,Provider_3594,City_194,NC,35.9096,-78.8693,Pediatrics,Neurology,Primary Care,35,150,43,3.92,0.63,True,False,In-network,157,False,Hospital_94,1.02,West,1,0.9995641
P03595,Provider_3595,City_195,PA,41.4033,-76.9945,Psychiatry,Psychiatry,Specialty Care,11,250,34,2.21,0.87,False,True,In-network,78,True,Hospital_95,3.63,West,1,0.99988866
P03596,Provider_3596,City_196,MI,44.5648,-85.3524,Psychiatry,Ophthalmology,Specialty Care,2,250,24,1.04,0.84,True,False,In-network,91,False,Hospital_96,2.5,East,1,0.99956197
P03597,Provider_3597,City_197,PA,41.5033,-76.8945,Urology,Pediatrics,Specialty Care,28,380,30,4.31,0.72,False,True,Out-of-network,126,True,Hospital_97,3.29,North,1,0.99988925
P03598,Provider_3598,City_198,NC,36.1096,-78.6693,Pediatrics,Orthopedics,Primary Care,37,150,60,1.42,0.19,True,False,In-network,353,False,Hospital_98,3.65,East,1,0.999851
P03599,Provider_3599,City_199,MI,44.7148,-85.2024,Dermatology,Neurology,Specialty Care,2,200,21,4.68,0.5,False,False,In-network,99,False,Hospital_99,2.39,West,1,0.9995641
P03600,Provider_3600,City_200,PA,41.6533,-76.7445,Ophthalmology,Gastroenterology,Specialty Care,16,180,57,4.58,0.01,False,False,In-network,366,False,Hospital_100,3.45,South,1,0.9998517
P03601,Provider_3601,City_1,WA,47.7511,-120.7401,Neurology,Dermatology,Specialty Care,27,450,15,4.93,0.13,False,False,Out-of-network,482,True,Hospital_1,3.04,North,1,0.9988501
P03602,Provider_3602,City_2,GA,32.2156,-82.8501,Neurology,Neurology,Specialty Care,25,450,60,2.99,0.25,False,False,In-network,453,False,Hospital_2,2.97,South,0,0.014493081
P03603,Provider_3603,City_3,MI,44.4148,-85.5024,Psychiatry,Cardiology,Specialty Care,16,250,44,2.68,0.39,False,False,Out-of-network,373,False,Hospital_3,4.86,South,1,0.999851
P03604,Provider_3604,City_4,PA,41.3533,-77.0445,Orthopedics,Neurology,Surgical,22,400,27,4.92,0.69,True,True,In-network,500,False,Hospital_4,3.88,West,1,0.9998808
P03605,Provider_3605,City_5,GA,32.3656,-82.7001,Neurology,Pediatrics,Specialty Care,14,450,12,4.26,0.99,True,True,In-network,467,False,Hospital_5,1.03,East,0,0.002644954
P03606,Provider_3606,City_6,AZ,34.2989,-110.8437,Urology,Ophthalmology,Specialty Care,30,380,54,1.14,0.31,True,True,In-network,158,False,Hospital_6,4.66,North,1,0.9998615
P03607,Provider_3607,City_7,NY,43.5994,-73.9179,Endocrinology,Endocrinology,Specialty Care,1,400,57,4.39,0.11,False,True,In-network,396,False,Hospital_7,3.39,East,1,0.9998517
P03608,Provider_3608,City_8,AZ,34.3989,-110.7437,Ophthalmology,Orthopedics,Specialty Care,40,180,11,4.57,0.37,True,False,In-network,444,True,Hospital_8,2.05,East,1,0.9994167
P03609,Provider_3609,City_9,MA,42.8072,-70.9824,Psychiatry,Neurology,Specialty Care,23,250,10,3.05,0.71,False,True,In-network,116,False,Hospital_9,3.33,South,1,0.99989164
P03610,Provider_3610,City_10,NC,36.2096,-78.5693,Pediatrics,General Practice,Primary Care,14,150,15,1.28,0.18,True,True,In-network,67,True,Hospital_10,3.93,East,1,0.9998615
P03611,Provider_3611,City_11,CA,36.7783,-119.4179,Orthopedics,Psychiatry,Surgical,5,400,33,2.24,0.98,True,True,Out-of-network,254,True,Hospital_11,2.73,West,1,0.9997224
P03612,Provider_3612,City_12,NY,43.3494,-74.1679,General Practice,Cardiology,Primary Care,3,100,30,1.31,0.11,True,True,Out-of-network,212,True,Hospital_12,3.35,East,1,0.9998615
P03613,Provider_3613,City_13,NV,38.9026,-116.3194,Gastroenterology,General Practice,Specialty Care,39,420,47,1.68,0.99,False,False,In-network,329,True,Hospital_13,2.08,East,1,0.99952865
P03614,Provider_3614,City_14,GA,32.3156,-82.7501,Urology,ENT,Specialty Care,38,380,8,1.76,0.31,False,True,In-network,368,False,Hospital_14,2.41,East,1,0.9994137
P03615,Provider_3615,City_15,MA,42.6072,-71.1824,Psychiatry,Cardiology,Specialty Care,6,250,52,3.9,0.2,True,True,Out-of-network,167,False,Hospital_15,3.08,West,1,0.9998622
P03616,Provider_3616,City_16,WA,48.0011,-120.4901,Dermatology,Gastroenterology,Specialty Care,17,200,41,2.95,0.59,False,True,In-network,394,True,Hospital_16,2.79,South,1,0.9997526
P03617,Provider_3617,City_17,WA,48.0511,-120.4401,Orthopedics,Neurology,Surgical,32,400,27,3.81,0.34,True,True,Out-of-network,222,True,Hospital_17,1.39,South,1,0.999458
P03618,Provider_3618,City_18,IL,40.9831,-89.0485,Dermatology,Urology,Specialty Care,13,200,21,2.29,0.94,True,True,In-network,415,False,Hospital_18,3.69,West,1,0.9998802
P03619,Provider_3619,City_19,GA,32.5656,-82.5001,Urology,General Practice,Specialty Care,38,380,57,2.27,0.65,True,True,Out-of-network,232,False,Hospital_19,3.83,East,1,0.99988866
P03620,Provider_3620,City_20,CO,40.0001,-105.3321,Gastroenterology,Cardiology,Specialty Care,31,420,36,2.8,0.89,False,False,In-network,110,False,Hospital_20,2.4,North,1,0.99956197
P03621,Provider_3621,City_21,NY,43.2994,-74.2179,Ophthalmology,Endocrinology,Specialty Care,26,180,11,1.47,0.55,False,False,In-network,375,False,Hospital_21,4.73,East,1,0.9998802
P03622,Provider_3622,City_22,NC,35.8096,-78.9693,Psychiatry,Orthopedics,Specialty Care,8,250,36,1.4,0.54,False,True,In-network,384,True,Hospital_22,1.78,South,1,0.99952865
P03623,Provider_3623,City_23,NY,43.3994,-74.1179,Psychiatry,Ophthalmology,Specialty Care,7,250,28,3.86,0.09,True,True,Out-of-network,455,False,Hospital_23,3.65,West,1,0.9998517
P03624,Provider_3624,City_24,CA,36.9283,-119.2679,General Practice,Dermatology,Primary Care,14,100,30,3.75,0.99,False,True,Out-of-network,482,True,Hospital_24,1.38,West,1,0.99953103
P03625,Provider_3625,City_25,NY,43.4994,-74.0179,ENT,Orthopedics,Specialty Care,35,220,27,4.77,0.3,True,True,In-network,386,False,Hospital_25,2.11,North,1,0.9994167
P03626,Provider_3626,City_26,NY,43.5494,-73.9679,Dermatology,ENT,Specialty Care,35,200,26,2.85,0.7,False,True,In-network,150,False,Hospital_26,3.53,South,1,0.99988866
P03627,Provider_3627,City_27,AZ,34.3489,-110.7937,Urology,Neurology,Specialty Care,10,380,28,2.07,0.49,False,False,Out-of-network,370,False,Hospital_27,2.91,West,1,0.99978167
P03628,Provider_3628,City_28,TX,32.3186,-99.5518,Neurology,Endocrinology,Specialty Care,32,450,20,4.55,0.3,True,True,In-network,246,False,Hospital_28,3.93,North,1,0.99893135
P03629,Provider_3629,City_29,MA,42.8072,-70.9824,Psychiatry,Neurology,Specialty Care,18,250,25,1.67,0.7,False,False,Out-of-network,429,False,Hospital_29,2.03,East,1,0.99952865
P03630,Provider_3630,City_30,NV,39.2526,-115.9694,Dermatology,Dermatology,Specialty Care,8,200,36,1.49,0.11,False,True,In-network,185,True,Hospital_30,3.15,West,1,0.9998615
P03631,Provider_3631,City_31,CO,39.5501,-105.7821,Cardiology,Urology,Specialty Care,34,500,8,4.96,0.72,True,False,In-network,392,True,Hospital_31,1.38,East,0,0.002644954
P03632,Provider_3632,City_32,NV,38.8526,-116.3694,Endocrinology,Gastroenterology,Specialty Care,22,400,30,1.44,0.47,True,False,Out-of-network,124,True,Hospital_32,1.45,West,1,0.99945515
P03633,Provider_3633,City_33,NV,38.9026,-116.3194,Neurology,Ophthalmology,Specialty Care,31,450,38,4.34,0.39,False,True,Out-of-network,182,False,Hospital_33,3.47,West,1,0.99893135
P03634,Provider_3634,City_34,PA,41.3533,-77.0445,Ophthalmology,General Practice,Specialty Care,11,180,26,2.92,0.27,False,True,Out-of-network,78,True,Hospital_34,3.68,West,1,0.9998615
P03635,Provider_3635,City_35,FL,28.1944,-81.5603,Ophthalmology,Ophthalmology,Specialty Care,7,180,55,3.79,0.48,True,False,Out-of-network,492,False,Hospital_35,2.32,North,1,0.99953103
P03636,Provider_3636,City_36,AZ,34.2989,-110.8437,Dermatology,Psychiatry,Specialty Care,38,200,34,2.95,0.38,True,False,Out-of-network,173,True,Hospital_36,1.35,North,1,0.99945515
P03637,Provider_3637,City_37,NY,43.5994,-73.9179,Urology,Urology,Specialty Care,6,380,19,3.22,0.21,True,False,Out-of-network,365,True,Hospital_37,1.43,South,1,0.9994167
P03638,Provider_3638,City_38,OH,40.7673,-82.5571,Dermatology,Endocrinology,Specialty Care,26,200,55,2.84,0.39,True,True,In-network,151,True,Hospital_38,4.0,East,1,0.9998615
P03639,Provider_3639,City_39,NY,43.6994,-73.8179,General Practice,Gastroenterology,Primary Care,18,100,5,4.89,0.51,False,True,Out-of-network,469,True,Hospital_39,1.14,West,1,0.99953103
P03640,Provider_3640,City_40,TX,32.4186,-99.4518,Neurology,Orthopedics,Specialty Care,11,450,5,1.86,0.96,True,True,Out-of-network,465,True,Hospital_40,1.77,West,0,0.0026315362
P03641,Provider_3641,City_41,NC,35.7596,-79.0193,Dermatology,General Practice,Specialty Care,1,200,42,4.7,0.15,False,False,In-network,141,True,Hospital_41,1.1,North,1,0.999458
P03642,Provider_3642,City_42,WA,47.8011,-120.6901,Orthopedics,Dermatology,Surgical,8,400,54,2.72,0.57,False,False,Out-of-network,452,True,Hospital_42,2.47,East,1,0.99952865
P03643,Provider_3643,City_43,FL,28.0944,-81.6603,Ophthalmology,Orthopedics,Specialty Care,1,180,25,1.74,1.0,True,True,In-network,444,True,Hospital_43,3.33,South,1,0.9998802
P03644,Provider_3644,City_44,CO,39.7001,-105.6321,Urology,ENT,Specialty Care,34,380,42,1.62,0.36,True,False,In-network,216,True,Hospital_44,1.45,South,1,0.99945515
P03645,Provider_3645,City_45,CO,39.7501,-105.5821,Dermatology,Ophthalmology,Specialty Care,31,200,55,4.8,0.45,False,True,Out-of-network,306,True,Hospital_45,2.38,South,1,0.9994167
P03646,Provider_3646,City_46,FL,28.2444,-81.5103,Dermatology,Neurology,Specialty Care,27,200,34,2.57,0.83,False,False,In-network,191,True,Hospital_46,1.68,South,1,0.99956197
P03647,Provider_3647,City_47,NY,43.5994,-73.9179,ENT,Cardiology,Specialty Care,25,220,21,2.39,0.86,True,False,Out-of-network,223,False,Hospital_47,4.4,East,1,0.99988866
P03648,Provider_3648,City_48,NY,43.6494,-73.8679,Pediatrics,ENT,Primary Care,2,150,57,4.26,0.73,False,True,Out-of-network,348,False,Hospital_48,3.41,North,1,0.9998808
P03649,Provider_3649,City_49,TX,32.3686,-99.5018,Urology,Urology,Specialty Care,21,380,30,1.3,0.7,True,False,Out-of-network,109,False,Hospital_49,4.06,North,1,0.99988866
P03650,Provider_3650,City_50,IL,41.0831,-88.9485,Neurology,Neurology,Specialty Care,23,450,5,1.7,0.28,True,True,In-network,362,False,Hospital_50,1.58,East,0,0.0021167668
P03651,Provider_3651,City_51,TX,31.9686,-99.9018,General Practice,Orthopedics,Primary Care,27,100,24,4.7,0.81,False,True,Out-of-network,72,True,Hospital_51,1.7,South,1,0.9995641
P03652,Provider_3652,City_52,IL,40.6831,-89.3485,Pediatrics,Ophthalmology,Primary Care,4,150,12,2.83,0.31,True,True,Out-of-network,212,False,Hospital_52,1.17,West,1,0.99945515
P03653,Provider_3653,City_53,WA,47.8511,-120.6401,Dermatology,ENT,Specialty Care,12,200,50,1.13,0.04,True,False,In-network,174,False,Hospital_53,3.22,South,1,0.9998615
P03654,Provider_3654,City_54,GA,32.3156,-82.7501,Cardiology,ENT,Specialty Care,25,500,26,4.42,0.21,False,False,Out-of-network,126,False,Hospital_54,3.26,West,1,0.99893135
P03655,Provider_3655,City_55,CO,39.7501,-105.5821,Pediatrics,Endocrinology,Primary Care,26,150,57,2.43,0.13,False,True,Out-of-network,116,False,Hospital_55,2.18,North,1,0.99945515
P03656,Provider_3656,City_56,NC,36.0096,-78.7693,Neurology,Gastroenterology,Specialty Care,22,450,44,1.98,0.55,False,False,Out-of-network,340,True,Hospital_56,4.2,East,1,0.9990707
P03657,Provider_3657,City_57,TX,32.2686,-99.6018,Gastroenterology,Cardiology,Specialty Care,17,420,28,1.64,0.01,False,True,In-network,265,False,Hospital_57,3.07,East,1,0.9998615
P03658,Provider_3658,City_58,OH,40.7673,-82.5571,Neurology,Psychiatry,Specialty Care,37,450,17,2.96,0.08,False,True,Out-of-network,377,False,Hospital_58,1.57,West,0,0.0021167668
P03659,Provider_3659,City_59,NV,39.2026,-116.0194,Pediatrics,Pediatrics,Primary Care,2,150,47,1.66,0.59,False,False,In-network,151,False,Hospital_59,1.66,North,1,0.99956197
P03660,Provider_3660,City_60,AZ,34.4989,-110.6437,Dermatology,General Practice,Specialty Care,17,200,22,1.73,0.17,False,True,In-network,214,False,Hospital_60,4.04,North,1,0.9998615
P03661,Provider_3661,City_61,OH,40.4173,-82.9071,Pediatrics,General Practice,Primary Care,38,150,41,4.07,0.7,False,False,In-network,301,True,Hospital_61,3.71,East,1,0.9998808
P03662,Provider_3662,City_62,OH,40.4673,-82.8571,Pediatrics,Orthopedics,Primary Care,32,150,32,2.29,0.52,False,True,Out-of-network,479,False,Hospital_62,2.21,East,1,0.99952865
P03663,Provider_3663,City_63,AZ,34.1489,-110.9937,Urology,Endocrinology,Specialty Care,19,380,5,4.33,0.2,True,True,Out-of-network,357,True,Hospital_63,4.84,East,1,0.9998517
P03664,Provider_3664,City_64,MI,44.4648,-85.4524,Cardiology,General Practice,Specialty Care,2,500,49,3.04,0.4,False,False,Out-of-network,71,False,Hospital_64,1.34,West,0,0.0023402772
P03665,Provider_3665,City_65,OH,40.6173,-82.7071,Cardiology,Orthopedics,Specialty Care,18,500,7,2.0,0.86,False,False,In-network,429,True,Hospital_65,3.86,North,1,0.9990707
P03666,Provider_3666,City_66,NC,36.0096,-78.7693,Cardiology,Orthopedics,Specialty Care,4,500,11,1.23,0.85,False,True,In-network,101,True,Hospital_66,3.48,South,1,0.9991364
P03667,Provider_3667,City_67,NY,43.5994,-73.9179,Cardiology,Orthopedics,Specialty Care,24,500,25,2.6,0.85,True,False,In-network,297,True,Hospital_67,4.21,South,1,0.9990707
P03668,Provider_3668,City_68,NY,43.6494,-73.8679,Neurology,Psychiatry,Specialty Care,31,450,29,4.01,0.33,True,False,Out-of-network,303,False,Hospital_68,3.46,South,1,0.9988501
P03669,Provider_3669,City_69,OH,40.8173,-82.5071,Neurology,ENT,Specialty Care,19,450,25,4.29,0.32,False,True,Out-of-network,482,False,Hospital_69,1.67,North,0,0.0021275654
P03670,Provider_3670,City_70,NY,43.7494,-73.7679,General Practice,Psychiatry,Primary Care,32,100,42,2.85,0.05,False,True,Out-of-network,251,True,Hospital_70,3.37,East,1,0.9998615
P03671,Provider_3671,City_71,CO,39.5501,-105.7821,Neurology,Dermatology,Specialty Care,23,450,36,3.22,0.08,False,False,In-network,393,True,Hospital_71,2.73,East,0,0.0051501915
P03672,Provider_3672,City_72,CO,39.6001,-105.7321,Urology,Dermatology,Specialty Care,35,380,18,1.64,0.86,True,True,Out-of-network,203,True,Hospital_72,3.19,East,1,0.99988866
P03673,Provider_3673,City_73,NC,35.8596,-78.9193,General Practice,General Practice,Primary Care,36,100,34,3.2,0.01,True,False,Out-of-network,137,True,Hospital_73,1.23,South,1,0.999458
P03674,Provider_3674,City_74,FL,28.1444,-81.6103,Gastroenterology,Endocrinology,Specialty Care,37,420,53,1.66,0.34,True,True,In-network,137,False,Hospital_74,3.78,East,1,0.9998615
P03675,Provider_3675,City_75,CO,39.7501,-105.5821,Urology,Gastroenterology,Specialty Care,18,380,53,1.55,1.0,True,False,Out-of-network,386,False,Hospital_75,2.73,South,1,0.9997013
P03676,Provider_3676,City_76,FL,28.2444,-81.5103,ENT,Urology,Specialty Care,40,220,41,2.21,0.12,False,False,In-network,385,True,Hospital_76,1.35,South,1,0.9994137
P03677,Provider_3677,City_77,FL,28.2944,-81.4603,General Practice,Psychiatry,Primary Care,23,100,39,4.74,0.32,False,True,Out-of-network,84,True,Hospital_77,3.84,West,1,0.9998622
P03678,Provider_3678,City_78,OH,40.7673,-82.5571,Psychiatry,Endocrinology,Specialty Care,30,250,36,1.88,0.27,False,False,Out-of-network,435,False,Hospital_78,1.0,South,1,0.9994137
P03679,Provider_3679,City_79,OH,40.8173,-82.5071,ENT,Neurology,Specialty Care,16,220,23,4.52,0.85,True,False,Out-of-network,442,True,Hospital_79,3.42,East,1,0.9998808
P03680,Provider_3680,City_80,TX,32.4186,-99.4518,General Practice,ENT,Primary Care,24,100,40,3.02,0.52,False,False,In-network,489,True,Hospital_80,3.43,North,1,0.9998834
P03681,Provider_3681,City_81,PA,41.2033,-77.1945,Neurology,Psychiatry,Specialty Care,35,450,41,4.19,0.07,True,False,In-network,57,False,Hospital_81,1.11,North,0,0.002289136
P03682,Provider_3682,City_82,CA,36.8283,-119.3679,ENT,Pediatrics,Specialty Care,27,220,53,4.07,0.25,True,True,In-network,227,True,Hospital_82,4.76,East,1,0.9998622
P03683,Provider_3683,City_83,CA,36.8783,-119.3179,Pediatrics,General Practice,Primary Care,36,150,53,2.5,0.29,True,False,In-network,186,True,Hospital_83,1.1,East,1,0.99945515
P03684,Provider_3684,City_84,CA,36.9283,-119.2679,ENT,ENT,Specialty Care,25,220,52,4.35,0.65,False,True,Out-of-network,455,False,Hospital_84,3.29,South,1,0.9998808
P03685,Provider_3685,City_85,CA,36.9783,-119.2179,Neurology,Gastroenterology,Specialty Care,27,450,42,1.86,0.8,False,True,Out-of-network,151,False,Hospital_85,3.09,South,1,0.9991364
P03686,Provider_3686,City_86,MA,42.6572,-71.1324,Dermatology,Dermatology,Specialty Care,21,200,23,4.44,0.22,False,False,In-network,315,True,Hospital_86,1.12,East,1,0.9994167
P03687,Provider_3687,City_87,NC,36.0596,-78.7193,Gastroenterology,Cardiology,Specialty Care,18,420,21,3.28,0.73,True,False,Out-of-network,387,True,Hospital_87,2.25,South,1,0.99953103
P03688,Provider_3688,City_88,OH,40.7673,-82.5571,ENT,General Practice,Specialty Care,3,220,35,1.35,0.51,False,True,In-network,282,False,Hospital_88,2.02,South,1,0.9995629
P03689,Provider_3689,City_89,AZ,34.4489,-110.6937,Pediatrics,Ophthalmology,Primary Care,25,150,27,2.75,0.65,True,True,Out-of-network,433,False,Hospital_89,2.56,West,1,0.9996792
P03690,Provider_3690,City_90,NC,36.2096,-78.5693,Endocrinology,ENT,Specialty Care,18,400,7,2.78,0.93,False,True,In-network,339,False,Hospital_90,1.78,East,1,0.99952865
P03691,Provider_3691,City_91,OH,40.4173,-82.9071,Psychiatry,Orthopedics,Specialty Care,5,250,34,1.72,0.52,False,True,Out-of-network,405,False,Hospital_91,3.36,East,1,0.9998802
P03692,Provider_3692,City_92,NY,43.3494,-74.1679,Dermatology,Endocrinology,Specialty Care,27,200,38,1.28,0.33,True,True,Out-of-network,468,True,Hospital_92,3.74,South,1,0.999851
P03693,Provider_3693,City_93,GA,32.2656,-82.8001,Orthopedics,Gastroenterology,Surgical,27,400,33,4.36,0.8,False,True,Out-of-network,446,False,Hospital_93,1.53,South,1,0.99953103
P03694,Provider_3694,City_94,CA,36.9283,-119.2679,ENT,Gastroenterology,Specialty Care,21,220,12,3.28,0.82,False,False,In-network,457,False,Hospital_94,1.69,West,1,0.99953103
P03695,Provider_3695,City_95,NV,39.0026,-116.2194,Cardiology,Cardiology,Specialty Care,29,500,31,2.47,0.86,True,False,In-network,269,False,Hospital_95,2.97,East,0,0.019304326
P03696,Provider_3696,City_96,IL,40.8831,-89.1485,Endocrinology,ENT,Specialty Care,14,400,36,3.97,0.38,True,True,Out-of-network,147,False,Hospital_96,2.68,West,1,0.99963105
P03697,Provider_3697,City_97,CA,37.0783,-119.1179,Urology,Urology,Specialty Care,32,380,46,2.47,0.32,False,True,Out-of-network,104,False,Hospital_97,2.87,North,1,0.9997477
P03698,Provider_3698,City_98,OH,40.7673,-82.5571,Gastroenterology,Pediatrics,Specialty Care,16,420,27,1.47,0.07,False,False,In-network,335,True,Hospital_98,4.9,South,1,0.999851
P03699,Provider_3699,City_99,MA,42.8072,-70.9824,Neurology,Psychiatry,Specialty Care,21,450,43,1.22,0.72,False,False,Out-of-network,354,False,Hospital_99,1.45,East,0,0.0026315362
P03700,Provider_3700,City_100,WA,48.2011,-120.2901,Gastroenterology,Orthopedics,Specialty Care,20,420,20,3.09,0.79,False,True,Out-of-network,391,True,Hospital_100,2.66,South,1,0.99968076
P03701,Provider_3701,City_101,AZ,34.0489,-111.0937,Urology,Gastroenterology,Specialty Care,2,380,51,1.5,0.52,False,True,In-network,67,True,Hospital_1,1.67,West,1,0.99956197
P03702,Provider_3702,City_102,IL,40.6831,-89.3485,General Practice,Pediatrics,Primary Care,39,100,60,2.65,0.16,True,True,Out-of-network,96,False,Hospital_2,3.16,East,1,0.9998615
P03703,Provider_3703,City_103,MI,44.4148,-85.5024,Gastroenterology,Dermatology,Specialty Care,12,420,53,2.26,0.16,False,False,Out-of-network,376,False,Hospital_3,1.92,West,1,0.9994137
P03704,Provider_3704,City_104,FL,28.1444,-81.6103,Pediatrics,Urology,Primary Care,19,150,39,2.27,0.18,True,False,In-network,338,False,Hospital_4,3.7,West,1,0.999851
P03705,Provider_3705,City_105,CA,36.9783,-119.2179,Psychiatry,Endocrinology,Specialty Care,4,250,40,4.31,0.33,True,False,Out-of-network,58,False,Hospital_5,4.21,West,1,0.9998622
P03706,Provider_3706,City_106,TX,32.2186,-99.6518,Psychiatry,Neurology,Specialty Care,31,250,7,3.02,0.1,False,False,In-network,248,False,Hospital_6,3.4,East,1,0.9998652
P03707,Provider_3707,City_107,PA,41.5033,-76.8945,Ophthalmology,Urology,Specialty Care,8,180,39,3.7,0.78,False,False,Out-of-network,296,False,Hospital_7,2.05,North,1,0.99953103
P03708,Provider_3708,City_108,IL,40.9831,-89.0485,Cardiology,Dermatology,Specialty Care,31,500,13,1.52,0.91,True,True,Out-of-network,194,True,Hospital_8,1.81,North,0,0.0028312707
P03709,Provider_3709,City_109,TX,32.3686,-99.5018,Gastroenterology,ENT,Specialty Care,6,420,44,1.54,0.07,True,True,In-network,165,True,Hospital_9,4.81,North,1,0.9998615
P03710,Provider_3710,City_110,MA,42.8572,-70.9324,Gastroenterology,Psychiatry,Specialty Care,33,420,32,4.96,0.8,False,True,In-network,419,True,Hospital_10,4.17,East,1,0.9998808
P03711,Provider_3711,City_111,CO,39.5501,-105.7821,Psychiatry,Orthopedics,Specialty Care,8,250,29,1.79,0.33,False,True,In-network,113,True,Hospital_11,3.78,West,1,0.9998615
P03712,Provider_3712,City_112,NY,43.3494,-74.1679,Dermatology,Endocrinology,Specialty Care,30,200,53,1.98,0.38,False,True,In-network,106,False,Hospital_12,1.6,North,1,0.99945515
P03713,Provider_3713,City_113,NV,38.9026,-116.3194,Pediatrics,Dermatology,Primary Care,28,150,11,1.15,0.51,False,True,In-network,271,True,Hospital_13,2.61,West,1,0.9997025
P03714,Provider_3714,City_114,TX,32.1186,-99.7518,Gastroenterology,Dermatology,Specialty Care,14,420,17,1.16,0.06,False,False,In-network,295,True,Hospital_14,2.82,South,1,0.9996923
P03715,Provider_3715,City_115,CO,39.7501,-105.5821,ENT,Cardiology,Specialty Care,6,220,51,3.68,0.07,False,True,In-network,234,True,Hospital_15,4.71,South,1,0.9998622
P03716,Provider_3716,City_116,WA,48.0011,-120.4901,Gastroenterology,Ophthalmology,Specialty Care,14,420,56,1.9,0.84,True,False,In-network,424,True,Hospital_16,2.34,North,1,0.99952865
P03717,Provider_3717,City_117,CA,37.0783,-119.1179,Dermatology,Dermatology,Specialty Care,13,200,42,4.28,0.14,False,False,Out-of-network,142,False,Hospital_17,3.71,East,1,0.9998622
P03718,Provider_3718,City_118,WA,48.1011,-120.3901,Pediatrics,Gastroenterology,Primary Care,13,150,9,1.08,0.66,False,True,In-network,464,True,Hospital_18,3.57,West,1,0.9998802
P03719,Provider_3719,City_119,AZ,34.4489,-110.6937,Ophthalmology,Endocrinology,Specialty Care,35,180,14,2.29,0.73,True,False,In-network,405,True,Hospital_19,4.77,East,1,0.9998802
P03720,Provider_3720,City_120,MI,44.7648,-85.1524,Urology,Orthopedics,Specialty Care,20,380,37,2.0,0.31,True,False,Out-of-network,70,False,Hospital_20,4.23,West,1,0.9998615
P03721,Provider_3721,City_121,AZ,34.0489,-111.0937,Orthopedics,Gastroenterology,Surgical,40,400,11,3.41,0.42,True,True,In-network,271,False,Hospital_21,3.83,South,1,0.99986255
P03722,Provider_3722,City_122,PA,41.2533,-77.1445,Endocrinology,Urology,Specialty Care,1,400,54,2.63,0.46,False,True,Out-of-network,456,False,Hospital_22,2.94,South,1,0.9997284
P03723,Provider_3723,City_123,MA,42.5072,-71.2824,Orthopedics,Orthopedics,Surgical,13,400,8,2.39,0.62,True,True,In-network,407,True,Hospital_23,1.53,North,1,0.99952865
P03724,Provider_3724,City_124,AZ,34.1989,-110.9437,Psychiatry,Endocrinology,Specialty Care,19,250,24,4.62,0.42,False,False,In-network,53,True,Hospital_24,3.05,West,1,0.9998622
P03725,Provider_3725,City_125,PA,41.4033,-76.9945,ENT,Psychiatry,Specialty Care,18,220,8,2.97,0.94,True,False,Out-of-network,266,False,Hospital_25,2.27,East,1,0.99956197
P03726,Provider_3726,City_126,AZ,34.2989,-110.8437,Cardiology,Endocrinology,Specialty Care,18,500,27,3.54,0.8,True,False,Out-of-network,308,False,Hospital_26,4.13,North,1,0.9990753
P03727,Provider_3727,City_127,FL,28.2944,-81.4603,Neurology,Endocrinology,Specialty Care,1,450,45,2.77,0.73,True,False,In-network,461,False,Hospital_27,3.48,North,1,0.9990707
P03728,Provider_3728,City_128,NC,36.1096,-78.6693,Dermatology,Cardiology,Specialty Care,30,200,8,2.87,0.92,False,True,In-network,54,True,Hospital_28,1.35,East,1,0.99956197
P03729,Provider_3729,City_129,OH,40.8173,-82.5071,Orthopedics,Psychiatry,Surgical,4,400,35,4.15,0.6,False,False,In-network,257,True,Hospital_29,2.85,West,1,0.9997713
P03730,Provider_3730,City_130,TX,32.4186,-99.4518,Cardiology,Neurology,Specialty Care,15,500,59,4.63,0.44,False,True,In-network,453,False,Hospital_30,2.47,East,0,0.0021275654
P03731,Provider_3731,City_131,NY,43.2994,-74.2179,Pediatrics,General Practice,Primary Care,34,150,45,1.19,0.63,True,True,In-network,260,False,Hospital_31,4.64,East,1,0.99988866
P03732,Provider_3732,City_132,WA,47.8011,-120.6901,Endocrinology,Urology,Specialty Care,6,400,41,1.85,0.72,True,False,Out-of-network,282,True,Hospital_32,2.45,North,1,0.9995629
P03733,Provider_3733,City_133,NY,43.3994,-74.1179,Orthopedics,Pediatrics,Surgical,4,400,28,2.09,0.11,False,True,In-network,342,False,Hospital_33,3.63,South,1,0.999851
P03734,Provider_3734,City_134,NC,35.9096,-78.8693,Pediatrics,General Practice,Primary Care,32,150,23,4.03,0.32,True,True,In-network,310,False,Hospital_34,1.94,North,1,0.9994167
P03735,Provider_3735,City_135,OH,40.6173,-82.7071,Cardiology,Urology,Specialty Care,30,500,41,3.31,0.45,True,False,In-network,95,False,Hospital_35,1.95,West,0,0.002289136
P03736,Provider_3736,City_136,NY,43.5494,-73.9679,Gastroenterology,General Practice,Specialty Care,37,420,14,3.19,0.76,False,True,In-network,470,False,Hospital_36,1.79,South,1,0.99953103
P03737,Provider_3737,City_137,NY,43.5994,-73.9179,General Practice,Dermatology,Primary Care,34,100,22,3.84,0.43,True,True,In-network,335,False,Hospital_37,2.32,South,1,0.9994167
P03738,Provider_3738,City_138,AZ,34.3989,-110.7437,Urology,General Practice,Specialty Care,15,380,54,4.53,0.59,True,True,In-network,311,False,Hospital_38,1.01,South,1,0.99953103
P03739,Provider_3739,City_139,NY,43.6994,-73.8179,Orthopedics,Dermatology,Surgical,2,400,15,1.5,0.38,True,False,In-network,446,False,Hospital_39,4.32,West,1,0.999851
P03740,Provider_3740,City_140,WA,48.2011,-120.2901,Endocrinology,Psychiatry,Specialty Care,19,400,23,4.89,0.06,False,True,In-network,66,True,Hospital_40,3.29,East,1,0.9998622
P03741,Provider_3741,City_141,MA,42.4072,-71.3824,Gastroenterology,Pediatrics,Specialty Care,15,420,13,3.4,0.34,False,False,In-network,485,False,Hospital_41,4.33,East,1,0.9998517
P03742,Provider_3742,City_142,AZ,34.0989,-111.0437,Orthopedics,Orthopedics,Surgical,6,400,7,2.75,0.91,False,False,Out-of-network,242,True,Hospital_42,1.72,North,1,0.99956197
P03743,Provider_3743,City_143,WA,47.8511,-120.6401,Psychiatry,Neurology,Specialty Care,38,250,46,2.95,0.8,True,False,In-network,161,True,Hospital_43,4.12,East,1,0.99988866
P03744,Provider_3744,City_144,NV,38.9526,-116.2694,General Practice,Gastroenterology,Primary Care,32,100,22,3.48,0.74,True,True,In-network,371,False,Hospital_44,4.07,North,1,0.9998808
P03745,Provider_3745,City_145,GA,32.3656,-82.7001,Gastroenterology,Urology,Specialty Care,36,420,31,2.2,0.11,True,False,In-network,158,True,Hospital_45,1.22,South,1,0.99945515
P03746,Provider_3746,City_146,IL,40.8831,-89.1485,Neurology,General Practice,Specialty Care,30,450,49,3.6,0.95,True,True,In-network,386,True,Hospital_46,2.51,North,0,0.002644954
P03747,Provider_3747,City_147,CO,39.8501,-105.4821,Dermatology,Orthopedics,Specialty Care,14,200,6,3.83,0.9,True,True,In-network,123,False,Hospital_47,3.17,East,1,0.99988925
P03748,Provider_3748,City_148,CO,39.9001,-105.4321,Gastroenterology,General Practice,Specialty Care,24,420,42,3.37,0.15,False,False,Out-of-network,455,True,Hospital_48,3.65,East,1,0.9998517
P03749,Provider_3749,City_149,OH,40.8173,-82.5071,Psychiatry,Ophthalmology,Specialty Care,30,250,54,3.2,0.08,False,False,In-network,249,True,Hospital_49,3.05,West,1,0.9998622
P03750,Provider_3750,City_150,NV,39.2526,-115.9694,Neurology,Orthopedics,Specialty Care,8,450,57,3.56,0.99,True,False,Out-of-network,113,True,Hospital_50,2.2,South,0,0.0028457039
P03751,Provider_3751,City_151,MI,44.3148,-85.6024,Orthopedics,ENT,Surgical,2,400,42,3.52,0.92,True,True,Out-of-network,120,False,Hospital_51,1.48,South,1,0.9995641
P03752,Provider_3752,City_152,IL,40.6831,-89.3485,Dermatology,General Practice,Specialty Care,11,200,23,1.92,0.55,False,False,In-network,395,False,Hospital_52,2.73,South,1,0.9997013
P03753,Provider_3753,City_153,CO,39.6501,-105.6821,Cardiology,ENT,Specialty Care,32,500,25,1.62,0.15,True,True,Out-of-network,87,True,Hospital_53,2.23,South,0,0.002277519
P03754,Provider_3754,City_154,GA,32.3156,-82.7501,Neurology,Dermatology,Specialty Care,15,450,28,4.96,0.55,False,True,Out-of-network,88,False,Hospital_54,4.12,East,1,0.9991406
P03755,Provider_3755,City_155,GA,32.3656,-82.7001,Cardiology,Urology,Specialty Care,4,500,18,2.71,0.51,False,False,Out-of-network,69,False,Hospital_55,2.08,East,0,0.0028312707
P03756,Provider_3756,City_156,AZ,34.2989,-110.8437,Psychiatry,Endocrinology,Specialty Care,11,250,54,2.1,0.1,True,True,In-network,320,False,Hospital_56,3.4,East,1,0.999851
P03757,Provider_3757,City_157,NV,39.1026,-116.1194,Cardiology,Gastroenterology,Specialty Care,12,500,52,1.48,0.67,True,False,In-network,455,False,Hospital_57,4.21,North,1,0.9990707
P03758,Provider_3758,City_158,GA,32.5156,-82.5501,General Practice,ENT,Primary Care,38,100,29,1.71,0.39,True,True,Out-of-network,91,True,Hospital_58,2.95,East,1,0.9997856
P03759,Provider_3759,City_159,PA,41.6033,-76.7945,Pediatrics,Ophthalmology,Primary Care,25,150,13,4.42,0.91,False,True,In-network,112,False,Hospital_59,3.73,West,1,0.99988925
P03760,Provider_3760,City_160,CA,37.2283,-118.9679,Cardiology,Pediatrics,Specialty Care,25,500,7,4.16,0.36,False,True,In-network,225,False,Hospital_60,2.21,South,0,0.002289136
P03761,Provider_3761,City_161,PA,41.2033,-77.1945,Dermatology,Neurology,Specialty Care,17,200,39,3.11,0.95,False,False,In-network,116,False,Hospital_61,1.67,South,1,0.9995641
P03762,Provider_3762,City_162,TX,32.0186,-99.8518,Orthopedics,Neurology,Surgical,19,400,12,4.85,0.39,False,True,Out-of-network,171,True,Hospital_62,2.26,West,1,0.999458
P03763,Provider_3763,City_163,GA,32.2656,-82.8001,Orthopedics,Psychiatry,Surgical,36,400,15,4.7,0.92,False,True,In-network,181,True,Hospital_63,2.68,East,1,0.99970335
P03764,Provider_3764,City_164,TX,32.1186,-99.7518,Pediatrics,Orthopedics,Primary Care,14,150,51,2.16,0.78,False,False,In-network,427,False,Hospital_64,1.66,South,1,0.99952865
P03765,Provider_3765,City_165,FL,28.1944,-81.5603,Dermatology,Cardiology,Specialty Care,38,200,35,1.57,0.09,True,False,Out-of-network,451,False,Hospital_65,2.93,West,1,0.9997284
P03766,Provider_3766,City_166,NC,36.0096,-78.7693,Cardiology,ENT,Specialty Care,5,500,10,2.88,0.13,True,True,Out-of-network,297,True,Hospital_66,4.7,West,1,0.99884427
P03767,Provider_3767,City_167,MA,42.7072,-71.0824,Orthopedics,ENT,Surgical,32,400,34,3.15,0.28,True,True,Out-of-network,55,True,Hospital_67,1.66,North,1,0.999458
P03768,Provider_3768,City_168,WA,48.1011,-120.3901,Dermatology,Pediatrics,Specialty Care,9,200,27,2.63,0.23,False,True,Out-of-network,96,True,Hospital_68,4.79,East,1,0.9998615
P03769,Provider_3769,City_169,MI,44.7148,-85.2024,Orthopedics,Dermatology,Surgical,10,400,52,3.14,0.49,True,False,In-network,370,True,Hospital_69,1.82,South,1,0.99953103
P03770,Provider_3770,City_170,MI,44.7648,-85.1524,Urology,Dermatology,Specialty Care,6,380,51,2.55,0.62,False,False,In-network,157,True,Hospital_70,1.93,East,1,0.99956197
P03771,Provider_3771,City_171,OH,40.4173,-82.9071,Neurology,Pediatrics,Specialty Care,29,450,34,2.06,0.41,False,False,Out-of-network,201,True,Hospital_71,3.72,North,1,0.99892586
P03772,Provider_3772,City_172,CA,36.8283,-119.3679,Urology,Cardiology,Specialty Care,2,380,32,3.01,0.43,False,False,Out-of-network,466,False,Hospital_72,1.12,North,1,0.9994295
P03773,Provider_3773,City_173,MI,44.4148,-85.5024,Cardiology,Urology,Specialty Care,35,500,59,1.16,0.64,True,False,Out-of-network,230,False,Hospital_73,2.66,North,0,0.0041549136
P03774,Provider_3774,City_174,AZ,34.1989,-110.9437,Neurology,Urology,Specialty Care,2,450,59,2.29,0.77,False,False,Out-of-network,74,False,Hospital_74,3.65,South,1,0.9991364
P03775,Provider_3775,City_175,MA,42.6072,-71.1824,Urology,ENT,Specialty Care,9,380,60,2.15,0.01,True,False,In-network,321,False,Hospital_75,3.33,West,1,0.999851
P03776,Provider_3776,City_176,PA,41.4533,-76.9445,ENT,Cardiology,Specialty Care,8,220,36,2.98,0.57,False,False,In-network,398,True,Hospital_76,1.87,West,1,0.99952865
P03777,Provider_3777,City_177,OH,40.7173,-82.6071,Urology,Cardiology,Specialty Care,11,380,19,2.27,0.92,False,True,Out-of-network,199,True,Hospital_77,2.9,South,1,0.99979717
P03778,Provider_3778,City_178,IL,40.9831,-89.0485,Neurology,Neurology,Specialty Care,36,450,14,3.29,0.26,False,False,Out-of-network,88,False,Hospital_78,1.94,West,0,0.002289136
P03779,Provider_3779,City_179,OH,40.8173,-82.5071,Orthopedics,ENT,Surgical,30,400,56,2.23,0.23,True,False,In-network,463,False,Hospital_79,1.3,East,1,0.9994137
P03780,Provider_3780,City_180,AZ,34.4989,-110.6437,Urology,Pediatrics,Specialty Care,31,380,9,3.47,0.65,True,True,Out-of-network,485,False,Hospital_80,1.91,South,1,0.99953103
P03781,Provider_3781,City_181,NC,35.7596,-79.0193,Gastroenterology,Cardiology,Specialty Care,21,420,28,4.95,0.6,False,True,In-network,335,True,Hospital_81,3.7,East,1,0.9998808
P03782,Provider_3782,City_182,GA,32.2156,-82.8501,Psychiatry,Dermatology,Specialty Care,36,250,29,1.67,0.65,True,False,In-network,486,False,Hospital_82,4.38,East,1,0.9998802
P03783,Provider_3783,City_183,AZ,34.1489,-110.9937,Neurology,Urology,Specialty Care,29,450,30,2.37,0.97,True,True,In-network,401,True,Hospital_83,2.76,South,0,0.0076750354
P03784,Provider_3784,City_184,WA,47.9011,-120.5901,Endocrinology,Dermatology,Specialty Care,15,400,25,2.23,0.67,False,False,In-network,180,True,Hospital_84,1.91,East,1,0.99956197
P03785,Provider_3785,City_185,IL,40.8331,-89.1985,Psychiatry,Cardiology,Specialty Care,15,250,29,4.38,0.33,False,True,Out-of-network,500,True,Hospital_85,3.56,South,1,0.9998517
P03786,Provider_3786,City_186,FL,28.2444,-81.5103,Cardiology,Gastroenterology,Specialty Care,17,500,41,4.39,0.42,False,True,Out-of-network,498,True,Hospital_86,3.77,South,1,0.9988501
P03787,Provider_3787,City_187,GA,32.4656,-82.6001,Psychiatry,General Practice,Specialty Care,28,250,11,4.77,0.72,True,False,In-network,270,False,Hospital_87,1.45,East,1,0.9995641
P03788,Provider_3788,City_188,NC,36.1096,-78.6693,Gastroenterology,General Practice,Specialty Care,39,420,60,2.91,0.74,True,False,Out-of-network,281,True,Hospital_88,4.98,South,1,0.9998889
P03789,Provider_3789,City_189,NC,36.1596,-78.6193,Orthopedics,Orthopedics,Surgical,8,400,50,3.38,0.62,False,False,Out-of-network,259,False,Hospital_89,2.14,South,1,0.9995641
P03790,Provider_3790,City_190,NY,43.7494,-73.7679,Orthopedics,Ophthalmology,Surgical,22,400,47,4.38,0.86,True,False,Out-of-network,435,True,Hospital_90,3.41,North,1,0.9998808
P03791,Provider_3791,City_191,CO,39.5501,-105.7821,Urology,Gastroenterology,Specialty Care,6,380,60,4.46,0.24,True,True,Out-of-network,239,False,Hospital_91,1.27,South,1,0.999458
P03792,Provider_3792,City_192,AZ,34.0989,-111.0437,Ophthalmology,Orthopedics,Specialty Care,3,180,21,1.3,0.1,False,True,In-network,117,True,Hospital_92,4.01,East,1,0.9998615
P03793,Provider_3793,City_193,NY,43.3994,-74.1179,Pediatrics,Orthopedics,Primary Care,21,150,10,3.66,0.08,False,False,In-network,254,True,Hospital_93,4.84,South,1,0.9998622
P03794,Provider_3794,City_194,PA,41.3533,-77.0445,Urology,Orthopedics,Specialty Care,33,380,51,3.53,0.31,True,True,Out-of-network,455,False,Hospital_94,1.01,East,1,0.9994167
P03795,Provider_3795,City_195,PA,41.4033,-76.9945,Urology,General Practice,Specialty Care,2,380,29,2.78,0.22,False,True,In-network,497,False,Hospital_95,2.34,East,1,0.9994137
P03796,Provider_3796,City_196,WA,48.0011,-120.4901,Endocrinology,Cardiology,Specialty Care,21,400,18,2.75,0.76,False,False,Out-of-network,375,True,Hospital_96,3.56,South,1,0.9998802
P03797,Provider_3797,City_197,FL,28.2944,-81.4603,Cardiology,Psychiatry,Specialty Care,26,500,20,2.65,0.62,False,False,Out-of-network,76,False,Hospital_97,4.19,North,1,0.9991364
P03798,Provider_3798,City_198,NV,39.1526,-116.0694,Gastroenterology,Pediatrics,Specialty Care,22,420,18,4.55,0.69,True,False,In-network,175,True,Hospital_98,4.4,South,1,0.99988925
P03799,Provider_3799,City_199,PA,41.6033,-76.7945,Neurology,General Practice,Specialty Care,3,450,59,3.32,0.49,True,False,In-network,315,False,Hospital_99,3.62,North,1,0.9990753
P03800,Provider_3800,City_200,NY,43.7494,-73.7679,Ophthalmology,Urology,Specialty Care,30,180,5,2.75,0.41,False,True,In-network,274,False,Hospital_100,2.87,West,1,0.9997483
P03801,Provider_3801,City_1,GA,32.1656,-82.9001,Dermatology,Urology,Specialty Care,15,200,39,4.48,0.55,True,True,Out-of-network,249,False,Hospital_1,2.63,North,1,0.99970335
P03802,Provider_3802,City_2,NV,38.8526,-116.3694,Pediatrics,Pediatrics,Primary Care,15,150,16,1.98,0.53,False,True,Out-of-network,319,True,Hospital_2,2.31,East,1,0.99952865
P03803,Provider_3803,City_3,OH,40.5173,-82.8071,Gastroenterology,Psychiatry,Specialty Care,12,420,30,3.33,0.68,True,False,In-network,177,False,Hospital_3,1.3,South,1,0.9995641
P03804,Provider_3804,City_4,WA,47.9011,-120.5901,Cardiology,Orthopedics,Specialty Care,5,500,34,3.09,0.48,False,True,Out-of-network,128,False,Hospital_4,4.46,West,1,0.9991406
P03805,Provider_3805,City_5,PA,41.4033,-76.9945,Cardiology,Dermatology,Specialty Care,31,500,29,3.8,0.96,False,False,Out-of-network,281,False,Hospital_5,4.11,South,1,0.99914265
P03806,Provider_3806,City_6,FL,28.2444,-81.5103,ENT,Orthopedics,Specialty Care,5,220,34,3.75,0.18,False,True,In-network,56,False,Hospital_6,2.28,West,1,0.999458
P03807,Provider_3807,City_7,NC,36.0596,-78.7193,Endocrinology,Ophthalmology,Specialty Care,25,400,47,4.12,0.63,False,True,Out-of-network,189,True,Hospital_7,1.56,South,1,0.9995641
P03808,Provider_3808,City_8,GA,32.5156,-82.5501,Orthopedics,Gastroenterology,Surgical,39,400,9,2.3,0.39,True,False,In-network,285,False,Hospital_8,2.16,East,1,0.9994137
P03809,Provider_3809,City_9,CA,37.1783,-119.0179,Neurology,General Practice,Specialty Care,2,450,13,2.54,0.59,False,True,In-network,463,False,Hospital_9,4.63,West,1,0.9990707
P03810,Provider_3810,City_10,WA,48.2011,-120.2901,Ophthalmology,Ophthalmology,Specialty Care,11,180,24,3.04,0.21,False,True,In-network,50,False,Hospital_10,3.95,South,1,0.9998652
P03811,Provider_3811,City_11,NV,38.8026,-116.4194,Psychiatry,General Practice,Specialty Care,16,250,59,4.51,0.82,True,False,Out-of-network,490,True,Hospital_11,3.84,East,1,0.9998808
P03812,Provider_3812,City_12,GA,32.2156,-82.8501,Cardiology,Orthopedics,Specialty Care,27,500,53,2.2,0.55,True,True,In-network,405,True,Hospital_12,2.56,East,0,0.0038621638
P03813,Provider_3813,City_13,PA,41.3033,-77.0945,ENT,Gastroenterology,Specialty Care,3,220,25,1.98,0.32,False,True,In-network,283,True,Hospital_13,4.35,South,1,0.99985313
P03814,Provider_3814,City_14,FL,28.1444,-81.6103,Psychiatry,ENT,Specialty Care,15,250,8,4.8,0.78,False,False,In-network,459,True,Hospital_14,4.3,South,1,0.9998808
P03815,Provider_3815,City_15,OH,40.6173,-82.7071,Ophthalmology,Pediatrics,Specialty Care,40,180,30,3.67,0.01,True,False,In-network,219,True,Hospital_15,1.38,South,1,0.999458
P03816,Provider_3816,City_16,GA,32.4156,-82.6501,Cardiology,Urology,Specialty Care,16,500,15,2.58,0.08,False,True,In-network,457,True,Hospital_16,3.32,West,1,0.99884427
P03817,Provider_3817,City_17,NV,39.1026,-116.1194,Dermatology,Psychiatry,Specialty Care,37,200,50,2.97,1.0,False,True,Out-of-network,361,True,Hospital_17,4.7,East,1,0.9998802
P03818,Provider_3818,City_18,NV,39.1526,-116.0694,General Practice,General Practice,Primary Care,9,100,6,2.24,0.03,False,True,Out-of-network,305,True,Hospital_18,2.37,North,1,0.9994137
P03819,Provider_3819,City_19,GA,32.5656,-82.5001,ENT,Dermatology,Specialty Care,18,220,26,2.44,0.03,False,True,In-network,167,True,Hospital_19,1.67,West,1,0.99945515
P03820,Provider_3820,City_20,GA,32.6156,-82.4501,General Practice,Dermatology,Primary Care,19,100,24,4.73,0.08,True,True,In-network,440,True,Hospital_20,3.31,East,1,0.9998517
P03821,Provider_3821,City_21,AZ,34.0489,-111.0937,ENT,Cardiology,Specialty Care,6,220,39,2.5,0.0,True,False,In-network,283,False,Hospital_21,1.17,South,1,0.99942243
P03822,Provider_3822,City_22,NC,35.8096,-78.9693,Ophthalmology,Dermatology,Specialty Care,28,180,18,1.82,0.18,True,True,In-network,452,False,Hospital_22,4.63,North,1,0.999851
P03823,Provider_3823,City_23,PA,41.3033,-77.0945,Neurology,Orthopedics,Specialty Care,5,450,56,4.3,0.63,False,False,In-network,435,True,Hospital_23,4.94,South,1,0.9990753
P03824,Provider_3824,City_24,PA,41.3533,-77.0445,Orthopedics,Orthopedics,Surgical,1,400,59,4.99,0.58,True,False,Out-of-network,432,False,Hospital_24,4.59,West,1,0.9998808
P03825,Provider_3825,City_25,TX,32.1686,-99.7018,Psychiatry,Urology,Specialty Care,26,250,51,4.67,0.05,False,True,In-network,447,True,Hospital_25,4.21,East,1,0.9998517
P03826,Provider_3826,City_26,PA,41.4533,-76.9445,Orthopedics,ENT,Surgical,26,400,60,4.59,0.4,True,True,In-network,266,False,Hospital_26,4.87,South,1,0.9998622
P03827,Provider_3827,City_27,MI,44.6148,-85.3024,Orthopedics,Dermatology,Surgical,2,400,41,1.83,0.15,False,True,In-network,399,True,Hospital_27,4.23,North,1,0.999851
P03828,Provider_3828,City_28,TX,32.3186,-99.5518,Neurology,Ophthalmology,Specialty Care,27,450,11,1.9,0.77,False,False,Out-of-network,463,True,Hospital_28,3.13,East,1,0.9990707
P03829,Provider_3829,City_29,TX,32.3686,-99.5018,Urology,Gastroenterology,Specialty Care,22,380,8,4.91,0.79,False,True,In-network,231,False,Hospital_29,4.84,South,1,0.99988925
P03830,Provider_3830,City_30,PA,41.6533,-76.7445,Dermatology,Pediatrics,Specialty Care,26,200,21,3.88,0.78,False,False,Out-of-network,300,False,Hospital_30,2.15,West,1,0.99953103
P03831,Provider_3831,City_31,CO,39.5501,-105.7821,Dermatology,Urology,Specialty Care,32,200,5,3.76,0.24,False,True,Out-of-network,341,True,Hospital_31,2.54,East,1,0.9994167
P03832,Provider_3832,City_32,MA,42.4572,-71.3324,Endocrinology,ENT,Specialty Care,23,400,42,2.97,0.85,False,False,Out-of-network,240,False,Hospital_32,2.95,West,1,0.9998276
P03833,Provider_3833,City_33,OH,40.5173,-82.8071,Cardiology,Gastroenterology,Specialty Care,17,500,22,1.37,0.61,False,True,In-network,119,True,Hospital_33,1.86,North,0,0.0028312707
P03834,Provider_3834,City_34,IL,40.7831,-89.2485,Pediatrics,ENT,Primary Care,2,150,32,3.11,0.44,True,False,In-network,53,False,Hospital_34,4.33,South,1,0.9998622
P03835,Provider_3835,City_35,CO,39.7501,-105.5821,Gastroenterology,Pediatrics,Specialty Care,34,420,59,1.4,0.87,True,False,In-network,283,True,Hospital_35,3.92,South,1,0.999882
P03836,Provider_3836,City_36,TX,32.2186,-99.6518,Psychiatry,Cardiology,Specialty Care,29,250,40,1.4,0.58,True,True,Out-of-network,62,True,Hospital_36,1.64,North,1,0.99956197
P03837,Provider_3837,City_37,PA,41.5033,-76.8945,General Practice,Orthopedics,Primary Care,40,100,32,1.64,0.76,True,False,Out-of-network,244,True,Hospital_37,4.0,North,1,0.99988866
P03838,Provider_3838,City_38,MA,42.7572,-71.0324,Psychiatry,Endocrinology,Specialty Care,23,250,20,4.68,0.8,True,True,In-network,362,True,Hospital_38,2.33,West,1,0.99953103
P03839,Provider_3839,City_39,MA,42.8072,-70.9824,Psychiatry,ENT,Specialty Care,39,250,15,3.76,0.39,False,False,Out-of-network,238,False,Hospital_39,3.72,North,1,0.9998622
P03840,Provider_3840,City_40,MI,44.7648,-85.1524,Orthopedics,ENT,Surgical,8,400,52,2.6,0.48,False,False,In-network,412,True,Hospital_40,2.58,North,1,0.9996792
P03841,Provider_3841,City_41,NY,43.2994,-74.2179,Ophthalmology,Pediatrics,Specialty Care,9,180,44,3.21,0.53,False,True,In-network,178,True,Hospital_41,3.48,South,1,0.99988925
P03842,Provider_3842,City_42,FL,28.0444,-81.7103,Dermatology,Urology,Specialty Care,19,200,11,4.07,0.4,False,True,Out-of-network,258,False,Hospital_42,1.3,East,1,0.999458
P03843,Provider_3843,City_43,CO,39.6501,-105.6821,Psychiatry,Orthopedics,Specialty Care,30,250,34,4.09,0.7,False,False,In-network,330,False,Hospital_43,2.88,South,1,0.99978274
P03844,Provider_3844,City_44,CO,39.7001,-105.6321,ENT,Cardiology,Specialty Care,3,220,22,4.39,0.82,False,True,In-network,216,True,Hospital_44,1.24,North,1,0.9995641
P03845,Provider_3845,City_45,AZ,34.2489,-110.8937,Neurology,Endocrinology,Specialty Care,32,450,32,4.94,0.43,False,False,In-network,181,True,Hospital_45,3.55,West,1,0.99893135
P03846,Provider_3846,City_46,TX,32.2186,-99.6518,ENT,Psychiatry,Specialty Care,32,220,49,5.0,0.62,True,False,In-network,178,True,Hospital_46,2.11,West,1,0.9995641
P03847,Provider_3847,City_47,CO,39.8501,-105.4821,ENT,Orthopedics,Specialty Care,37,220,40,3.82,0.81,False,False,In-network,382,False,Hospital_47,3.75,South,1,0.9998808
P03848,Provider_3848,City_48,GA,32.5156,-82.5501,Endocrinology,Urology,Specialty Care,6,400,30,3.83,0.82,False,False,Out-of-network,448,False,Hospital_48,3.37,East,1,0.9998808
P03849,Provider_3849,City_49,TX,32.3686,-99.5018,Ophthalmology,Psychiatry,Specialty Care,9,180,35,4.38,0.16,True,False,In-network,270,True,Hospital_49,3.68,North,1,0.9998622
P03850,Provider_3850,City_50,MI,44.7648,-85.1524,Dermatology,Ophthalmology,Specialty Care,38,200,53,4.56,0.81,True,False,In-network,256,True,Hospital_50,2.66,North,1,0.99970335
P03851,Provider_3851,City_51,NY,43.2994,-74.2179,General Practice,Pediatrics,Primary Care,34,100,6,2.76,0.13,False,False,Out-of-network,223,True,Hospital_51,3.06,East,1,0.9998615
P03852,Provider_3852,City_52,GA,32.2156,-82.8501,Orthopedics,Endocrinology,Surgical,37,400,15,4.36,0.5,False,False,In-network,320,False,Hospital_52,1.39,South,1,0.99953103
P03853,Provider_3853,City_53,NV,38.9026,-116.3194,Gastroenterology,Neurology,Specialty Care,3,420,17,4.68,0.76,False,False,In-network,209,False,Hospital_53,1.85,North,1,0.9995641
P03854,Provider_3854,City_54,OH,40.5673,-82.7571,Dermatology,Cardiology,Specialty Care,13,200,8,2.03,0.7,True,True,Out-of-network,326,True,Hospital_54,3.16,North,1,0.9998802
P03855,Provider_3855,City_55,MI,44.5148,-85.4024,General Practice,Orthopedics,Primary Care,33,100,24,1.12,0.23,True,True,In-network,433,False,Hospital_55,3.17,North,1,0.999851
P03856,Provider_3856,City_56,NY,43.5494,-73.9679,ENT,Urology,Specialty Care,18,220,25,3.06,0.27,True,False,Out-of-network,126,False,Hospital_56,3.79,West,1,0.9998622
P03857,Provider_3857,City_57,GA,32.4656,-82.6001,Gastroenterology,Psychiatry,Specialty Care,3,420,27,1.25,0.47,True,False,Out-of-network,213,True,Hospital_57,3.46,West,1,0.9998615
P03858,Provider_3858,City_58,GA,32.5156,-82.5501,Pediatrics,Gastroenterology,Primary Care,2,150,30,1.51,0.25,False,False,In-network,228,True,Hospital_58,3.44,North,1,0.9998615
P03859,Provider_3859,City_59,CO,39.9501,-105.3821,Ophthalmology,General Practice,Specialty Care,7,180,43,4.44,0.69,False,False,Out-of-network,314,False,Hospital_59,2.47,South,1,0.99953103
P03860,Provider_3860,City_60,OH,40.8673,-82.4571,Pediatrics,ENT,Primary Care,34,150,38,2.65,0.64,False,True,Out-of-network,80,True,Hospital_60,3.98,East,1,0.99988866
P03861,Provider_3861,City_61,CA,36.7783,-119.4179,Pediatrics,Orthopedics,Primary Care,35,150,57,1.77,0.45,True,True,Out-of-network,62,True,Hospital_61,2.46,West,1,0.99945515
P03862,Provider_3862,City_62,OH,40.4673,-82.8571,Pediatrics,Gastroenterology,Primary Care,19,150,7,1.13,0.19,False,False,Out-of-network,251,False,Hospital_62,4.66,South,1,0.9998615
P03863,Provider_3863,City_63,FL,28.0944,-81.6603,Gastroenterology,Neurology,Specialty Care,14,420,54,3.61,0.79,True,False,In-network,111,True,Hospital_63,4.25,West,1,0.99988925
P03864,Provider_3864,City_64,MI,44.4648,-85.4524,Neurology,Neurology,Specialty Care,32,450,30,3.27,1.0,True,True,Out-of-network,77,False,Hospital_64,4.32,West,1,0.9991406
P03865,Provider_3865,City_65,GA,32.3656,-82.7001,Psychiatry,Orthopedics,Specialty Care,22,250,57,1.49,0.85,False,False,Out-of-network,143,False,Hospital_65,4.21,North,1,0.99988866
P03866,Provider_3866,City_66,OH,40.6673,-82.6571,Ophthalmology,Psychiatry,Specialty Care,21,180,9,2.85,0.68,False,False,Out-of-network,221,True,Hospital_66,3.72,South,1,0.99988866
P03867,Provider_3867,City_67,MA,42.7072,-71.0824,General Practice,Cardiology,Primary Care,14,100,38,3.61,0.92,True,False,In-network,216,False,Hospital_67,1.04,South,1,0.9995641
P03868,Provider_3868,City_68,NC,36.1096,-78.6693,Gastroenterology,Gastroenterology,Specialty Care,35,420,13,3.37,0.86,False,False,In-network,148,False,Hospital_68,4.12,North,1,0.99988925
P03869,Provider_3869,City_69,AZ,34.4489,-110.6937,Dermatology,Neurology,Specialty Care,34,200,14,1.48,0.14,True,True,Out-of-network,424,True,Hospital_69,3.39,North,1,0.999851
P03870,Provider_3870,City_70,CA,37.2283,-118.9679,Ophthalmology,Dermatology,Specialty Care,1,180,51,4.23,0.73,True,True,In-network,201,True,Hospital_70,4.4,North,1,0.99988925
P03871,Provider_3871,City_71,TX,31.9686,-99.9018,Neurology,Gastroenterology,Specialty Care,23,450,36,4.96,0.02,False,False,In-network,212,False,Hospital_71,2.39,West,0,0.002289136
P03872,Provider_3872,City_72,NV,38.8526,-116.3694,Neurology,Dermatology,Specialty Care,4,450,16,2.94,0.38,True,True,Out-of-network,217,True,Hospital_72,2.0,North,0,0.002277519
P03873,Provider_3873,City_73,CO,39.6501,-105.6821,Dermatology,Neurology,Specialty Care,10,200,38,1.83,0.29,False,True,Out-of-network,442,False,Hospital_73,3.53,East,1,0.999851
P03874,Provider_3874,City_74,PA,41.3533,-77.0445,Cardiology,Neurology,Specialty Care,20,500,36,1.03,0.92,True,True,Out-of-network,204,False,Hospital_74,4.25,North,1,0.9991364
P03875,Provider_3875,City_75,PA,41.4033,-76.9945,Neurology,Ophthalmology,Specialty Care,37,450,24,4.74,0.5,False,True,Out-of-network,86,True,Hospital_75,2.68,South,0,0.005102507
P03876,Provider_3876,City_76,TX,32.2186,-99.6518,Gastroenterology,Pediatrics,Specialty Care,7,420,33,4.01,0.24,True,True,In-network,229,False,Hospital_76,2.97,East,1,0.9997867
P03877,Provider_3877,City_77,FL,28.2944,-81.4603,Dermatology,Neurology,Specialty Care,14,200,22,4.18,0.62,False,True,In-network,167,True,Hospital_77,2.09,East,1,0.9995641
P03878,Provider_3878,City_78,IL,40.9831,-89.0485,Ophthalmology,Cardiology,Specialty Care,40,180,12,1.33,0.69,True,False,In-network,341,True,Hospital_78,4.29,West,1,0.9998802
P03879,Provider_3879,City_79,TX,32.3686,-99.5018,Dermatology,Neurology,Specialty Care,40,200,24,3.66,0.29,False,True,Out-of-network,354,False,Hospital_79,4.67,North,1,0.9998517
P03880,Provider_3880,City_80,GA,32.6156,-82.4501,Psychiatry,Psychiatry,Specialty Care,31,250,56,2.72,0.03,False,False,In-network,118,True,Hospital_80,4.86,North,1,0.9998615
P03881,Provider_3881,City_81,PA,41.2033,-77.1945,Cardiology,Endocrinology,Specialty Care,12,500,27,2.72,0.37,True,True,In-network,272,True,Hospital_81,4.08,East,1,0.9989285
P03882,Provider_3882,City_82,CO,39.6001,-105.7321,ENT,Ophthalmology,Specialty Care,12,220,14,2.17,0.8,False,False,Out-of-network,73,False,Hospital_82,3.11,East,1,0.99988866
P03883,Provider_3883,City_83,MI,44.4148,-85.5024,Pediatrics,Endocrinology,Primary Care,40,150,49,3.31,0.86,False,True,In-network,110,True,Hospital_83,2.8,North,1,0.9997713
P03884,Provider_3884,City_84,TX,32.1186,-99.7518,Urology,Ophthalmology,Specialty Care,31,380,18,2.63,0.37,True,False,In-network,126,False,Hospital_84,1.85,West,1,0.99945515
P03885,Provider_3885,City_85,NY,43.4994,-74.0179,General Practice,ENT,Primary Care,7,100,20,1.92,0.21,False,False,Out-of-network,281,False,Hospital_85,3.01,North,1,0.99986184
P03886,Provider_3886,City_86,TX,32.2186,-99.6518,Gastroenterology,Psychiatry,Specialty Care,28,420,7,1.82,0.78,True,True,Out-of-network,455,True,Hospital_86,3.34,South,1,0.9998802
P03887,Provider_3887,City_87,WA,48.0511,-120.4401,Psychiatry,Pediatrics,Specialty Care,37,250,23,2.48,0.12,True,True,In-network,486,True,Hospital_87,1.95,East,1,0.9994137
P03888,Provider_3888,City_88,CO,39.9001,-105.4321,Ophthalmology,Urology,Specialty Care,33,180,33,3.16,0.68,False,False,Out-of-network,225,True,Hospital_88,4.4,South,1,0.99988925
P03889,Provider_3889,City_89,CA,37.1783,-119.0179,Urology,General Practice,Specialty Care,21,380,45,1.47,0.6,True,True,In-network,344,True,Hospital_89,2.46,West,1,0.99952865
P03890,Provider_3890,City_90,MA,42.8572,-70.9324,Neurology,Neurology,Specialty Care,2,450,5,3.51,0.43,False,False,Out-of-network,285,False,Hospital_90,2.1,East,0,0.0021275654
P03891,Provider_3891,City_91,NV,38.8026,-116.4194,Pediatrics,Neurology,Primary Care,19,150,25,2.86,0.43,False,False,Out-of-network,113,False,Hospital_91,4.02,West,1,0.9998615
P03892,Provider_3892,City_92,WA,47.8011,-120.6901,Orthopedics,Gastroenterology,Surgical,22,400,16,4.97,0.95,False,False,Out-of-network,326,False,Hospital_92,1.38,West,1,0.99953103
P03893,Provider_3893,City_93,NC,35.8596,-78.9193,Orthopedics,General Practice,Surgical,8,400,32,2.74,0.88,True,False,In-network,94,True,Hospital_93,2.03,North,1,0.99956197
P03894,Provider_3894,City_94,PA,41.3533,-77.0445,Neurology,Psychiatry,Specialty Care,22,450,32,3.99,0.46,False,False,Out-of-network,151,True,Hospital_94,2.12,East,0,0.002289136
P03895,Provider_3895,City_95,GA,32.3656,-82.7001,General Practice,Dermatology,Primary Care,40,100,19,4.21,0.9,True,True,In-network,128,True,Hospital_95,1.13,North,1,0.9995641
P03896,Provider_3896,City_96,IL,40.8831,-89.1485,Pediatrics,Pediatrics,Primary Care,16,150,27,4.56,0.82,False,False,Out-of-network,298,True,Hospital_96,2.66,West,1,0.99968076
P03897,Provider_3897,City_97,NV,39.1026,-116.1194,Psychiatry,Urology,Specialty Care,39,250,20,2.25,0.11,True,False,In-network,417,False,Hospital_97,1.67,West,1,0.9994137
P03898,Provider_3898,City_98,CA,37.1283,-119.0679,Gastroenterology,Urology,Specialty Care,3,420,31,2.12,0.46,True,True,In-network,471,True,Hospital_98,1.29,West,1,0.9994137
P03899,Provider_3899,City_99,NV,39.2026,-116.0194,Urology,Pediatrics,Specialty Care,26,380,42,3.16,0.78,False,False,Out-of-network,291,False,Hospital_99,2.46,North,1,0.99953103
P03900,Provider_3900,City_100,MI,44.7648,-85.1524,Psychiatry,Pediatrics,Specialty Care,27,250,38,2.09,0.21,False,True,Out-of-network,287,True,Hospital_100,3.64,North,1,0.999851
P03901,Provider_3901,City_101,MA,42.4072,-71.3824,Dermatology,Dermatology,Specialty Care,11,200,13,1.28,0.47,False,True,In-network,205,False,Hospital_1,2.72,East,1,0.99965477
P03902,Provider_3902,City_102,CO,39.6001,-105.7321,Gastroenterology,Ophthalmology,Specialty Care,8,420,55,1.66,0.16,True,False,In-network,256,False,Hospital_2,3.18,North,1,0.9998615
P03903,Provider_3903,City_103,IL,40.7331,-89.2985,ENT,Orthopedics,Specialty Care,29,220,36,1.27,0.14,False,True,Out-of-network,111,True,Hospital_3,2.44,East,1,0.99945515
P03904,Provider_3904,City_104,CO,39.7001,-105.6321,Psychiatry,Neurology,Specialty Care,37,250,10,1.58,0.52,True,True,Out-of-network,310,True,Hospital_4,2.86,South,1,0.99978167
P03905,Provider_3905,City_105,WA,47.9511,-120.5401,Ophthalmology,General Practice,Specialty Care,21,180,56,3.56,0.83,True,False,Out-of-network,424,True,Hospital_5,4.82,East,1,0.9998808
P03906,Provider_3906,City_106,WA,48.0011,-120.4901,Endocrinology,Psychiatry,Specialty Care,8,400,19,1.52,0.53,False,False,In-network,290,True,Hospital_6,3.19,South,1,0.9998802
P03907,Provider_3907,City_107,IL,40.9331,-89.0985,Gastroenterology,ENT,Specialty Care,24,420,17,2.53,0.57,False,False,In-network,159,False,Hospital_7,4.29,West,1,0.99988866
P03908,Provider_3908,City_108,CA,37.1283,-119.0679,Psychiatry,Ophthalmology,Specialty Care,25,250,44,3.51,0.42,True,True,In-network,151,False,Hospital_8,3.74,East,1,0.9998622
P03909,Provider_3909,City_109,GA,32.5656,-82.5001,Orthopedics,Psychiatry,Surgical,34,400,39,1.69,0.35,False,True,Out-of-network,172,False,Hospital_9,1.09,West,1,0.99945515
P03910,Provider_3910,City_110,MA,42.8572,-70.9324,Pediatrics,Neurology,Primary Care,20,150,57,4.24,0.0,True,False,Out-of-network,130,True,Hospital_10,3.07,South,1,0.9998622
P03911,Provider_3911,City_111,CA,36.7783,-119.4179,Gastroenterology,Ophthalmology,Specialty Care,21,420,14,4.3,0.78,True,True,In-network,335,False,Hospital_11,2.42,East,1,0.99953103
P03912,Provider_3912,City_112,TX,32.0186,-99.8518,Psychiatry,Psychiatry,Specialty Care,23,250,22,3.33,0.71,True,False,In-network,496,False,Hospital_12,3.63,East,1,0.9998808
P03913,Provider_3913,City_113,NC,35.8596,-78.9193,Ophthalmology,Neurology,Specialty Care,9,180,11,2.58,0.56,False,False,Out-of-network,395,True,Hospital_13,3.85,South,1,0.9998802
P03914,Provider_3914,City_114,TX,32.1186,-99.7518,Ophthalmology,Psychiatry,Specialty Care,14,180,19,3.38,0.07,True,False,Out-of-network,166,True,Hospital_14,4.62,West,1,0.9998622
P03915,Provider_3915,City_115,AZ,34.2489,-110.8937,General Practice,Urology,Primary Care,3,100,19,3.47,0.43,False,False,Out-of-network,100,True,Hospital_15,3.73,East,1,0.9998622
P03916,Provider_3916,City_116,CO,39.8001,-105.5321,Ophthalmology,Orthopedics,Specialty Care,33,180,17,1.35,0.49,True,False,Out-of-network,145,False,Hospital_16,3.9,North,1,0.99988866
P03917,Provider_3917,City_117,CA,37.0783,-119.1179,Neurology,Ophthalmology,Specialty Care,7,450,18,3.58,0.09,True,False,In-network,290,False,Hospital_17,1.2,West,0,0.0021275654
P03918,Provider_3918,City_118,TX,32.3186,-99.5518,General Practice,Dermatology,Primary Care,8,100,45,4.87,0.85,True,True,In-network,409,True,Hospital_18,4.64,North,1,0.9998808
P03919,Provider_3919,City_119,WA,48.1511,-120.3401,Psychiatry,Urology,Specialty Care,4,250,42,3.27,0.84,True,False,Out-of-network,123,False,Hospital_19,2.76,West,1,0.9997713
P03920,Provider_3920,City_120,NV,39.2526,-115.9694,Ophthalmology,Dermatology,Specialty Care,15,180,27,4.55,0.58,False,False,In-network,232,False,Hospital_20,4.24,North,1,0.99988925
P03921,Provider_3921,City_121,MA,42.4072,-71.3824,Pediatrics,Urology,Primary Care,29,150,41,2.21,0.32,False,True,Out-of-network,261,False,Hospital_21,4.14,West,1,0.9998615
P03922,Provider_3922,City_122,IL,40.6831,-89.3485,Neurology,Dermatology,Specialty Care,25,450,20,4.6,0.73,True,True,Out-of-network,228,False,Hospital_22,1.09,East,0,0.0028457039
P03923,Provider_3923,City_123,WA,47.8511,-120.6401,Dermatology,Cardiology,Specialty Care,27,200,42,1.9,0.58,False,True,In-network,159,True,Hospital_23,2.06,West,1,0.99956197
P03924,Provider_3924,City_124,FL,28.1444,-81.6103,Dermatology,Dermatology,Specialty Care,23,200,25,4.28,0.98,True,True,Out-of-network,232,True,Hospital_24,2.07,West,1,0.9995641
P03925,Provider_3925,City_125,FL,28.1944,-81.5603,Gastroenterology,General Practice,Specialty Care,23,420,49,2.95,0.76,True,True,In-network,490,True,Hospital_25,4.7,South,1,0.9998802
P03926,Provider_3926,City_126,CA,37.0283,-119.1679,Psychiatry,Neurology,Specialty Care,16,250,14,3.31,0.19,True,True,In-network,340,True,Hospital_26,1.99,South,1,0.9994167
P03927,Provider_3927,City_127,PA,41.5033,-76.8945,Cardiology,Orthopedics,Specialty Care,8,500,28,3.8,0.24,False,False,In-network,410,False,Hospital_27,1.89,East,0,0.0021275654
P03928,Provider_3928,City_128,TX,32.3186,-99.5518,Orthopedics,General Practice,Surgical,4,400,38,3.26,0.36,False,False,Out-of-network,388,True,Hospital_28,2.39,East,1,0.9994167
P03929,Provider_3929,City_129,MA,42.8072,-70.9824,ENT,Endocrinology,Specialty Care,26,220,23,2.95,0.94,True,False,Out-of-network,302,False,Hospital_29,3.33,North,1,0.9998802
P03930,Provider_3930,City_130,PA,41.6533,-76.7445,Gastroenterology,General Practice,Specialty Care,22,420,26,2.08,0.51,False,False,In-network,191,False,Hospital_30,1.31,East,1,0.99956197
P03931,Provider_3931,City_131,IL,40.6331,-89.3985,ENT,Cardiology,Specialty Care,27,220,34,4.12,0.98,False,False,Out-of-network,326,True,Hospital_31,1.08,West,1,0.99953103
P03932,Provider_3932,City_132,OH,40.4673,-82.8571,ENT,Psychiatry,Specialty Care,9,220,59,1.19,0.18,False,True,In-network,325,True,Hospital_32,2.32,North,1,0.9994137
P03933,Provider_3933,City_133,NV,38.9026,-116.3194,Endocrinology,Dermatology,Specialty Care,17,400,51,3.35,0.89,True,False,In-network,384,False,Hospital_33,2.56,North,1,0.99968076
P03934,Provider_3934,City_134,MI,44.4648,-85.4524,Ophthalmology,Endocrinology,Specialty Care,30,180,36,4.01,0.65,True,True,Out-of-network,483,False,Hospital_34,4.34,West,1,0.9998808
P03935,Provider_3935,City_135,IL,40.8331,-89.1985,Urology,Dermatology,Specialty Care,8,380,27,2.05,0.46,False,False,In-network,188,False,Hospital_35,4.08,North,1,0.9998615
P03936,Provider_3936,City_136,IL,40.8831,-89.1485,Cardiology,Dermatology,Specialty Care,26,500,10,1.55,0.68,False,False,Out-of-network,358,True,Hospital_36,1.09,East,0,0.0026315362
P03937,Provider_3937,City_137,TX,32.2686,-99.6018,Neurology,Endocrinology,Specialty Care,31,450,9,2.5,0.46,False,True,Out-of-network,263,True,Hospital_37,3.49,West,1,0.99892586
P03938,Provider_3938,City_138,IL,40.9831,-89.0485,General Practice,Pediatrics,Primary Care,8,100,46,3.51,0.85,True,True,Out-of-network,369,False,Hospital_38,1.76,North,1,0.99953103
P03939,Provider_3939,City_139,AZ,34.4489,-110.6937,Gastroenterology,Psychiatry,Specialty Care,22,420,48,2.98,0.9,False,True,In-network,489,False,Hospital_39,1.92,West,1,0.99952865
P03940,Provider_3940,City_140,CA,37.2283,-118.9679,Urology,Neurology,Specialty Care,14,380,37,2.17,0.43,False,False,Out-of-network,483,False,Hospital_40,2.05,North,1,0.9994137
P03941,Provider_3941,City_141,NY,43.2994,-74.2179,Orthopedics,Orthopedics,Surgical,26,400,15,1.98,0.89,True,True,In-network,64,True,Hospital_41,3.6,South,1,0.99988866
P03942,Provider_3942,City_142,AZ,34.0989,-111.0437,Ophthalmology,ENT,Specialty Care,18,180,55,1.21,0.75,False,False,In-network,76,False,Hospital_42,2.58,East,1,0.9997018
P03943,Provider_3943,City_143,AZ,34.1489,-110.9937,Neurology,Dermatology,Specialty Care,8,450,8,2.79,0.21,False,True,Out-of-network,103,False,Hospital_43,1.88,North,0,0.002277519
P03944,Provider_3944,City_144,NY,43.4494,-74.0679,Endocrinology,Cardiology,Specialty Care,37,400,34,2.84,0.98,True,True,In-network,259,False,Hospital_44,4.14,West,1,0.99988866
P03945,Provider_3945,City_145,MI,44.5148,-85.4024,Dermatology,Psychiatry,Specialty Care,9,200,24,3.81,0.07,True,True,Out-of-network,175,True,Hospital_45,1.08,North,1,0.999458
P03946,Provider_3946,City_146,WA,48.0011,-120.4901,ENT,Urology,Specialty Care,27,220,8,2.46,0.1,False,True,In-network,93,True,Hospital_46,2.99,East,1,0.9998615
P03947,Provider_3947,City_147,WA,48.0511,-120.4401,Urology,Pediatrics,Specialty Care,24,380,15,3.22,0.16,False,False,In-network,195,False,Hospital_47,1.81,North,1,0.999458
P03948,Provider_3948,City_148,CA,37.1283,-119.0679,Urology,Psychiatry,Specialty Care,22,380,28,2.96,0.86,True,True,In-network,358,True,Hospital_48,4.71,South,1,0.9998802
P03949,Provider_3949,City_149,GA,32.5656,-82.5001,ENT,Orthopedics,Specialty Care,26,220,59,2.13,0.92,True,False,In-network,231,True,Hospital_49,4.06,North,1,0.99988866
P03950,Provider_3950,City_150,TX,32.4186,-99.4518,Orthopedics,Urology,Surgical,22,400,48,4.42,0.09,False,False,In-network,59,False,Hospital_50,1.46,East,1,0.999458
P03951,Provider_3951,City_151,MI,44.3148,-85.6024,Orthopedics,Neurology,Surgical,25,400,51,1.29,0.57,False,False,Out-of-network,374,True,Hospital_51,4.32,East,1,0.9998802
P03952,Provider_3952,City_152,AZ,34.0989,-111.0437,Orthopedics,Ophthalmology,Surgical,31,400,39,1.2,0.24,False,True,In-network,453,False,Hospital_52,1.88,North,1,0.9994137
P03953,Provider_3953,City_153,PA,41.3033,-77.0945,Ophthalmology,Ophthalmology,Specialty Care,9,180,8,3.99,0.07,False,False,In-network,208,False,Hospital_53,4.42,North,1,0.9998622
P03954,Provider_3954,City_154,OH,40.5673,-82.7571,Neurology,Cardiology,Specialty Care,22,450,22,3.5,0.06,False,True,Out-of-network,284,True,Hospital_54,1.78,South,0,0.0021275654
P03955,Provider_3955,City_155,FL,28.1944,-81.5603,ENT,Neurology,Specialty Care,24,220,5,3.97,0.38,False,False,Out-of-network,83,False,Hospital_55,4.45,East,1,0.9998622
P03956,Provider_3956,City_156,GA,32.4156,-82.6501,General Practice,General Practice,Primary Care,18,100,59,4.62,0.25,False,False,In-network,448,True,Hospital_56,4.6,South,1,0.9998517
P03957,Provider_3957,City_157,CO,39.8501,-105.4821,Urology,Orthopedics,Specialty Care,11,380,26,2.0,0.66,False,True,Out-of-network,78,True,Hospital_57,1.52,North,1,0.99956197
P03958,Provider_3958,City_158,MI,44.6648,-85.2524,Neurology,Pediatrics,Specialty Care,17,450,46,1.0,1.0,False,False,Out-of-network,428,True,Hospital_58,4.06,East,1,0.9990707
P03959,Provider_3959,City_159,CA,37.1783,-119.0179,Ophthalmology,Orthopedics,Specialty Care,31,180,47,1.26,0.92,False,True,Out-of-network,385,False,Hospital_59,3.53,South,1,0.9998802
P03960,Provider_3960,City_160,IL,41.0831,-88.9485,Gastroenterology,Neurology,Specialty Care,34,420,37,3.83,0.47,True,True,In-network,300,True,Hospital_60,2.48,East,1,0.9994167
P03961,Provider_3961,City_161,WA,47.7511,-120.7401,Dermatology,Gastroenterology,Specialty Care,35,200,40,3.53,0.71,True,False,In-network,186,True,Hospital_61,3.01,South,1,0.99988925
P03962,Provider_3962,City_162,TX,32.0186,-99.8518,Orthopedics,Endocrinology,Surgical,16,400,30,2.89,0.65,True,True,Out-of-network,248,False,Hospital_62,3.65,North,1,0.99988866
P03963,Provider_3963,City_163,IL,40.7331,-89.2985,Urology,Cardiology,Specialty Care,25,380,52,2.24,0.06,True,True,In-network,386,False,Hospital_63,3.91,North,1,0.999851
P03964,Provider_3964,City_164,MA,42.5572,-71.2324,Gastroenterology,Endocrinology,Specialty Care,13,420,18,1.2,0.56,False,False,In-network,500,True,Hospital_64,2.32,East,1,0.99952865
P03965,Provider_3965,City_165,GA,32.3656,-82.7001,Neurology,Endocrinology,Specialty Care,4,450,18,2.83,0.84,True,False,In-network,314,False,Hospital_65,3.17,West,1,0.9990707
P03966,Provider_3966,City_166,AZ,34.2989,-110.8437,Gastroenterology,Ophthalmology,Specialty Care,15,420,30,3.03,0.16,False,True,Out-of-network,375,True,Hospital_66,4.22,East,1,0.9998549
P03967,Provider_3967,City_167,NC,36.0596,-78.7193,Pediatrics,Endocrinology,Primary Care,29,150,26,4.63,0.27,False,True,In-network,262,False,Hospital_67,1.03,North,1,0.999458
P03968,Provider_3968,City_168,MA,42.7572,-71.0324,Orthopedics,Ophthalmology,Surgical,4,400,17,1.58,0.07,True,True,In-network,129,False,Hospital_68,4.55,North,1,0.9998615
P03969,Provider_3969,City_169,NY,43.6994,-73.8179,Ophthalmology,Psychiatry,Specialty Care,9,180,40,1.75,0.55,True,True,In-network,290,True,Hospital_69,4.13,East,1,0.9998802
P03970,Provider_3970,City_170,NY,43.7494,-73.7679,Endocrinology,Cardiology,Specialty Care,26,400,58,2.92,0.43,True,True,Out-of-network,195,False,Hospital_70,1.04,East,1,0.99945515
P03971,Provider_3971,City_171,GA,32.1656,-82.9001,Dermatology,Gastroenterology,Specialty Care,27,200,60,3.0,0.42,False,True,Out-of-network,144,False,Hospital_71,4.09,East,1,0.9998652
P03972,Provider_3972,City_172,IL,40.6831,-89.3485,Neurology,Pediatrics,Specialty Care,29,450,12,1.62,0.85,False,True,Out-of-network,423,True,Hospital_72,4.0,West,1,0.9990707
P03973,Provider_3973,City_173,TX,32.0686,-99.8018,Dermatology,Psychiatry,Specialty Care,40,200,59,3.63,0.99,False,False,In-network,332,True,Hospital_73,1.0,South,1,0.99953103
P03974,Provider_3974,City_174,MA,42.5572,-71.2324,Ophthalmology,Endocrinology,Specialty Care,11,180,21,1.86,0.89,False,False,In-network,363,False,Hospital_74,2.86,South,1,0.99978167
P03975,Provider_3975,City_175,NY,43.4994,-74.0179,Orthopedics,Endocrinology,Surgical,31,400,53,4.81,0.38,False,False,Out-of-network,252,False,Hospital_75,2.08,North,1,0.999458
P03976,Provider_3976,City_176,FL,28.2444,-81.5103,Neurology,Dermatology,Specialty Care,28,450,24,4.43,0.99,False,True,In-network,358,True,Hospital_76,2.36,South,0,0.002644954
P03977,Provider_3977,City_177,AZ,34.3489,-110.7937,Neurology,Ophthalmology,Specialty Care,10,450,29,1.66,0.92,False,False,Out-of-network,155,True,Hospital_77,4.99,West,1,0.9991364
P03978,Provider_3978,City_178,AZ,34.3989,-110.7437,Orthopedics,Pediatrics,Surgical,11,400,44,2.6,0.99,True,True,Out-of-network,462,False,Hospital_78,4.15,South,1,0.9998802
P03979,Provider_3979,City_179,OH,40.8173,-82.5071,Neurology,Pediatrics,Specialty Care,17,450,9,1.4,0.47,False,True,In-network,209,False,Hospital_79,1.38,North,0,0.002277519
P03980,Provider_3980,City_180,NC,36.2096,-78.5693,Ophthalmology,General Practice,Specialty Care,19,180,50,3.07,0.63,True,True,Out-of-network,72,True,Hospital_80,4.24,West,1,0.99988925
P03981,Provider_3981,City_181,MI,44.3148,-85.6024,Urology,Urology,Specialty Care,18,380,47,4.19,0.68,True,True,In-network,492,True,Hospital_81,3.58,East,1,0.9998808
P03982,Provider_3982,City_182,NY,43.3494,-74.1679,Ophthalmology,Orthopedics,Specialty Care,37,180,58,1.43,0.79,True,False,In-network,430,True,Hospital_82,4.85,East,1,0.9998802
P03983,Provider_3983,City_183,IL,40.7331,-89.2985,Gastroenterology,Cardiology,Specialty Care,23,420,46,4.36,0.86,True,True,Out-of-network,472,False,Hospital_83,4.09,West,1,0.9998808
P03984,Provider_3984,City_184,AZ,34.1989,-110.9437,ENT,ENT,Specialty Care,26,220,51,3.95,0.38,False,True,Out-of-network,387,True,Hospital_84,4.95,South,1,0.9998517
P03985,Provider_3985,City_185,MI,44.5148,-85.4024,Psychiatry,General Practice,Specialty Care,35,250,14,2.66,0.13,True,False,Out-of-network,96,True,Hospital_85,4.21,East,1,0.9998615
P03986,Provider_3986,City_186,NV,39.0526,-116.1694,Dermatology,Gastroenterology,Specialty Care,36,200,35,4.27,0.63,False,False,In-network,469,False,Hospital_86,1.4,West,1,0.99953103
P03987,Provider_3987,City_187,FL,28.2944,-81.4603,Dermatology,Orthopedics,Specialty Care,5,200,50,1.67,0.85,False,False,Out-of-network,98,True,Hospital_87,1.99,South,1,0.99956197
P03988,Provider_3988,City_188,NV,39.1526,-116.0694,ENT,Neurology,Specialty Care,4,220,37,2.66,0.05,False,True,In-network,314,True,Hospital_88,4.01,North,1,0.999851
P03989,Provider_3989,City_189,WA,48.1511,-120.3401,General Practice,Psychiatry,Primary Care,36,100,24,3.78,0.35,False,True,In-network,143,True,Hospital_89,1.39,North,1,0.999458
P03990,Provider_3990,City_190,TX,32.4186,-99.4518,Cardiology,Urology,Specialty Care,25,500,42,3.34,0.12,False,True,In-network,111,True,Hospital_90,1.58,South,0,0.002289136
P03991,Provider_3991,City_191,AZ,34.0489,-111.0937,Psychiatry,Urology,Specialty Care,29,250,60,1.78,0.92,False,True,Out-of-network,321,False,Hospital_91,1.76,West,1,0.99952865
P03992,Provider_3992,City_192,MA,42.4572,-71.3324,Neurology,Ophthalmology,Specialty Care,24,450,13,3.27,0.78,True,True,Out-of-network,292,True,Hospital_92,2.94,West,0,0.015378123
P03993,Provider_3993,City_193,TX,32.0686,-99.8018,Pediatrics,Ophthalmology,Primary Care,40,150,51,1.33,0.02,False,False,In-network,372,True,Hospital_93,2.36,West,1,0.9994137
P03994,Provider_3994,City_194,NC,35.9096,-78.8693,Psychiatry,Psychiatry,Specialty Care,27,250,50,1.45,0.65,False,True,In-network,334,False,Hospital_94,3.38,East,1,0.9998802
P03995,Provider_3995,City_195,NY,43.4994,-74.0179,Gastroenterology,Dermatology,Specialty Care,38,420,55,1.97,0.51,True,True,In-network,236,False,Hospital_95,3.2,East,1,0.99988866
P03996,Provider_3996,City_196,GA,32.4156,-82.6501,Endocrinology,Urology,Specialty Care,3,400,41,3.61,0.77,True,True,Out-of-network,253,False,Hospital_96,3.66,West,1,0.99988925
P03997,Provider_3997,City_197,NY,43.5994,-73.9179,ENT,Pediatrics,Specialty Care,17,220,21,1.09,0.54,False,False,Out-of-network,149,False,Hospital_97,3.25,North,1,0.99988866
P03998,Provider_3998,City_198,NC,36.1096,-78.6693,Pediatrics,ENT,Primary Care,26,150,5,2.86,0.91,True,True,In-network,185,False,Hospital_98,3.73,South,1,0.99988866
P03999,Provider_3999,City_199,MI,44.7148,-85.2024,Pediatrics,General Practice,Primary Care,36,150,49,1.26,0.14,True,False,In-network,301,True,Hospital_99,1.59,South,1,0.9994137
P04000,Provider_4000,City_200,FL,28.4444,-81.3103,Urology,Pediatrics,Specialty Care,15,380,6,4.78,0.12,False,True,Out-of-network,66,False,Hospital_100,1.02,West,1,0.999458
